qseqid,sseqid,pident,length,mismatch,gapopen,qstart,qend,sstart,send e,value,bitscore
A0A087X1C5,P10635,90.7,515,30,1,1,515,1,497,0,930
A0A087X1C5,P51589,39.5,501,275,8,16,515,28,501,1.19E-114,345
A0A087X1C5,P10632,39.2,503,276,7,16,514,13,489,1.45E-109,332
A0A087X1C5,P11712,37.6,516,289,9,4,514,2,489,3.49E-104,318
A0A087X1C5,P33261,37.8,492,281,6,25,514,21,489,4.93E-104,318
A0A087X1C5,P11509,34.2,514,301,9,10,515,10,494,1.50E-93,291
A0A087X1C5,P04798,29.4,472,291,12,34,489,40,485,8.61E-64,213
A0A087X1C5,P05177,29.2,500,314,12,4,489,13,486,2.85E-58,199
A0A087X1C5,P08686,28.3,501,306,16,29,515,22,483,1.65E-46,166
A0A087X1C5,P05093,25.5,479,314,12,31,494,25,475,6.40E-43,157
A0A0B4J2F2,P57059,99.9,783,1,0,1,783,1,783,0,1531
A0A0B4J2F2,Q9H0K1,52.3,637,239,13,18,612,11,624,9.39E-188,557
A0A0B4J2F2,Q9Y2K2,57.3,344,136,3,11,349,53,390,1.21E-126,407
A0A0B4J2F2,Q9P0L2,50.9,348,163,2,24,370,57,397,2.56E-112,357
A0A0B4J2F2,Q7KZI7,50.7,353,160,4,24,375,50,389,1.16E-111,355
A0A0B4J2F2,Q96L34,54.2,325,141,2,24,347,56,373,1.33E-111,354
A0A0B4J2F2,P27448,53.3,321,138,2,24,341,53,364,2.94E-109,348
A0A0B4J2F2,Q8IWQ3,44.4,340,185,2,13,348,5,344,7.11E-86,285
A0A0B4J2F2,Q13131,44.1,322,174,4,22,342,22,338,3.27E-85,278
A0A0B4J2F2,Q8TDC3,44.3,332,177,3,24,348,31,361,8.53E-85,283
A0A0B4J2F2,P54646,43.8,324,175,5,22,343,11,329,3.91E-84,275
A0A0B4J2F2,Q9NRH2,39.4,388,222,7,25,401,14,399,8.78E-82,275
A0A0B4J2F2,Q8IY84,40.4,327,191,3,23,346,70,395,1.56E-76,251
A0A0B4J2F2,O60285,48.2,253,129,2,27,278,55,306,6.26E-72,245
A0A0B4J2F2,Q9H093,47.8,253,129,3,27,278,53,303,2.89E-69,237
A0A0B4J2F2,Q14680,40,320,181,5,26,342,10,321,6.95E-65,226
A0A0B4J2F2,Q9BXA7,43.9,262,138,5,27,279,12,273,1.54E-59,203
A0A0B4J2F2,Q96PF2,41.6,267,147,5,22,279,7,273,1.07E-56,195
A0A0B4J2F2,Q96PN8,38.9,257,151,6,27,278,10,265,1.88E-53,183
A0A0B4J2F2,P57058,35.7,339,206,7,19,348,53,388,4.87E-53,193
A0A0B4J2F2,Q9BXA6,39,259,152,6,27,280,12,269,9.56E-51,176
A0A0B4J2F2,Q9BYT3,37.1,267,152,5,27,278,116,381,1.47E-46,171
A0A0B4J2F2,O15075,37.8,262,149,7,27,278,390,647,3.05E-46,174
A0A0B4J2F2,Q16566,37.4,262,149,8,26,278,45,300,4.45E-46,169
A0A0B4J2F2,O43293,36.8,272,147,7,27,280,13,277,6.81E-45,165
A0PJK1,P31639,57.7,527,215,1,19,537,24,550,1.31E-214,610
A0PJK1,P13866,54.8,535,237,2,19,548,27,561,1.50E-211,602
A0PJK1,Q8WWX8,53.6,539,250,0,12,550,20,558,1.00E-209,598
A0PJK1,Q9NY91,50.5,535,260,1,19,548,27,561,3.79E-195,560
A1A4S6,P52757,38.2,178,107,3,398,574,293,468,1.40E-32,129
A1A5B4,Q5XXA6,35.5,677,357,11,131,739,263,927,2.75E-124,394
A1A5B4,Q9NQ90,37,683,351,17,119,739,278,943,1.57E-122,389
A1A5C7,O15245,23.9,426,298,6,214,638,133,533,7.81E-22,97.1
A1KZ92,P07202,38.9,704,403,12,612,1297,40,734,1.59E-147,471
A1KZ92,P11678,38.7,702,394,14,610,1295,31,712,2.84E-141,447
A1KZ92,P05164,37.4,704,403,12,610,1297,62,743,1.82E-136,436
A1KZ92,P22079,38.6,647,361,18,660,1295,86,707,2.87E-122,396
A1KZ92,P17948,20.8,418,259,12,241,597,342,748,1.41E-11,66.6
A1KZ92,P30530,28,175,115,7,428,600,59,224,6.39E-07,51.2
A1L390,P15498,28.6,304,194,9,98,385,199,495,8.48E-25,108
A1L4H1,P58215,30.2,407,211,10,197,570,43,409,2.50E-43,167
A1L4H1,Q96JB6,29.3,427,265,8,447,871,19,410,1.09E-35,144
A1L4H1,Q9Y4K0,29.1,447,240,13,449,871,31,424,1.29E-32,134
A1L4H1,P21757,43.3,104,59,0,300,403,346,449,2.50E-24,105
A1X283,P16333,29.3,140,81,4,162,283,116,255,1.95E-10,60.8
A2PYH4,O75643,31.7,818,500,27,261,1054,461,1243,2.09E-90,322
A2RTX5,P26639,74.4,681,172,1,122,802,45,723,0,1080
A2RUC4,P0C870,23,261,149,9,25,250,48,291,1.27E-11,61.6
A4D1T9,P35030,36.3,212,132,2,23,231,88,299,1.98E-40,138
A4D1T9,P07478,35.4,212,134,1,23,231,31,242,5.93E-39,132
A4D1T9,Q92876,31.7,218,142,4,22,235,30,244,1.61E-29,108
A4D1T9,Q9P0G3,30,200,136,1,40,235,68,267,8.22E-26,99
A4D1T9,P14210,25,216,135,8,30,228,511,716,2.49E-07,48.1
A4D256,Q9UNH5,62.2,397,141,4,24,413,17,411,8.52E-187,530
A4D256,Q9BVJ7,29.9,154,87,6,185,333,7,144,1.84E-13,65.1
A5A3E0,P61160,46.2,381,190,4,707,1072,8,388,9.34E-112,350
A5A3E0,P61158,33.8,400,225,7,709,1069,9,407,4.61E-63,218
A5LHX3,P28062,48.7,269,111,3,1,244,1,267,2.25E-81,244
A5LHX3,P28074,52.3,222,97,1,24,245,43,255,5.50E-79,238
A5X5Y0,P46098,39,433,231,10,51,455,46,473,3.71E-89,277
A5X5Y0,O95264,38.6,285,172,2,52,334,45,328,9.67E-60,199
A5X5Y0,P43681,28.7,321,214,7,40,352,36,349,4.54E-42,155
A5X5Y0,P32297,30.4,313,189,8,55,353,51,348,9.84E-42,152
A5X5Y0,Q04844,22.4,348,249,6,15,351,10,347,1.17E-24,103
A6ND01,P15328,61.3,212,75,1,18,229,28,232,1.09E-106,306
A6ND01,P14207,57.2,229,88,2,4,229,5,226,9.06E-103,296
A6NGU5,P19440,96.3,569,20,1,1,568,1,569,0,1056
A6NHL2,Q13509,40,440,247,2,1,440,1,423,2.01E-115,343
A6NHL2,P07437,38.9,440,252,2,1,440,1,423,1.88E-114,340
A6NHL2,Q9H4B7,40,440,247,3,1,440,1,423,8.56E-109,326
A6NI73,Q9HCN6,35.4,319,152,4,19,299,1,303,3.56E-50,166
A6NMZ7,P56199,31.6,158,98,5,797,951,162,312,1.35E-13,73.9
A6NMZ7,P17301,31.5,146,94,4,807,950,172,313,2.31E-13,73.2
A6NMZ7,P20701,29.7,172,100,6,993,1161,149,302,3.02E-13,72.8
A6NNY8,O75604,29.9,401,216,10,46,418,233,596,2.70E-48,171
A6NNY8,P40818,29.8,373,189,8,77,418,776,1106,6.37E-43,159
A6NNY8,Q9UK80,27.4,380,199,9,79,418,213,555,1.65E-33,129
A6NNY8,Q9Y2K6,37.1,116,69,3,76,189,143,256,1.55E-10,60.5
A6NNZ2,P07437,88,435,52,0,1,435,1,435,1.09E-292,793
A6NNZ2,Q13509,85.9,433,61,0,1,433,1,433,5.13E-281,763
A6NNZ2,Q9H4B7,76,441,106,0,1,441,1,441,1.75E-249,684
A7E2Y1,Q9UKX2,65.3,876,298,5,45,919,6,876,0,1161
A7E2Y1,P35580,49.4,894,425,13,71,952,30,908,2.48E-258,810
A7E2Y1,P35579,49.2,887,417,12,71,943,26,892,1.37E-252,794
A7E2Y1,Q7Z406,48.2,892,440,11,69,952,48,925,2.24E-244,773
A7E2Y1,Q9UKN7,36,733,435,12,126,853,1222,1925,1.67E-122,429
A7E2Y1,Q8WXR4,34.3,775,442,15,124,858,341,1088,5.77E-113,390
A7E2Y1,Q8NEV4,33.2,768,442,16,128,853,340,1078,2.62E-103,364
A7KAX9,P52757,34.5,203,125,4,367,567,272,468,3.72E-29,120
A7KAX9,P11274,33.5,170,111,2,369,537,1051,1219,2.26E-21,99.4
A8K2U0,P01023,39.9,1476,839,15,5,1453,13,1467,0,1036
A8K2U0,P01024,25,1566,942,66,21,1449,24,1493,4.25E-79,286
A8K2U0,P01031,22.3,1587,977,68,22,1450,22,1510,2.57E-61,229
A8MPY1,P24046,66.3,415,138,1,52,466,66,478,4.39E-189,533
A8MPY1,P28472,40.4,428,220,8,71,467,49,472,3.48E-95,293
A8MPY1,O75311,34.4,401,251,5,71,466,58,451,5.24E-77,245
A8MPY1,P23416,34.6,402,238,7,71,466,59,441,3.20E-75,240
A8MPY1,P23415,35.3,399,250,5,71,466,53,446,2.81E-74,238
A8MPY1,Q16445,36.3,416,234,10,67,466,40,440,2.41E-65,214
A8MPY1,P31644,33.8,408,246,9,67,466,57,448,2.39E-63,209
A8MPY1,P47869,33.2,413,241,7,67,466,50,440,2.86E-61,204
A8MPY1,P48169,38.5,304,183,4,67,368,56,357,2.62E-60,204
A8MPY1,P34903,33.8,411,256,8,67,467,75,479,3.86E-60,202
A8MPY1,P14867,32.9,413,244,7,67,466,50,442,1.80E-59,199
A8MTJ3,P04899,68.7,355,110,1,1,354,1,355,3.89E-183,508
A8MTJ3,P29992,49.3,357,172,4,1,353,7,358,4.54E-110,323
A8MTJ3,Q5JWF2,40.9,372,185,6,16,353,666,1036,5.69E-77,253
A8MTJ6,O43524,42.5,80,39,2,149,223,161,238,3.47E-14,71.6
A8MU46,P46939,34.3,108,64,3,381,485,153,256,3.27E-13,69.7
A8MYU2,Q12791,42.7,1114,514,17,26,1039,89,1178,4.55E-281,821
A8TX70,P56199,30.3,155,100,5,801,953,161,309,1.38E-12,70.9
A8TX70,P17301,29.9,154,103,4,811,962,171,321,9.13E-12,68.2
A9YTQ3,P35869,46.8,395,177,8,12,382,9,394,2.72E-89,295
A9YTQ3,Q16665,27.5,149,83,4,32,175,20,148,2.36E-09,57.8
A9YTQ3,Q99814,29,145,88,3,32,175,17,147,5.48E-09,56.6
B0I1T2,Q9UKN7,38.4,745,410,18,4,734,1217,1926,3.98E-126,422
B0I1T2,P35580,36.1,751,421,19,7,727,82,803,6.30E-120,402
B0I1T2,P35579,35.8,749,423,19,7,727,78,796,1.07E-117,396
B0I1T2,Q7Z406,35.6,748,426,18,7,727,102,820,3.34E-116,392
B0I1T2,Q9UKX2,34.6,745,440,16,7,727,83,804,6.75E-109,370
B0I1T2,Q8WXR4,33.7,766,436,17,13,734,347,1084,6.96E-106,357
B0I1T2,Q8NEV4,33.5,722,409,17,16,694,348,1041,1.95E-103,353
B2RTY4,Q9UKN7,33.2,943,427,14,111,1048,1187,1931,1.24E-131,462
B2RTY4,Q8NEV4,32.4,937,463,16,146,1073,338,1113,3.23E-127,439
B2RTY4,Q8WXR4,41.1,565,308,6,149,707,346,891,1.33E-118,408
B2RTY4,P35579,36.7,596,334,11,143,720,78,648,2.52E-98,352
B2RTY4,P35580,37.2,575,316,11,143,697,82,631,7.03E-97,347
B2RTY4,Q9UKX2,36.9,559,309,14,143,683,83,615,1.29E-90,327
B2RTY4,Q7Z406,36.3,576,321,13,143,698,102,651,1.42E-90,327
B2RTY4,P52757,30.2,252,164,6,2000,2244,215,461,1.87E-30,125
B2RTY4,P27986,32.8,177,107,4,2054,2219,99,274,2.54E-17,85.9
B6A8C7,Q9HCN6,32.2,314,139,8,1,259,1,295,1.10E-35,127
B7U540,P63252,70.5,430,118,5,6,433,5,427,1.72E-217,601
B7U540,P48050,72.3,357,81,4,33,371,7,363,6.25E-184,517
B7U540,Q14654,51.7,331,156,4,40,369,29,356,6.38E-112,332
B7U540,P48048,49.2,327,156,6,37,358,35,356,6.17E-107,319
B7U540,P78508,45.1,315,166,4,43,353,27,338,3.20E-89,273
B7U540,O60928,37,322,186,8,45,358,19,331,1.11E-53,180
C9JRZ8,O60218,91.5,316,27,0,1,316,1,316,1.08E-216,590
C9JRZ8,P15121,67.4,316,103,0,1,316,1,316,2.40E-160,447
C9JRZ8,P14550,49.8,297,146,2,2,297,3,297,6.50E-102,299
C9JRZ8,P52895,46.8,316,164,2,5,316,8,323,3.69E-98,290
C9JRZ8,Q04828,46.5,316,165,2,5,316,8,323,2.10E-97,288
C9JRZ8,P17516,46.2,316,166,2,5,316,8,323,9.69E-96,283
C9JRZ8,P42330,45.6,316,168,2,5,316,8,323,5.52E-95,281
F5H094,Q9NPD5,80.8,684,131,0,1,684,1,684,0,1109
F5H094,Q9Y6L6,73.5,684,180,1,1,684,1,683,0,1011
F5H094,O94956,32.3,635,375,18,25,629,46,655,1.12E-91,297
G2XKQ0,P63165,88.1,101,12,0,1,101,1,101,8.12E-59,173
O00139,Q99661,53.6,735,271,9,12,702,14,722,1.06E-240,683
O00139,O15066,36.2,354,203,11,226,567,12,354,1.04E-44,168
O00139,P52732,34.8,353,203,8,224,557,19,363,1.66E-43,166
O00139,Q15058,35.3,357,196,12,219,551,354,699,2.36E-43,166
O00139,Q7Z4S6,32.7,379,197,9,220,553,6,371,2.37E-42,163
O00139,Q9Y496,35.3,340,197,10,226,553,17,345,9.27E-42,159
O00139,O60333,34.5,359,192,11,226,553,8,354,1.37E-40,157
O00155,P25025,33.3,291,182,7,30,315,39,322,5.34E-35,129
O00155,P25024,34.8,282,171,8,39,315,40,313,4.38E-33,123
O00155,Q96RI0,33.4,287,172,7,42,321,80,354,3.48E-29,113
O00155,P61073,27,282,202,2,37,318,36,313,7.32E-28,109
O00155,O60755,31.6,301,170,6,38,317,16,301,1.49E-25,103
O00155,Q9NPC1,36.9,282,164,7,44,318,25,299,1.64E-24,100
O00155,Q9Y5Y4,32.5,283,151,10,49,309,42,306,1.92E-22,94.7
O00155,P49683,31.2,292,172,9,42,315,63,343,1.35E-16,77.4
O00155,O14843,27.9,287,179,10,41,316,16,285,2.28E-15,73.6
O00159,Q9UKN7,36,737,422,15,47,762,1223,1930,6.10E-135,449
O00159,P35580,36.3,732,420,11,59,760,97,812,2.34E-129,431
O00159,Q7Z406,38.1,725,402,15,59,754,117,823,1.20E-128,429
O00159,P35579,36,725,421,13,59,756,93,801,1.04E-126,423
O00159,Q9UKX2,35.6,750,433,15,48,764,88,820,1.29E-126,423
O00159,Q8NEV4,34,774,430,19,48,764,340,1089,8.72E-119,398
O00159,Q8WXR4,33.9,720,407,13,50,719,347,1047,3.16E-117,390
O00160,Q9UKN7,38.7,724,404,14,16,717,1221,1926,2.31E-135,451
O00160,P35579,36.5,727,420,12,15,709,79,795,3.07E-126,423
O00160,P35580,35.7,742,432,13,15,721,83,814,2.42E-124,417
O00160,Q7Z406,35.8,740,431,14,15,721,103,831,3.93E-121,408
O00160,Q9UKX2,35.8,741,423,13,15,716,84,810,1.06E-118,401
O00160,Q8NEV4,32.5,784,438,17,4,718,319,1080,1.66E-106,363
O00160,Q8WXR4,33.5,764,419,17,20,718,346,1085,8.82E-106,358
O00180,P57789,36,239,143,6,33,265,82,316,3.15E-38,140
O00180,O95069,33.9,239,149,6,32,265,71,305,3.51E-36,132
O00180,O95279,31.4,258,153,7,33,278,15,260,7.00E-32,122
O00180,Q96T54,30.1,246,157,5,26,265,25,261,2.44E-28,109
O00180,O14649,36.8,201,114,5,33,232,18,206,1.14E-27,108
O00180,Q9NPC2,34.5,229,132,7,33,257,18,232,3.16E-27,107
O00194,P51159,71.5,221,60,1,1,218,1,221,1.07E-113,321
O00194,P61026,41.8,201,106,3,1,201,1,190,1.47E-50,160
O00194,P20340,34.5,174,100,3,2,172,3,165,2.38E-29,106
O00194,Q5HYI8,28.2,110,66,4,10,113,7,109,1.70E-08,50.4
O00204,P49888,38.6,249,148,1,59,302,36,284,3.94E-67,211
O00212,P61586,54,176,81,0,19,194,7,182,3.54E-68,204
O00212,P63000,52.5,177,84,0,15,191,1,177,1.97E-67,202
O00212,P60953,46.3,177,95,0,15,191,1,177,1.66E-58,180
O00212,P62826,34.6,133,81,3,19,146,12,143,1.40E-21,85.9
O00221,P25963,41.1,248,134,5,255,494,70,313,3.34E-23,97.4
O00254,P55085,37.3,322,170,7,61,368,52,355,1.01E-60,198
O00254,Q96RI0,37.2,285,178,1,78,362,61,344,1.16E-54,182
O00254,P32249,32.6,298,172,9,87,363,24,313,7.17E-36,131
O00254,P47900,33.6,283,167,8,97,364,54,330,6.27E-34,126
O00254,P43657,31.2,308,180,10,82,368,5,301,9.26E-31,117
O00254,Q15743,28.8,288,184,6,96,372,23,300,1.18E-28,112
O00254,P25024,31.6,294,173,10,89,367,34,314,6.42E-28,109
O00254,P25025,32,284,163,10,100,367,54,323,6.94E-27,107
O00254,P30556,34.5,200,127,3,96,293,30,227,9.40E-27,106
O00254,P35414,28.1,285,184,6,93,358,27,309,3.21E-26,105
O00254,P51684,30,287,176,9,97,367,49,326,7.67E-26,104
O00254,Q15391,28,286,183,6,92,361,20,298,4.84E-23,95.9
O00254,P49019,27.8,284,176,8,95,362,28,298,5.36E-22,93.6
O00254,P25106,27.3,278,181,6,100,363,50,320,7.74E-22,92.8
O00254,O14843,27.1,273,179,7,99,362,19,280,1.20E-21,92
O00254,P31391,29.4,279,171,9,97,362,50,315,2.50E-21,91.7
O00254,P51686,29.6,277,170,10,97,358,51,317,5.27E-21,90.5
O00254,P49682,32.9,231,142,8,97,323,56,277,9.63E-21,89.7
O00254,P32745,26.7,311,198,8,73,362,16,317,2.62E-20,89
O00254,Q8TDS4,26.8,284,179,8,95,362,28,298,2.63E-19,85.5
O00254,P61073,28.9,291,180,9,97,373,41,318,3.23E-19,85.1
O00254,P30872,27.3,289,173,9,93,362,57,327,1.47E-18,83.6
O00254,Q9BXC1,28.2,287,159,9,101,359,26,293,1.67E-18,82.8
O00254,P32248,27.4,318,204,11,70,366,24,335,6.04E-18,81.6
O00254,P35346,28.3,283,171,8,96,362,42,308,7.36E-18,81.3
O00270,P49019,34.1,317,182,5,6,309,19,321,7.64E-49,165
O00270,Q8TDS4,34.4,302,173,5,20,309,33,321,2.41E-48,163
O00270,Q8TDS5,32,306,202,4,10,314,88,388,3.07E-39,140
O00270,P51679,26.7,277,196,3,28,302,53,324,2.16E-24,99
O00270,P46092,33.9,292,159,11,27,302,54,327,4.17E-24,98.2
O00270,P51684,26.9,297,193,8,17,300,49,334,1.53E-22,94
O00270,P51685,26.4,273,190,6,29,297,50,315,4.41E-22,92.4
O00270,Q9UPC5,24.9,313,222,6,10,314,54,361,9.37E-21,89
O00270,P35346,27.3,322,207,9,2,311,32,338,2.05E-20,87.8
O00270,P41597,24.6,280,192,7,28,302,56,321,1.43E-19,85.5
O00270,P25024,27,274,190,6,27,296,52,319,7.45E-19,83.2
O00270,P32246,25.9,286,197,7,20,298,40,317,1.06E-18,82.8
O00270,P25025,28.1,310,198,10,17,317,51,344,9.41E-18,80.1
O00270,Q9NS75,26.5,291,198,9,28,309,52,335,1.15E-17,79.7
O00270,P21452,26,288,177,10,31,297,50,322,1.78E-16,76.6
O00270,P51677,26.7,296,198,9,12,298,32,317,1.17E-15,73.9
O00270,Q9Y271,21.8,280,210,5,28,300,37,314,2.57E-15,72.8
O00270,Q9BXC1,23.9,276,199,7,28,295,33,305,9.23E-14,68.2
O00270,P49238,23.7,278,200,7,27,303,44,310,1.04E-13,68.2
O00270,Q9UKP6,25,324,225,6,2,318,39,351,2.15E-13,67.4
O00270,Q14330,26.8,209,138,6,27,226,35,237,5.46E-13,65.9
O00270,P51686,24.7,291,189,10,28,304,62,336,1.58E-12,64.7
O00270,Q8TCW9,27.5,200,123,7,17,204,70,259,4.24E-11,60.5
O00270,P35348,24.1,336,203,12,5,296,13,340,2.76E-10,58.2
O00270,P49286,24.1,307,195,11,13,300,39,326,9.54E-10,56.2
O00308,P46934,44.5,587,265,11,302,867,769,1315,5.13E-149,470
O00308,Q9HCE7,42.2,593,257,12,297,870,232,757,4.66E-143,439
O00308,Q5TCQ9,42.1,57,26,2,402,451,290,346,1.12E-06,49.7
O00327,Q99814,28.3,375,218,11,84,453,26,354,3.34E-36,142
O00327,Q16665,29.6,365,199,12,84,441,29,342,9.77E-36,140
O00327,P35869,25.7,342,195,11,82,397,37,345,1.49E-21,96.7
O00330,P10515,39.3,466,222,8,57,500,219,645,8.89E-94,295
O00338,P49888,47.6,294,154,0,3,296,1,294,2.81E-103,301
O00341,P43003,53.8,506,198,5,16,496,47,541,1.32E-164,476
O00341,P43005,52.7,469,206,6,15,481,16,470,1.37E-151,442
O00341,P43004,50,472,225,4,12,481,39,501,5.05E-145,427
O00341,Q15758,41.4,507,246,7,11,502,46,516,1.40E-114,348
O00358,Q08050,43.9,82,42,2,53,133,236,314,7.83E-17,79.3
O00409,Q08050,46,87,42,2,114,199,236,318,9.25E-18,83.6
O00409,O43524,38.8,116,63,2,84,194,127,239,4.39E-16,78.2
O00409,Q12778,45.1,82,37,2,118,194,164,242,7.19E-15,74.3
O00421,P51681,44.6,296,151,5,25,311,17,308,1.17E-78,242
O00421,P51677,44.5,299,151,5,28,316,24,317,2.85E-77,238
O00421,P32246,43.4,318,165,5,10,318,8,319,4.03E-77,238
O00421,P41597,41.7,307,158,6,28,325,32,326,9.75E-74,230
O00421,P51679,38.7,297,167,6,28,315,29,319,5.84E-58,189
O00421,P51685,35,297,178,5,28,315,25,315,2.49E-50,169
O00421,P49238,33,303,184,7,23,317,16,307,5.25E-43,149
O00421,P30556,30.8,292,172,8,40,310,30,312,1.85E-32,121
O00421,P32248,29.8,302,190,9,28,315,48,341,3.30E-30,115
O00421,P61073,28.4,292,191,7,26,307,26,309,5.62E-29,112
O00421,P51686,28.5,298,196,7,28,313,38,330,2.64E-28,110
O00421,P51684,27.4,303,194,9,28,313,36,329,7.40E-28,109
O00421,P25024,26,285,197,5,32,307,33,312,3.61E-27,107
O00421,P25025,28.2,273,174,6,48,307,58,321,4.17E-27,107
O00421,P25106,25.4,279,195,5,48,315,54,330,5.90E-27,106
O00421,P49682,26.3,304,205,9,41,334,56,350,8.43E-23,95.1
O00421,P31391,26.2,302,195,8,32,318,41,329,6.62E-22,92.8
O00421,P46663,26.4,303,197,6,25,307,23,319,1.95E-20,88.2
O00421,P43657,25.2,282,181,8,46,306,25,297,1.33E-18,82.8
O00421,P35346,26.3,297,181,11,38,312,40,320,9.63E-15,71.6
O00421,O43603,23.1,325,201,12,38,333,25,329,1.57E-12,65.1
O00421,Q99705,22.9,297,188,11,40,311,111,391,1.32E-11,62.4
O00421,Q9GZQ4,25,320,191,13,48,331,55,361,2.31E-11,61.6
O00421,Q9NS75,27,307,161,13,39,311,39,316,4.45E-11,60.5
O00421,P25105,22.5,307,194,10,40,316,17,309,1.07E-09,56.2
O00429,Q05193,39.8,776,391,13,1,733,6,748,2.08E-157,475
O00429,P50570,39.8,756,407,11,1,730,6,739,1.64E-154,468
O00429,O60313,31.2,253,151,8,25,270,288,524,6.17E-22,98.6
O00445,P17252,42.1,95,52,2,255,348,172,264,2.65E-14,71.6
O00476,Q9NRA2,36.2,304,192,2,110,412,184,486,1.07E-68,223
O00478,O00481,82.5,513,89,1,1,513,1,512,1.40e-309,844
O00507,Q93008,90.2,2556,248,3,1,2555,1,2554,0,4638
O00507,Q96K76,26,534,277,16,1557,2041,186,650,7.25E-31,130
O00507,Q93009,26.7,273,152,5,1557,1829,212,436,1.77E-18,90.1
O00533,P20273,21.9,534,302,26,120,618,231,684,1.47E-08,56.2
O00574,P51684,37.9,311,175,5,24,321,39,344,5.54E-69,218
O00574,P32248,37.6,311,176,7,24,320,51,357,6.84E-68,215
O00574,P51686,37.3,316,181,6,8,309,26,338,7.54E-68,214
O00574,P41597,36.6,284,168,6,25,299,36,316,4.70E-56,184
O00574,P51679,35.3,286,173,6,29,304,37,320,1.97E-54,179
O00574,P61073,36,283,162,7,29,298,36,312,3.18E-54,179
O00574,P32246,35.2,318,184,8,29,327,32,346,1.88E-53,177
O00574,P51677,36.5,277,162,7,33,297,36,310,2.19E-51,171
O00574,P25025,34.9,289,173,5,27,303,44,329,3.47E-51,171
O00574,P49682,34.3,318,186,7,24,325,45,355,5.90E-51,171
O00574,P30556,34,329,185,10,32,337,29,348,2.96E-48,163
O00574,P25024,33.6,286,175,4,30,303,38,320,4.71E-48,162
O00574,P51685,33,309,189,6,31,325,35,339,5.64E-47,160
O00574,P49238,35.1,308,186,7,25,322,25,328,1.64E-45,156
O00574,P46092,31.6,301,184,7,25,308,35,330,4.79E-39,139
O00574,P31391,32.8,287,170,8,32,303,48,326,7.91E-39,139
O00574,P41145,32.6,288,168,9,32,299,60,341,9.72E-35,128
O00574,P30872,29.9,301,183,10,28,312,55,343,3.06E-33,124
O00574,P32745,29.8,292,187,6,27,303,40,328,3.19E-32,122
O00574,P35346,29.5,285,182,8,32,303,41,319,7.14E-32,120
O00574,P30874,29.5,285,183,7,30,299,42,323,3.95E-31,118
O00574,Q99677,31.4,283,171,6,37,300,45,323,1.03E-29,114
O00574,P25106,27.8,288,182,8,34,301,47,328,1.25E-29,114
O00574,P48145,27.6,293,183,7,32,303,38,322,4.50E-26,103
O00574,P55085,26.9,324,217,8,32,338,76,396,8.13E-26,103
O00585,P13500,36.8,95,54,3,1,92,1,92,1.28E-11,54.7
O00590,P51679,42.2,313,179,2,12,323,4,315,4.25E-80,247
O00590,P32246,40.3,335,178,7,9,335,4,324,1.36E-70,223
O00590,P51685,37,305,187,2,20,324,13,312,2.22E-65,209
O00590,P41597,37,327,192,5,12,337,13,326,5.26E-65,209
O00590,P51681,38.4,294,176,4,36,326,20,311,1.24E-63,204
O00590,P51677,39.1,312,184,6,27,335,16,324,1.05E-62,202
O00590,P25025,37.8,296,177,4,36,328,39,330,1.02E-60,197
O00590,P49238,38.4,302,176,3,23,323,12,304,4.89E-60,195
O00590,P51684,35.8,316,193,5,17,327,21,331,4.77E-58,191
O00590,P51686,34.9,324,198,6,6,321,8,326,4.87E-56,185
O00590,P25024,38,279,167,3,53,328,46,321,4.54E-55,182
O00590,P61073,32.6,322,209,4,10,330,6,320,1.42E-53,178
O00590,P32248,34.3,318,196,5,8,320,25,334,2.17E-51,173
O00590,P30556,30.3,304,196,4,36,327,18,317,9.67E-46,158
O00590,P50052,31.5,295,190,6,49,333,47,339,8.87E-41,145
O00590,P25106,28.5,281,195,5,53,327,51,331,4.53E-34,127
O00590,P46663,32.3,285,176,7,49,320,40,320,7.39E-34,126
O00590,P30874,28.1,324,202,7,16,330,29,330,1.36E-33,125
O00590,P35414,31.4,296,184,8,49,327,31,324,2.28E-33,125
O00590,Q99677,31.8,289,177,8,53,327,46,328,7.03E-33,124
O00590,P43657,29.8,282,186,5,53,324,24,303,3.03E-31,119
O00590,P35346,29.7,293,180,6,47,327,41,319,3.09E-31,119
O00590,P32745,29.4,309,183,7,38,327,36,328,6.87E-31,119
O00590,P31391,30.1,292,184,6,45,327,46,326,5.83E-30,116
O00590,P32249,24.7,304,216,4,36,327,21,323,2.49E-28,111
O00591,P28472,40.1,431,222,7,42,437,42,471,1.52E-98,300
O00591,P24046,37.1,407,215,6,52,435,88,476,4.63E-89,276
O00591,O75311,37,405,236,7,45,437,54,451,4.99E-84,263
O00591,P23416,36.2,398,238,6,45,437,55,441,7.11E-84,262
O00591,P23415,36.8,410,230,8,45,437,49,446,7.01E-82,257
O00591,Q16445,32.9,450,271,10,7,438,5,441,4.15E-71,229
O00591,P34903,33.7,412,252,8,42,437,72,478,7.80E-71,229
O00591,P31644,33.7,407,249,8,42,438,54,449,4.01E-70,226
O00591,P47869,32,400,264,6,42,438,47,441,9.06E-69,223
O00591,P48169,36.3,350,208,6,7,349,21,362,9.46E-69,225
O00591,P14867,32.3,405,258,6,42,438,47,443,1.66E-66,217
O00743,P67775,58.1,301,126,0,5,305,9,309,3.33E-132,375
O00743,P62136,48.2,255,130,2,19,272,30,283,1.98E-91,272
O00743,P36873,48.2,255,130,2,19,272,30,283,6.37E-91,271
O00743,Q08209,41.5,272,144,4,19,276,56,326,1.18E-68,219
O00743,P16298,42.4,257,133,4,34,276,80,335,5.30E-67,215
O00743,P53041,46.3,246,126,5,48,289,237,480,3.55E-65,210
O00744,P56703,38.2,359,173,6,38,389,39,355,6.82E-85,259
O00757,P09467,76.9,337,78,0,1,337,1,337,3.50E-192,530
O00762,P63146,46.1,128,69,0,30,157,4,131,1.03E-37,124
O00762,P61077,40.8,125,74,0,33,157,4,128,6.01E-30,104
O00762,Q9NPD8,39.7,136,77,2,34,164,6,141,5.38E-27,98.6
O00762,P61081,36,125,78,2,34,158,33,155,5.99E-22,85.1
O14492,P29353,35.2,105,61,3,411,515,482,579,2.97E-09,57
O14492,P62993,29.3,82,56,1,410,491,53,132,1.15E-08,53.1
O14503,Q14469,31.7,126,68,4,59,182,41,150,8.60E-08,50.4
O14508,O00459,30.6,111,58,4,29,129,304,405,1.16E-09,54.3
O14522,P28827,65.3,1447,460,8,23,1440,18,1451,0,1944
O14522,P10586,30.5,1267,642,33,303,1441,747,1902,1.17E-147,492
O14522,Q13332,42.6,582,318,9,867,1441,1371,1943,3.32E-140,471
O14522,P18433,39.7,584,336,10,867,1441,219,795,4.60E-137,439
O14522,P23469,40.2,564,321,10,889,1441,135,693,3.40E-128,411
O14522,P23471,36.9,635,342,17,843,1440,1673,2285,7.22E-115,398
O14522,P23470,36.6,601,339,14,868,1440,827,1413,5.80E-112,384
O14522,P08575,36.5,556,311,11,912,1433,677,1224,4.81E-104,359
O14522,Q12913,48,281,135,6,869,1142,1021,1297,1.88E-67,248
O14522,P23467,46.4,278,143,5,869,1140,1683,1960,1.03E-66,246
O14522,Q06124,43.6,275,131,8,888,1140,246,518,1.70E-58,210
O14522,P29350,41.4,297,151,8,869,1142,218,514,4.75E-57,206
O14522,Q05209,42,243,133,3,906,1142,52,292,2.73E-54,201
O14522,P35236,45,231,117,5,915,1140,122,347,1.41E-53,189
O14522,P54829,46.9,228,113,6,915,1137,325,549,3.86E-53,194
O14522,P43378,36.9,293,163,5,868,1142,285,573,6.42E-53,194
O14522,Q9Y2R2,42,243,131,4,907,1142,49,288,1.58E-52,196
O14522,Q15256,47,230,115,6,915,1140,418,644,1.13E-50,188
O14522,P18031,37.4,257,145,6,907,1151,35,287,7.26E-50,181
O14522,P17706,39,254,141,6,907,1151,37,285,1.14E-49,179
O14522,P29074,41.7,242,130,4,907,1142,674,910,7.48E-46,177
O14522,P26045,34.2,304,179,9,850,1141,605,899,2.34E-42,166
O14522,Q15678,33.8,269,159,6,892,1142,912,1179,7.89E-35,142
O14522,Q99952,31.1,257,151,11,1197,1440,51,294,4.39E-24,104
O14556,P04406,68.3,334,104,2,75,407,3,335,8.62E-163,458
O14558,P02511,51.8,141,57,4,11,144,9,145,4.92E-41,133
O14558,P02489,44.4,142,72,2,5,143,3,140,1.57E-36,121
O14558,P04792,41.8,141,61,2,27,146,27,167,2.37E-24,91.3
O14559,P52757,34.8,201,125,2,311,510,273,468,3.11E-32,129
O14559,P11274,35.9,170,107,2,312,480,1051,1219,1.17E-21,99.4
O14595,Q9GZU7,60.4,270,94,2,1,269,1,258,2.18E-110,317
O14607,O15550,83.1,1400,184,5,1,1347,1,1400,0,2114
O14607,O15054,67.9,468,149,1,878,1345,1176,1642,5.46E-216,671
O14618,P00441,50,146,69,2,89,230,5,150,1.25E-40,135
O14618,P08294,35.4,178,86,7,99,267,78,235,2.33E-19,82
O14641,O14640,57.6,745,243,20,13,736,3,695,1.74E-234,667
O14646,Q14839,40.3,836,403,19,315,1083,540,1346,1.49E-160,535
O14646,P51532,45.2,485,231,7,481,938,754,1230,3.60E-107,375
O14646,P51531,44.9,483,235,6,481,938,724,1200,3.30E-106,372
O14646,Q92698,31.2,500,295,13,481,937,153,646,3.73E-58,213
O14647,Q14839,42,778,376,15,304,1032,540,1291,1.59E-161,540
O14647,P51532,46,483,230,6,484,941,754,1230,1.96E-112,392
O14647,P51531,45.5,497,238,7,470,941,712,1200,2.91E-112,391
O14647,Q92698,33.2,497,289,10,484,940,153,646,6.08E-62,224
O14669,P00734,52.2,67,28,2,28,94,25,87,1.59E-12,62.8
O14669,P00740,48.5,66,31,1,30,95,30,92,8.89E-12,60.5
O14669,P00742,46.3,67,32,2,28,94,22,84,1.23E-11,60.1
O14669,P08709,43.6,101,40,4,7,94,8,104,1.00E-10,57.4
O14669,P04070,46.8,47,24,1,49,95,42,87,8.64E-06,42.7
O14756,Q9BPW9,47.4,293,153,1,17,308,16,308,1.03E-99,293
O14756,P37059,34.1,302,191,5,13,308,66,365,8.60E-46,157
O14756,P80365,35.4,274,173,3,32,301,85,358,3.57E-44,153
O14763,O00220,50.2,446,173,6,5,440,60,466,1.21E-122,362
O14764,P28472,42,436,219,8,44,450,41,471,4.06E-108,325
O14764,P24046,38.5,397,233,4,54,447,87,475,8.29E-97,296
O14764,P23416,38.6,415,231,8,40,450,47,441,8.80E-89,275
O14764,O75311,37.1,421,240,6,40,450,46,451,1.92E-87,272
O14764,P23415,44.4,302,166,2,40,340,41,341,6.23E-87,270
O14764,P31644,33.7,430,263,8,26,450,36,448,6.95E-76,242
O14764,P48169,40.6,313,182,3,44,354,52,362,2.59E-74,240
O14764,P47869,32.7,428,234,6,44,450,46,440,1.21E-73,236
O14764,Q16445,34.8,414,254,6,44,450,36,440,3.55E-73,234
O14764,P14867,34.2,415,247,8,44,450,46,442,4.14E-72,232
O14764,P34903,32.3,437,270,6,27,450,55,478,7.79E-71,229
O14782,O15066,60.9,714,231,4,3,716,2,667,7.30E-267,754
O14782,Q9Y496,43.6,670,322,7,4,668,8,626,3.96E-158,474
O14782,P52732,42.1,397,191,7,11,394,19,389,2.65E-82,281
O14782,Q9NS87,42.4,401,182,11,9,394,25,391,3.52E-70,249
O14782,O60333,38.3,413,201,9,11,399,6,388,4.88E-69,246
O14782,Q15058,38.1,404,190,12,13,392,361,728,4.27E-65,234
O14782,Q02224,40.7,393,188,10,10,395,6,360,4.25E-64,231
O14782,Q7Z4S6,37.6,425,190,12,11,394,10,400,2.76E-62,225
O14782,P33176,38.8,363,182,7,11,372,9,332,1.04E-60,219
O14782,O60282,38.8,363,184,7,11,372,9,334,2.46E-60,218
O14782,Q12840,37.5,387,202,8,11,395,10,358,2.31E-59,215
O14782,Q9BW19,39.4,317,150,12,58,361,372,659,2.86E-47,176
O14795,Q04759,50,44,22,0,477,520,231,274,1.84E-10,62.8
O14796,O60880,44.9,107,59,0,6,112,7,113,1.28E-31,106
O14796,P00519,31.4,105,65,3,5,108,127,225,5.14E-09,50.4
O14796,P52757,35.7,56,33,2,6,60,60,113,7.56E-06,41.2
O14798,O00220,60.7,122,43,2,3,124,87,203,1.64E-38,137
O14802,P24928,33.8,1493,819,29,15,1368,18,1479,1.30E-228,713
O14802,O95602,31.9,927,494,20,310,1118,391,1298,1.99E-120,411
O14807,P01116,55.4,175,76,2,14,188,4,176,2.92E-58,179
O14807,P01112,57.3,164,68,2,14,177,4,165,4.14E-58,179
O14807,P62834,52.8,178,82,2,14,190,4,180,7.11E-58,178
O14807,P01111,51.3,195,86,3,14,208,4,189,1.18E-57,177
O14807,Q15382,40.4,151,90,0,15,165,8,158,1.59E-31,110
O14807,P61026,32.9,170,111,3,14,182,10,177,1.19E-23,90.9
O14807,P62826,32.5,166,100,7,14,175,11,168,1.48E-15,69.7
O14815,P07384,53.6,679,294,6,26,688,39,712,3.46E-265,744
O14815,P17655,52.1,668,300,5,27,680,30,691,1.85E-256,721
O14827,Q07889,27.8,356,219,8,906,1236,679,1021,4.48E-34,139
O14829,P53041,34.3,367,193,6,98,462,167,487,1.54E-69,232
O14829,P62136,32.4,272,137,6,169,440,61,285,2.79E-38,142
O14829,P36873,32.4,272,137,6,169,440,61,285,4.47E-38,141
O14830,P53041,31.4,439,171,7,104,538,166,478,6.85E-58,202
O14830,P36873,42.6,136,72,3,174,309,59,188,2.11E-30,119
O14830,P62136,42.6,136,72,3,174,309,59,188,2.42E-30,119
O14830,Q08209,40.3,139,78,3,174,311,85,219,1.98E-23,102
O14830,P16298,39,136,77,3,174,309,94,223,8.18E-22,97.1
O14830,P67775,35.4,96,61,1,441,536,195,289,3.01E-13,68.6
O14867,P41182,38.1,113,69,1,16,127,14,126,1.59E-16,80.9
O14867,Q16236,43.3,67,38,0,524,590,464,530,5.52E-10,59.7
O14874,Q15119,32,338,193,9,90,407,49,369,2.65E-46,161
O14874,Q15118,33.1,341,188,10,90,407,75,398,3.45E-45,159
O14874,Q16654,30.7,329,195,7,90,401,53,365,1.12E-42,152
O14874,Q15120,29.5,339,204,7,90,410,45,366,7.35E-42,149
O14901,Q13118,39.4,500,243,16,22,501,17,476,4.06E-39,145
O14904,P56704,34.4,311,182,7,67,364,51,352,2.04E-59,193
O14904,P56703,36,311,177,8,67,364,54,355,2.41E-58,190
O14905,P56703,33.7,306,187,6,63,356,54,355,1.36E-58,191
O14905,P56704,34,306,186,5,63,356,51,352,9.74E-58,188
O14910,P78352,41.4,99,57,1,106,204,311,408,2.45E-17,77.8
O14910,Q12923,43.2,81,43,1,109,186,1369,1449,3.35E-13,65.9
O14924,Q9UGC6,34.3,140,89,2,694,832,63,200,2.11E-22,94.4
O14924,P78352,34.7,95,55,3,17,104,308,402,4.48E-07,51.6
O14933,P61077,36.2,149,92,3,2,149,1,147,3.30E-28,99.4
O14964,P98174,33.7,95,57,4,156,246,723,815,7.63E-08,53.1
O14977,P11926,54.2,406,181,3,15,416,14,418,1.38E-153,441
O14979,P09651,37.2,183,109,1,136,312,2,184,1.65E-40,145
O14981,P51531,34.2,527,291,16,1262,1779,720,1199,1.44E-70,259
O14981,P51532,32.8,527,298,16,1262,1779,750,1229,5.81E-67,248
O14981,Q92698,31.3,594,344,17,1225,1801,122,668,3.04E-64,231
O14981,Q14839,28.6,616,348,19,1266,1849,726,1281,2.40E-52,201
O15018,P78352,40.9,93,53,1,331,421,157,249,2.00E-14,76.6
O15018,P29475,45.8,59,31,1,2776,2833,40,98,5.84E-08,55.8
O15018,Q5TCQ9,24.8,214,131,7,581,786,720,911,7.69E-08,55.5
O15020,P46939,47.6,231,119,2,48,277,22,251,8.97E-59,223
O15021,Q9Y2H9,62.8,1375,428,25,209,1532,4,1345,0,1459
O15021,O60307,63.4,1198,385,17,215,1380,14,1190,0,1344
O15021,P31751,36,358,198,6,519,872,110,440,2.06E-65,228
O15021,P17612,37.5,312,170,5,570,877,44,334,3.10E-65,223
O15021,P22694,37.1,313,172,5,569,877,43,334,3.62E-64,220
O15021,Q9Y2H1,36.6,328,180,4,569,872,89,412,1.28E-63,223
O15021,P31749,35.8,355,199,6,523,872,109,439,1.42E-63,223
O15021,Q9Y243,37.8,320,177,4,557,872,135,436,1.88E-63,223
O15021,O95835,39.4,353,170,7,559,872,693,1040,1.08E-62,233
O15021,P22612,35.6,312,176,5,570,877,44,334,4.93E-62,214
O15021,P51817,37.2,309,169,5,569,873,48,335,8.19E-62,214
O15021,Q15208,36.9,328,179,4,569,872,88,411,9.33E-62,217
O15021,P51812,37.3,316,172,8,564,872,62,358,5.61E-60,219
O15021,Q15418,38.2,317,170,8,564,873,56,353,1.26E-59,218
O15021,Q9UK32,36.6,314,175,6,564,872,67,361,2.64E-59,217
O15021,Q15349,36.4,316,175,7,564,872,53,349,2.31E-58,214
O15021,Q04759,36.7,316,175,6,561,872,371,665,2.72E-58,213
O15021,Q13464,39.4,315,166,9,566,872,72,369,9.44E-58,218
O15021,Q9UBS0,36.6,317,167,9,570,874,67,361,2.34E-57,205
O15021,Q9NRM7,38.2,356,177,7,555,872,653,1003,2.54E-57,216
O15021,Q09013,36.1,324,181,7,559,872,61,368,1.50E-56,206
O15021,P23443,36.3,320,176,8,564,874,85,385,1.53E-56,204
O15021,O75116,37.3,319,167,8,566,872,88,385,4.63E-56,213
O15021,P24723,35.8,310,175,5,569,872,354,645,1.67E-55,204
O15021,Q16513,36.4,313,169,8,569,872,656,947,6.43E-55,207
O15033,P46934,35.8,394,228,10,436,820,938,1315,1.17E-59,218
O15033,Q9HCE7,34.3,376,210,14,464,822,401,756,1.17E-49,184
O15047,Q03164,53.4,146,65,2,1564,1707,3825,3969,5.08E-37,150
O15047,Q9UMN6,52.7,146,66,2,1564,1707,2571,2715,4.50E-35,144
O15047,Q15910,38.7,124,74,1,1567,1690,611,732,7.58E-21,96.7
O15047,Q92800,39.5,124,73,1,1567,1690,612,733,9.98E-21,96.3
O15047,Q96L73,37.2,129,78,3,1580,1706,1954,2081,1.06E-16,84
O15062,P41182,36.2,138,76,4,1,131,9,141,1.14E-14,74.7
O15068,P98174,24.6,337,204,14,634,944,376,688,2.78E-09,58.5
O15072,Q9UHI8,30.6,912,519,36,84,934,78,936,4.20E-116,382
O15072,Q9UNA0,31.4,832,473,28,143,904,127,930,3.60E-107,357
O15072,O75173,30.1,781,465,27,74,826,75,802,2.93E-87,299
O15072,Q13443,23.6,471,278,19,42,502,43,441,5.89E-15,77
O15085,Q92888,36.9,807,416,18,291,1076,23,757,3.81E-121,400
O15085,P15498,22.8,347,223,12,739,1080,199,505,1.69E-07,53.1
O15169,Q9Y2T1,42.7,893,410,26,11,862,12,843,6.36E-179,535
O15173,O00264,58.9,163,63,2,56,218,30,188,9.85E-62,189
O15182,P27482,44.4,63,35,0,102,164,12,74,2.08E-10,53.5
O15194,Q9GZU7,66.9,272,74,4,1,272,1,256,9.59E-125,353
O15204,Q9BZ11,32.4,386,250,5,84,460,74,457,5.90E-64,218
O15204,Q13443,31.1,437,275,9,34,460,35,455,9.65E-60,207
O15217,P09210,54.3,221,101,0,1,221,1,221,9.24E-88,256
O15217,P08263,53.8,221,102,0,1,221,1,221,3.05E-86,252
O15259,P62993,37.7,53,33,0,156,208,2,54,3.82E-06,45.8
O15347,P09429,72.1,172,46,1,1,170,1,172,5.69E-84,245
O15350,P04637,51.7,263,118,4,115,377,97,350,3.89E-81,259
O15353,Q08050,37.8,82,46,2,271,351,236,313,1.59E-12,67.8
O15353,Q12778,45.1,82,35,3,275,350,164,241,1.00E-11,65.1
O15353,O43524,43.9,82,36,3,275,350,161,238,3.07E-11,63.5
O15354,P30550,27,307,202,8,262,560,41,333,7.99E-26,107
O15354,P24530,27.1,321,211,8,253,563,93,400,1.17E-25,107
O15354,P25101,24.2,318,210,8,262,563,81,383,1.35E-25,107
O15354,P28336,25.1,331,203,10,251,560,29,335,1.57E-20,91.3
O15354,P50391,22.2,315,221,7,242,546,19,319,8.83E-14,70.5
O15354,Q969F8,30.2,149,97,2,275,420,56,200,1.31E-12,67
O15381,P55072,44.6,617,275,10,256,854,195,762,1.95E-153,467
O15381,P43686,39.1,276,145,5,576,848,160,415,3.10E-51,182
O15381,Q9ULI0,42.8,236,123,5,261,488,396,627,1.13E-43,169
O15381,Q6PL18,41.8,237,126,5,260,488,421,653,2.53E-43,167
O15389,Q9Y286,53.4,339,148,5,1,331,1,337,2.29E-102,314
O15394,P20916,23.8,345,221,10,166,496,97,413,4.38E-17,82.8
O15409,O43524,49.2,65,28,1,508,567,161,225,9.99E-13,68.6
O15409,Q12778,46.2,65,30,1,508,567,164,228,1.29E-12,68.2
O15439,P33527,37.2,1356,748,24,3,1277,196,1529,1.60E-270,810
O15439,Q92887,36,1362,767,16,7,1277,189,1536,8.29E-263,790
O15439,O15438,34.9,1348,784,21,6,1279,200,1527,3.69E-250,756
O15439,O15440,35,1356,759,23,11,1272,99,1425,1.70E-238,723
O15439,P13569,31.7,1447,788,15,11,1269,4,1437,1.65E-235,717
O15439,O60706,31.8,1367,812,26,6,1273,200,1545,3.27E-194,610
O15439,Q09428,31.7,1391,812,28,6,1273,202,1577,1.95E-188,595
O15467,P13501,36,89,52,2,1,88,1,85,1.82E-15,63.9
O15484,P17655,37.6,508,262,13,8,490,27,504,8.59E-112,348
O15484,P07384,38,518,264,13,8,498,37,524,5.52E-109,342
O15492,P57771,58.2,170,66,2,15,183,9,174,7.69E-60,182
O15492,P49798,48.9,186,80,3,1,180,1,177,1.74E-51,162
O15492,Q9UGC6,40.7,123,73,0,56,178,75,197,4.78E-28,102
O15520,P21781,54.4,147,66,1,61,206,47,193,1.67E-53,167
O15520,P09038,37.2,121,72,1,88,208,172,288,3.04E-18,78.2
O15523,O00571,87.2,662,83,2,1,660,1,662,0,1058
O15523,Q92841,44.1,399,203,4,170,565,163,544,3.34E-99,317
O15523,Q86XP3,36.5,446,251,6,164,599,239,662,1.26E-78,266
O15523,P38919,34.1,414,239,7,154,566,24,404,8.26E-63,211
O15523,P60842,32.4,404,248,6,165,566,19,399,1.43E-60,205
O15523,Q14240,32.2,423,259,7,149,566,1,400,1.46E-60,205
O15523,P26196,29.5,451,267,12,132,578,70,473,1.81E-51,182
O15523,Q14191,22.5,374,225,15,203,555,551,880,1.45E-09,58.5
O15523,Q92499,35.8,81,46,2,180,260,4,78,3.81E-07,50.4
O15529,O14843,98.6,346,5,0,1,346,1,346,4.60E-249,674
O15529,O15552,41.1,270,153,4,17,281,10,278,3.42E-63,201
O15529,Q9H1C0,33.5,281,168,6,20,284,28,305,7.90E-29,112
O15529,P25116,30.8,299,191,7,6,291,91,386,2.13E-28,111
O15529,P55085,30.7,277,175,8,20,284,81,352,3.98E-28,110
O15529,Q96RI0,32.8,274,169,8,19,284,82,348,1.23E-21,92
O15529,Q9BXC1,26.4,288,188,8,15,284,19,300,9.05E-19,83.2
O15529,P47900,27.5,291,190,8,19,293,56,341,3.56E-17,79
O15529,Q9H244,22.4,299,191,8,20,292,31,314,3.03E-13,67
O15529,P49238,23.4,295,192,10,21,296,38,317,1.09E-11,62.4
O15529,O60755,26.9,301,172,16,20,290,23,305,2.09E-08,52.4
O15529,P25929,21.7,290,187,10,26,286,52,330,3.85E-08,51.6
O15534,O15055,42.3,1197,571,20,107,1228,81,1232,9.88E-247,738
O15537,P12259,38.7,155,90,4,68,219,2069,2221,9.01E-29,110
O15547,Q99571,46.2,364,184,4,22,375,12,373,2.34E-116,343
O15547,Q93086,47,366,162,5,22,378,13,355,9.92E-116,343
O15547,P51575,44.8,364,190,6,22,378,13,372,2.93E-106,318
O15547,Q9UBL9,41,373,205,5,22,386,25,390,2.33E-97,297
O15547,P56373,42.8,362,186,7,25,376,10,360,4.03E-94,286
O15547,Q99572,35.6,402,213,12,22,387,10,401,1.07E-70,231
O15553,O00481,45.8,177,92,1,599,775,341,513,9.01E-46,169
O43143,Q7Z478,31.2,757,389,16,116,755,551,1292,2.83E-92,313
O43143,Q7L2E3,31.9,523,315,13,136,630,433,942,4.81E-65,233
O43151,Q6N021,43.9,1092,427,29,752,1795,1049,2002,1.33E-216,693
O43169,O95864,36.4,107,61,3,12,116,5,106,3.40E-12,60.1
O43236,Q9UHD8,47.2,320,155,3,124,442,278,584,6.14E-100,309
O43240,O60259,46.1,228,117,2,49,275,36,258,4.43E-71,217
O43240,P49862,42.1,240,125,4,38,276,26,252,2.30E-69,212
O43240,Q9P0G3,42.2,230,121,4,49,274,44,265,4.70E-64,199
O43240,Q9Y337,40.9,232,124,4,49,276,70,292,1.14E-59,189
O43240,P35030,39.1,230,128,5,49,276,84,303,5.48E-57,182
O43240,Q9Y5K2,36.8,231,133,5,49,276,34,254,2.00E-47,156
O43240,O15393,30.1,256,148,10,39,276,249,491,1.87E-30,116
O43240,O60235,32.5,240,130,11,49,271,190,414,4.47E-30,114
O43240,P00740,28.8,240,141,9,49,271,230,456,2.33E-22,93.2
O43278,P05067,36.9,65,41,0,391,455,291,355,4.02E-11,62.8
O43281,P62993,39.7,58,32,1,10,67,3,57,2.76E-06,45.8
O43286,P15291,46.3,268,138,4,114,378,130,394,3.97E-76,238
O43291,P05067,41.4,58,34,0,34,91,287,344,5.51E-13,65.5
O43294,P53667,30.2,149,83,5,312,456,7,138,3.30E-14,72
O43306,O95622,70.5,1100,308,8,77,1166,165,1258,0,1453
O43306,P40145,41.9,1068,530,19,131,1164,161,1172,1.10E-234,702
O43306,Q08828,40.8,1111,538,23,101,1164,19,1056,4.77E-229,684
O43306,P16066,31.8,223,126,7,334,542,841,1051,1.35E-22,102
O43323,Q15465,55,436,139,9,14,395,15,447,2.13E-154,441
O43374,P05771,42.2,102,52,4,139,234,177,277,1.01E-16,81.6
O43396,P10599,41.2,102,60,0,4,105,2,103,2.61E-22,86.7
O43424,P39086,29.3,873,547,22,23,863,33,867,8.94E-109,357
O43424,Q13002,29.6,877,537,24,20,866,29,855,5.13E-107,352
O43424,P42261,27,870,556,22,21,862,19,837,9.47E-107,351
O43424,P42262,28.3,863,539,21,27,858,27,840,1.52E-104,344
O43424,Q13003,29.5,891,540,24,2,859,14,849,1.15E-102,340
O43424,P42263,28,870,544,25,27,862,34,855,9.42E-102,337
O43424,P48058,27.4,869,544,23,25,858,25,841,2.77E-99,330
O43424,Q16478,33,557,332,15,322,861,302,834,2.78E-87,299
O43424,Q05586,24,924,549,31,7,862,6,844,3.70E-51,192
O43424,O15399,28.7,411,252,11,468,858,485,874,5.20E-43,167
O43424,Q13224,28.7,456,257,14,443,852,406,839,3.03E-42,165
O43424,Q14957,29.2,411,250,15,468,858,455,844,2.74E-40,159
O43447,P30405,55.7,174,71,2,4,177,39,206,1.64E-63,192
O43447,Q08752,58.3,175,69,2,6,177,11,184,2.82E-63,196
O43447,P62937,53.8,169,72,2,9,177,2,164,1.00E-62,188
O43447,P23284,56.4,165,67,1,13,177,46,205,1.25E-62,190
O43474,Q13118,71.4,35,10,0,426,460,365,399,1.97E-10,60.1
O43491,P29074,47.2,339,174,3,218,551,29,367,1.04E-90,307
O43491,P26045,36.2,323,194,4,197,514,15,330,2.50E-60,220
O43491,Q15678,30.7,290,177,7,221,496,24,303,1.06E-31,131
O43506,Q13443,38.2,722,419,13,10,717,12,720,2.13E-165,494
O43506,O43184,32.4,713,429,18,20,700,30,721,1.41E-112,359
O43506,Q9BZ11,31,697,402,24,25,676,31,693,2.25E-97,316
O43506,P78325,31.7,668,402,24,17,663,6,640,8.41E-89,293
O43506,O14672,25,304,159,14,287,530,303,597,1.11E-07,52.4
O43548,O95932,46.3,720,366,9,4,719,3,705,2.60E-211,608
O43548,Q08188,44.8,706,362,9,13,716,12,691,7.31E-205,591
O43548,P21980,41.1,721,383,8,1,716,1,684,1.84E-181,531
O43548,P22735,35.7,719,410,13,7,719,115,787,7.73E-142,433
O43548,P00488,34.7,707,414,14,17,716,61,726,2.81E-127,392
O43566,Q9UGC6,36.2,130,75,4,55,181,73,197,1.06E-19,85.1
O43581,P05129,41.1,107,61,2,262,368,153,257,9.96E-15,73.2
O43593,Q9Y4C1,27.4,669,389,17,555,1144,618,1268,1.59E-54,205
O43593,Q15652,35.2,429,229,15,757,1144,2065,2485,1.11E-47,184
O43593,Q7LBC6,31.2,468,277,12,757,1186,1292,1752,3.83E-43,169
O43602,O15075,72.7,348,85,4,2,347,6,345,1.70E-166,480
O43602,Q8N568,67.3,364,86,6,3,349,7,354,1.43E-151,443
O43639,P16333,69.1,382,109,4,1,379,1,376,7.50E-193,535
O43639,P62993,30.7,163,82,6,204,364,7,140,8.22E-19,81.6
O43639,P08631,30.2,172,86,6,199,361,82,228,2.74E-17,80.5
O43639,P00519,30.8,159,83,5,203,359,69,202,5.54E-16,77
O43639,P42684,30.8,159,83,5,203,359,115,248,2.36E-15,75.1
O43639,Q06124,36.3,91,47,3,285,364,112,202,2.22E-11,62.4
O43639,P29353,24.5,106,77,1,275,380,478,580,7.56E-07,48.1
O43665,P49798,43.5,124,69,1,31,153,52,175,4.91E-27,99
O43665,P57771,42.7,124,70,1,31,153,46,169,4.58E-25,93.2
O43665,Q9UGC6,41.9,117,65,2,38,152,81,196,9.14E-25,93.2
O43699,Q9Y286,50.3,467,206,8,12,453,2,467,7.53E-138,401
O43704,P49888,57.1,282,120,1,15,296,14,294,2.01E-120,344
O43707,P46939,31.7,511,288,16,52,518,33,526,1.34E-54,204
O43749,Q96RJ0,26.7,116,85,0,36,151,35,150,3.69E-06,45.1
O43795,P35580,40.3,746,401,12,17,735,87,815,2.52E-144,476
O43795,Q9UKN7,37.8,732,418,14,16,733,1223,1931,6.77E-142,472
O43795,P35579,38.9,732,408,11,17,724,83,799,2.17E-138,459
O43795,Q7Z406,38.2,749,416,16,19,739,109,838,2.33E-132,442
O43795,Q9UKX2,35.3,740,433,11,17,727,88,810,8.38E-122,411
O43795,Q8NEV4,32.6,824,452,18,10,777,333,1109,1.04E-115,391
O43795,Q8WXR4,33.6,752,423,17,19,718,347,1074,1.06E-113,382
O43813,Q9NS86,54,426,169,3,1,399,19,444,3.17E-144,415
O43825,Q9Y5Z6,52.2,274,125,3,132,405,59,326,2.25E-101,302
O43825,Q9Y2A9,29.4,269,170,6,143,399,100,360,8.37E-36,132
O43829,Q14145,28.2,124,83,2,8,125,49,172,1.72E-09,57
O43847,P14735,34.6,894,558,12,206,1088,82,959,5.09E-170,526
O43854,P12259,43.7,323,170,3,158,476,1907,2221,5.03E-79,266
O43854,P00451,40.5,158,85,2,319,476,2040,2188,4.25E-30,122
O43854,Q16832,31.3,163,99,5,158,314,30,185,6.03E-11,62
O43866,Q9Y4K0,35.6,225,118,7,15,218,303,521,2.57E-31,122
O43866,Q96JB6,54.4,103,44,2,244,345,32,132,5.16E-30,118
O43866,P58215,34.8,210,108,6,24,218,307,502,1.05E-28,114
O43866,P21757,43.7,103,56,1,244,346,350,450,4.23E-26,105
O43896,O60333,71.6,711,155,8,1,670,1,705,0,950
O43896,Q15058,41.7,654,296,14,6,643,359,943,2.71E-131,434
O43896,O15066,46.6,378,174,10,5,374,9,366,1.04E-83,285
O43896,Q9Y496,44.5,398,194,10,5,394,14,392,3.71E-80,274
O43896,Q9NS87,41,385,200,10,3,377,24,391,2.57E-62,229
O43896,P33176,39.3,361,191,7,1,360,4,337,8.46E-62,226
O43896,P52732,37.8,397,206,10,3,379,16,391,8.98E-60,220
O43896,O60282,38.4,354,188,8,5,355,8,334,8.74E-57,210
O43896,Q12840,38.5,353,188,8,5,355,9,334,1.79E-56,210
O43896,Q7Z4S6,36.2,409,210,10,5,378,9,401,2.92E-55,207
O43896,Q02224,36.6,385,219,9,5,386,6,368,2.15E-54,205
O43896,Q99661,36.5,353,187,10,8,348,261,588,3.23E-42,163
O43896,Q9BW19,38.1,302,150,9,65,347,379,662,1.14E-41,160
O43915,P15692,35.6,101,62,2,97,197,219,316,5.46E-13,66.6
O43918,O15164,44.4,72,40,0,278,349,808,879,9.04E-15,74.7
O43918,Q14839,53.7,54,21,1,299,348,452,505,1.84E-14,73.9
O43918,Q9UPN9,50.9,55,27,0,295,349,886,940,1.95E-13,70.5
O43933,P55072,36.3,474,268,8,595,1054,241,694,6.39E-77,269
O43933,P43686,34.7,239,153,1,824,1059,149,387,8.02E-42,156
O60229,Q9UIK4,38.9,280,163,2,2677,2948,16,295,8.48E-65,223
O60229,O43293,41,271,152,2,2677,2939,6,276,1.37E-64,225
O60229,Q15746,30.7,518,324,10,2485,2976,1252,1760,5.05E-63,237
O60229,P53355,39.5,311,176,3,2673,2971,2,312,6.16E-63,236
O60229,Q9UEE5,35.8,307,184,6,2678,2976,53,354,1.02E-54,195
O60229,Q86YV6,33.3,294,186,6,2650,2941,79,364,5.58E-43,160
O60229,Q9H1R3,29.7,418,249,9,2581,2964,157,563,2.56E-41,160
O60229,Q32MK0,35.3,309,191,6,2663,2963,491,798,4.00E-41,162
O60229,Q16566,30,330,224,4,2643,2971,10,333,2.22E-40,155
O60229,Q8IU85,30.9,272,183,2,2672,2938,8,279,6.21E-39,148
O60229,Q9UQM7,29.2,291,198,4,2680,2963,9,298,8.06E-36,141
O60229,Q15139,33.3,285,175,6,2690,2967,589,865,1.62E-35,145
O60229,P51812,34.5,267,162,5,2680,2938,418,679,1.79E-35,144
O60229,Q13555,28.8,271,189,2,2672,2938,2,272,1.46E-34,139
O60229,Q9BZL6,33.9,257,162,4,2690,2941,557,810,6.93E-34,140
O60229,Q15418,33.7,267,164,5,2680,2938,414,675,1.56E-33,138
O60229,O94806,33.5,257,163,4,2690,2941,582,835,2.15E-33,138
O60229,Q15349,31,290,187,5,2679,2957,410,697,2.70E-33,137
O60229,Q13557,28.9,263,183,2,2680,2938,10,272,3.01E-33,134
O60229,P15735,28.3,315,196,6,2662,2958,11,313,1.05E-31,127
O60229,Q13554,28.8,271,189,2,2672,2938,2,272,5.02E-31,129
O60229,O14936,30.3,297,193,6,2680,2963,8,303,4.99E-30,127
O60229,Q9NRH2,30.7,287,181,7,2676,2950,4,284,5.74E-30,127
O60229,Q16816,28.5,284,177,5,2678,2941,14,291,8.92E-30,121
O60229,Q9HBH9,29,321,190,12,2672,2957,71,388,7.29E-29,120
O60231,Q7Z478,30.2,724,379,19,396,999,569,1286,1.34E-81,288
O60231,Q7L2E3,33.2,656,377,17,399,1008,434,1074,5.68E-80,281
O60258,P08620,34.1,82,53,1,97,178,126,206,4.55E-11,57.4
O60260,Q15843,22.9,70,54,0,1,70,1,70,1.03E-06,43.9
O60264,P51532,45,515,257,6,164,654,738,1250,2.34E-132,436
O60264,P51531,44.1,515,262,7,164,654,708,1220,3.87E-130,429
O60264,Q14839,42.1,522,271,7,167,662,711,1227,2.30E-120,404
O60264,Q92698,32.6,515,286,15,180,643,153,657,7.48E-60,216
O60266,P40145,37.5,1092,586,23,53,1122,157,1173,3.25E-204,622
O60266,O95622,36.4,1118,609,20,46,1126,209,1261,1.18E-198,608
O60266,Q08828,37.1,932,479,15,218,1122,206,1057,3.49E-165,516
O60284,Q01538,57.7,810,266,17,277,1047,350,1121,1.18E-158,496
O60284,Q9Y468,62.2,37,14,0,724,760,622,658,1.82E-09,58.9
O60353,Q99835,27.6,453,285,14,69,503,118,545,1.51E-42,162
O60383,P12643,33.3,105,69,1,350,454,293,396,2.17E-18,84
O60383,P22004,27.5,160,106,2,297,453,360,512,3.71E-18,84
O60383,P12644,35.3,102,65,1,353,454,308,408,4.23E-18,83.2
O60391,Q14957,28.9,813,474,27,116,880,108,864,2.08E-69,250
O60391,Q13224,31.2,545,315,16,337,856,334,843,2.77E-68,248
O60391,O15399,31.3,533,336,12,335,856,357,870,5.17E-68,246
O60391,Q12879,31.4,554,314,18,331,856,327,842,6.33E-67,243
O60391,Q05586,30.8,480,290,11,398,857,382,839,9.46E-65,234
O60391,P42262,29.7,401,252,14,478,855,444,837,3.41E-39,154
O60391,Q13003,26.5,540,324,18,335,855,360,845,4.66E-38,151
O60391,P42261,28.3,431,275,15,478,885,437,856,5.94E-38,150
O60391,Q13002,28.5,397,252,13,478,855,461,844,5.98E-38,150
O60391,P48058,28.3,406,251,16,478,855,445,838,1.79E-37,149
O60391,P42263,28.9,409,247,17,478,855,453,848,2.31E-37,149
O60391,P39086,28,396,254,12,478,855,477,859,7.49E-37,147
O60391,Q16478,27.2,383,249,10,478,842,445,815,2.58E-33,136
O60449,P22897,31.7,120,75,3,227,343,1243,1358,2.38E-15,79.3
O60449,P14780,44.8,58,31,1,153,209,272,329,2.28E-11,65.9
O60449,P08253,39.7,58,34,1,153,209,275,332,1.31E-09,60.1
O60462,O14786,45,940,438,16,28,931,27,923,6.67E-281,801
O60462,O43897,34.6,246,145,5,26,270,347,577,4.41E-39,154
O60462,P13497,34.1,276,135,8,28,265,435,701,9.70E-39,153
O60462,P00451,42.1,159,86,3,277,431,2193,2349,3.35E-30,126
O60462,Q16832,34.2,161,91,6,277,427,30,185,2.19E-19,90.9
O60476,Q9UKM7,39.3,463,255,13,177,626,246,695,6.65E-101,320
O60494,P13497,30.7,670,355,15,1510,2088,322,973,2.27E-87,307
O60494,O43897,28.5,666,369,13,1047,1617,348,1001,6.33E-87,306
O60494,Q9Y6L7,28.9,748,403,19,1258,1956,331,998,4.51E-82,292
O60494,P09871,26.4,277,135,11,1751,1966,25,293,7.96E-08,55.5
O60503,P40145,29.8,1044,548,26,231,1241,278,1169,2.69E-110,375
O60503,Q08828,30.5,987,530,24,279,1247,211,1059,2.60E-103,352
O60503,O95622,30.3,992,545,25,280,1241,378,1253,3.12E-103,355
O60503,P16066,32.3,198,122,4,388,580,870,1060,1.92E-23,105
O60504,P15498,48.1,52,26,1,385,435,787,838,4.55E-08,53.5
O60507,O60704,63.1,363,123,3,4,361,4,360,5.74E-159,448
O60512,P15291,57.9,271,113,1,74,344,127,396,5.47E-110,325
O60513,P15291,50.4,272,134,1,69,339,122,393,9.71E-92,277
O60548,Q08050,47.6,82,39,2,127,207,236,314,2.23E-17,82.4
O60548,Q12778,39.8,108,47,3,131,222,164,269,1.81E-15,76.3
O60548,O43524,42.1,95,45,3,131,220,161,250,2.31E-14,72.8
O60573,P06730,33.3,186,114,3,53,233,36,216,4.02E-38,130
O60583,O60563,81.7,262,48,0,8,269,9,270,2.34E-142,432
O60635,P08962,26.6,252,148,11,1,241,7,232,1.75E-13,65.1
O60636,P60033,41,229,118,4,6,217,5,233,5.04E-55,173
O60669,P53985,61.3,465,164,4,1,449,1,465,2.52E-196,552
O60669,O15427,48.6,422,196,2,14,435,16,416,7.68E-136,397
O60673,P28340,28.3,859,528,19,2294,3130,307,1099,8.59E-87,308
O60673,P09884,22.3,663,447,15,2373,3004,606,1231,2.54E-31,132
O60729,Q9UNH5,63.2,399,138,5,52,443,15,411,2.64E-189,539
O60729,Q9BVJ7,29.9,154,87,6,215,363,7,144,2.11E-13,65.1
O60840,Q01668,63,2132,533,29,49,1977,83,2161,0,2307
O60840,Q13936,56.8,2134,644,32,47,1947,79,2168,0,2063
O60840,Q13698,62.1,1615,506,12,67,1638,26,1577,0,1870
O60840,Q00975,37,1876,768,21,70,1602,73,1873,0,1036
O60840,Q15878,36.2,1887,783,25,70,1602,67,1887,0,1006
O60840,O00555,34.8,1971,772,23,70,1600,76,1972,0,1004
O60840,O95180,26.9,1121,578,22,523,1445,787,1864,5.21E-86,311
O60840,O43497,26.1,1160,579,22,523,1445,737,1855,2.88E-79,289
O60840,Q15858,31.1,716,443,20,860,1553,1181,1868,9.10E-73,268
O60840,Q9NY46,30.9,698,429,21,860,1535,1195,1861,4.77E-70,259
O60840,Q99250,29.3,767,493,21,860,1603,1197,1937,3.21E-69,256
O60840,P35499,30.6,700,431,22,860,1535,1020,1688,1.42E-68,254
O60840,Q9P0X4,28.6,884,426,24,68,789,55,895,1.42E-66,248
O60840,P35498,30.2,698,437,21,860,1535,1207,1876,2.85E-66,246
O60840,Q9UI33,29.3,835,480,26,829,1618,1002,1771,3.15E-66,246
O60840,Q01118,25.3,673,457,20,860,1515,923,1566,2.40E-46,181
O60840,Q9Y5Y9,26.1,353,202,7,54,380,86,405,3.65E-31,131
O60840,Q9UQD0,27.6,337,189,8,71,380,111,419,4.16E-30,128
O60840,Q14524,26.2,355,201,8,56,380,98,421,4.19E-30,128
O60883,P24530,26.6,327,203,9,122,430,93,400,6.80E-26,107
O60883,P25101,25.3,304,204,7,140,430,90,383,2.19E-24,102
O60883,P30550,23.5,298,206,7,139,427,49,333,4.32E-17,80.1
O60883,P28336,23.8,248,171,5,136,377,49,284,8.30E-14,70.1
O60884,P31689,59.3,376,141,4,4,377,2,367,9.00E-132,382
O60890,P52757,39.9,168,99,2,393,559,297,463,3.76E-31,125
O60909,P15291,63.3,289,103,2,77,365,112,397,7.68E-128,370
O60938,Q9NYK1,29.2,209,129,4,58,247,51,259,4.03E-13,67.8
O60941,P46939,31,268,168,6,30,289,2858,3116,3.39E-31,127
O75019,Q9HCN6,39.9,291,154,10,1,289,1,272,2.82E-47,164
O75022,Q9HCN6,38.8,286,155,7,1,284,1,268,2.12E-50,175
O75023,Q9HCN6,35.1,225,126,6,118,341,22,227,1.14E-28,114
O75027,P08183,45.7,223,119,1,474,694,394,616,5.26E-54,199
O75027,P33527,29.5,302,192,6,420,716,592,877,2.55E-30,125
O75027,Q92887,26.9,216,141,3,483,695,649,850,3.26E-21,96.7
O75037,Q7Z4S6,57.3,1659,636,18,9,1612,10,1651,0,1639
O75037,Q9Y496,38.7,411,204,9,9,412,15,384,2.21E-70,248
O75037,O15066,40,407,197,10,9,407,10,377,9.80E-70,248
O75037,Q9NS87,41.1,416,196,12,2,406,21,398,6.29E-68,250
O75037,O60282,36,419,214,7,1,408,1,376,9.00E-65,236
O75037,Q12840,33.5,504,253,12,6,472,7,465,1.80E-64,236
O75037,P33176,37.5,384,195,7,1,384,1,339,9.50E-63,230
O75037,Q15058,38.3,399,203,10,9,395,359,726,1.21E-61,230
O75037,P52732,34.2,511,254,15,9,495,19,471,6.13E-61,226
O75037,O60333,35.1,410,207,8,9,395,6,379,3.86E-56,213
O75037,Q02224,34.5,432,236,12,1,429,1,388,1.56E-51,198
O75037,Q99661,32.2,373,195,11,11,370,261,588,4.71E-40,157
O75037,Q9BW19,34.5,328,166,11,48,366,372,659,1.21E-36,146
O75038,P51178,39.8,460,261,8,48,499,21,472,3.72E-85,293
O75038,P16885,25.3,1151,489,32,78,877,52,1182,2.66E-69,253
O75038,P19174,37.1,415,234,13,78,473,60,466,9.24E-65,239
O75061,O14976,43.2,986,422,22,20,913,372,1311,6.87E-241,711
O75061,P60484,28,275,177,8,63,331,22,281,1.96E-26,110
O75077,Q9BZ11,32.2,652,363,22,155,768,70,680,6.98E-92,304
O75077,O14672,25,236,132,9,405,604,341,567,4.27E-10,60.5
O75078,Q9BZ11,35.7,642,342,26,99,709,79,680,1.48E-102,331
O75078,Q13443,32,662,389,21,69,709,52,673,2.76E-94,309
O75084,Q99835,27.6,551,310,20,49,571,70,559,2.49E-47,174
O75096,O75581,43,1219,669,17,440,1640,21,1231,1.35E-159,530
O75096,P01130,40.9,389,214,5,354,727,314,701,1.67E-38,154
O75110,O14983,21.6,784,415,32,86,800,66,718,1.70E-08,55.8
O75110,P16615,21.9,643,378,27,204,800,153,717,2.27E-06,48.9
O75121,P21802,34.9,86,51,2,58,143,169,249,5.55E-07,48.9
O75121,P22607,33,88,54,2,56,143,164,246,9.64E-07,48.1
O75121,P11362,30.2,86,55,2,58,143,168,248,5.13E-06,45.8
O75185,P16615,32.4,996,553,20,63,943,10,1000,2.69E-127,408
O75185,O14983,32.9,977,543,21,63,927,10,985,5.87E-127,406
O75185,Q93084,32.8,980,538,19,64,927,11,985,8.05E-126,403
O75185,P05023,32,822,469,18,59,806,45,850,1.88E-96,324
O75185,P54707,29.8,848,517,14,59,838,60,897,1.45E-85,294
O75190,P31689,51.5,103,35,2,4,106,7,94,1.76E-23,97.1
O75197,O75581,70.6,1600,451,11,31,1615,19,1613,0,1791
O75197,P01130,34.2,330,204,6,35,353,401,728,4.39E-30,126
O75298,Q9NQC3,48.2,195,100,1,333,526,992,1186,3.43E-48,177
O75317,O75604,29.3,351,204,13,40,367,268,597,1.29E-25,105
O75317,O94782,31.8,179,96,4,172,326,426,602,4.19E-18,83.2
O75342,O15296,48.4,707,328,3,1,701,1,676,1.65E-241,683
O75342,P09917,39.9,707,386,7,1,701,1,674,2.34E-179,524
O75342,P18054,36.4,709,397,8,1,701,1,663,9.35E-152,453
O75342,P16050,33.8,711,412,10,1,701,1,662,4.29E-136,412
O75343,P16066,51.9,212,99,3,356,564,841,1052,1.68E-53,194
O75344,Q13451,36.5,137,83,3,7,142,4,137,8.44E-19,84
O75344,Q02790,39.4,109,64,2,35,142,30,137,5.52E-17,78.6
O75344,P68106,36.9,84,52,1,58,141,24,106,1.97E-13,63.2
O75351,P55072,38,237,138,6,125,355,468,701,4.82E-43,159
O75351,Q9ULI0,38,234,135,5,130,355,396,627,9.61E-38,144
O75351,P43686,37,235,139,6,127,355,158,389,5.72E-37,137
O75351,Q6PL18,37.6,234,136,5,130,355,422,653,7.65E-37,141
O75356,Q5MY95,28.3,424,234,15,49,420,43,448,1.23E-32,126
O75356,O75355,25.9,428,252,13,49,424,57,471,1.27E-30,120
O75356,P49961,27.3,440,252,17,32,420,36,458,2.02E-30,120
O75356,Q9Y5L3,26.9,424,239,17,49,420,40,444,9.74E-29,115
O75367,Q460N5,27.2,184,114,5,194,365,1013,1188,7.22E-16,76.6
O75369,P46939,32,225,143,7,17,237,32,250,1.25E-24,110
O75382,Q9UPN9,24,362,211,11,22,322,125,483,1.30E-14,75.1
O75417,Q7Z5Q5,30.1,539,270,12,2060,2585,411,855,2.41E-55,207
O75417,O75643,31.3,435,233,17,109,517,497,891,2.44E-31,132
O75420,Q6Y7W6,40.2,1343,451,32,1,1035,1,1299,1.61E-214,647
O75449,P55072,39.5,304,154,7,197,482,465,756,1.32E-51,184
O75449,Q6PL18,36.5,282,159,8,198,469,415,686,1.10E-39,150
O75449,Q9ULI0,38.7,248,135,6,198,436,389,628,8.96E-39,148
O75452,Q9BPW9,49.1,291,147,1,17,306,16,306,1.35E-97,288
O75452,P37059,34.4,299,184,4,13,303,66,360,4.62E-45,155
O75473,P22888,26.9,412,292,4,429,834,229,637,2.88E-40,156
O75473,P16473,26.1,464,281,7,429,834,233,692,7.66E-39,152
O75494,Q13247,29,107,66,2,12,116,4,102,1.98E-11,60.5
O75521,Q9Y6F8,39.4,254,153,1,139,391,283,536,6.83E-54,184
O75521,Q9Y232,39,254,154,1,139,391,341,594,1.77E-53,184
O75521,Q8N8U2,37.8,254,157,1,139,391,249,502,5.58E-49,170
O75569,Q15633,42.1,363,147,7,14,313,4,366,3.02E-85,258
O75578,P56199,36.1,1167,687,19,20,1150,26,1169,6.90E-236,703
O75578,P17301,34.5,1179,709,24,11,1153,11,1162,1.71E-214,648
O75578,P20701,29.7,1190,693,45,15,1150,18,1117,1.13E-110,371
O75578,P13612,25.2,849,545,33,374,1161,199,1018,3.16E-51,194
O75578,P06756,25.3,870,555,32,374,1166,186,1037,1.15E-44,173
O75600,O15270,34.6,367,221,7,66,414,169,534,1.37E-53,184
O75628,P01112,32.3,164,108,2,81,244,4,164,6.80E-22,88.2
O75712,P29033,55.6,216,88,3,1,210,1,214,1.09E-87,258
O75712,P17302,40.7,258,123,5,2,236,3,253,1.57E-57,186
O75746,P12236,29.7,293,179,9,330,603,12,296,3.41E-28,112
O75746,P05141,28.5,291,187,7,330,604,12,297,2.11E-27,110
O75752,Q9Y5Z6,41.3,269,149,5,57,323,57,318,5.41E-63,200
O75791,P62993,53.3,150,67,2,1,147,1,150,6.37E-54,173
O75791,P00519,36.2,138,81,3,4,134,67,204,1.22E-21,93.2
O75791,P42684,37,138,80,4,4,134,113,250,9.90E-21,90.5
O75791,P16333,28.9,166,84,5,5,137,197,361,5.53E-17,78.2
O75791,Q9H3Y6,36.1,144,80,5,4,135,57,200,2.10E-15,73.9
O75791,Q5TCX8,50,64,26,2,269,327,37,99,3.16E-13,67.8
O75791,Q06124,37.3,102,53,2,47,137,101,202,1.47E-10,59.3
O75808,P07384,31.6,339,201,9,474,800,42,361,3.77E-41,159
O75815,P16591,30.1,146,91,2,138,281,444,580,9.08E-14,72.4
O75815,P29353,31.3,115,65,3,146,257,480,583,6.34E-10,59.7
O75815,P46108,31.5,130,68,4,153,266,12,136,6.17E-08,52.4
O75815,Q06124,28,189,113,7,78,256,44,219,2.44E-06,48.1
O75815,P29350,31.5,111,70,3,144,250,100,208,5.57E-06,47
O75828,P16152,71.8,277,78,0,1,277,1,277,2.92E-144,403
O75840,Q13118,69.7,33,10,0,217,249,367,399,1.83E-08,52.4
O75881,Q16647,32.8,481,303,10,40,505,24,499,1.46E-70,231
O75886,P62993,44.9,49,26,1,209,256,5,53,4.30E-07,48.1
O75886,P08631,41,61,33,2,207,265,83,142,9.38E-07,48.5
O75886,P46108,34.9,63,40,1,195,256,125,187,3.27E-06,46.2
O75891,O94788,51,478,227,3,423,899,39,510,4.08E-159,473
O75891,P00352,50.6,478,229,3,423,899,22,493,1.59E-156,466
O75891,P30837,49.9,481,234,3,422,901,37,511,1.68E-154,461
O75891,P47895,48.5,480,240,3,423,901,33,506,5.61E-154,460
O75891,P05091,48.5,489,245,3,412,899,27,509,5.75E-152,455
O75891,P51649,36.5,480,290,10,425,900,64,532,1.11E-84,279
O75891,P30838,25.9,437,307,9,458,892,1,422,8.67E-32,127
O75897,P49888,51.3,277,135,0,22,298,14,290,7.03E-103,300
O75899,Q9UBS5,35.5,755,454,12,74,817,185,917,3.75E-144,450
O75900,Q99542,39.8,171,83,7,87,254,103,256,1.69E-25,105
O75900,P03956,38.1,181,90,6,78,254,99,261,1.80E-25,104
O75900,Q9ULZ9,39,182,92,7,54,229,98,266,5.83E-25,103
O75900,P51512,37.1,194,100,8,75,259,116,296,1.53E-23,99.8
O75900,P09238,36.3,179,89,7,83,254,103,263,1.73E-20,90.1
O75900,P08254,36.9,176,84,8,87,254,108,264,2.34E-20,89.7
O75900,P09237,36.1,183,92,9,79,254,95,259,5.08E-20,86.3
O75909,O60563,33.9,242,143,5,24,257,12,244,7.20E-38,146
O75912,Q13574,60.5,945,292,12,133,1065,53,928,0,1132
O75912,Q9Y6T7,34,606,316,20,155,711,220,790,2.02E-87,296
O75912,P49619,35.6,526,266,15,210,710,302,779,1.59E-83,285
O75912,P23743,34.3,560,294,16,175,702,203,720,2.37E-82,281
O75923,P17252,35.4,65,40,1,32,96,209,271,2.55E-06,49.7
O75923,P05129,39.1,64,37,1,32,95,209,270,3.39E-06,49.3
O75940,Q16637,52,50,24,0,73,122,92,141,3.85E-11,58.9
O75962,O43293,39.6,285,164,2,2789,3065,6,290,4.06E-63,221
O75962,P53355,39.4,307,173,3,2789,3082,6,312,1.21E-58,222
O75962,Q9UIK4,38.7,266,155,2,2793,3050,20,285,7.26E-56,197
O75962,Q9UEE5,38.3,256,152,4,2801,3050,66,321,1.80E-50,183
O75962,O94768,34.9,269,168,5,2790,3051,26,294,2.43E-49,178
O75962,Q86YV6,39.3,262,154,4,2793,3050,101,361,1.60E-46,171
O75962,Q15746,33.4,305,199,4,2784,3085,1452,1755,1.99E-43,172
O75962,Q32MK0,40.6,251,146,3,2802,3050,521,770,3.16E-41,163
O75962,Q9H1R3,35.5,251,159,3,2802,3050,291,540,2.20E-38,151
O75962,Q9UQM7,31.9,263,175,3,2792,3050,9,271,1.28E-33,135
O75962,Q13555,32.3,263,174,3,2792,3050,10,272,1.56E-33,136
O75962,Q13557,32.3,263,174,3,2792,3050,10,272,7.58E-33,133
O75962,Q13554,30.8,263,178,3,2792,3050,10,272,2.03E-29,124
O75962,Q9H093,34.9,209,127,4,2789,2992,46,250,6.59E-29,122
O75962,O14936,29.2,271,180,4,2792,3051,8,277,3.64E-27,118
O75962,P98174,25.9,352,214,16,1296,1612,377,716,1.54E-14,77.4
O75962,P15498,29.8,171,105,7,1974,2135,199,363,9.62E-12,68.2
O75962,Q9P2K8,26.7,202,109,7,2873,3050,815,1001,1.16E-09,61.6
O75970,P78352,28.6,381,182,11,1722,2067,64,389,1.54E-25,112
O75970,Q12923,25.8,364,239,8,1726,2067,1094,1448,2.34E-18,89.7
O75970,Q5TCQ9,24.3,407,223,13,1707,2058,713,1089,3.04E-17,85.9
O75976,P15169,48.8,410,175,7,493,873,15,418,3.28E-120,380
O75976,P14384,51,361,167,6,500,854,19,375,1.37E-115,367
O76054,P49638,30.5,243,149,9,7,243,19,247,1.32E-22,94
O76062,Q9UBM7,41.8,335,181,5,97,418,142,475,3.02E-78,247
O76081,Q9UGC6,62.5,216,69,4,179,388,1,210,1.96E-77,235
O76081,P57771,48,125,65,0,254,378,48,172,9.66E-36,126
O76081,P49798,46.5,129,69,0,254,382,54,182,2.06E-33,121
O76082,O75751,32.7,566,335,16,1,536,1,550,1.42E-76,249
O76082,Q8TCC7,32.5,544,323,12,4,531,3,518,3.49E-71,235
O76082,Q4U2R8,30.5,528,349,8,4,524,3,519,4.78E-63,214
O76082,Q9NSA0,31.5,540,320,12,12,524,11,527,3.71E-58,200
O76082,P11169,29.6,223,130,11,144,350,65,276,6.65E-09,55.5
O76082,P11166,24.9,249,148,9,119,350,52,278,3.00E-06,47
O76093,P21781,33.6,143,87,5,38,175,50,189,1.94E-16,71.6
O94761,P46063,33.9,351,197,11,479,817,90,417,2.45E-42,162
O94761,P54132,34.7,352,202,8,474,817,661,992,6.69E-42,165
O94761,Q14191,31.7,353,205,10,477,820,545,870,1.04E-40,161
O94762,P46063,38.4,435,237,11,15,443,78,487,6.08E-80,271
O94762,P54132,40.4,416,228,8,10,422,649,1047,3.07E-79,280
O94762,Q14191,33,439,251,13,12,436,532,941,6.96E-56,208
O94769,Q9NR97,28.2,248,114,5,329,571,49,237,7.72E-14,72.4
O94769,O60602,33.1,124,72,5,524,643,422,538,2.23E-06,48.1
O94805,P61160,27.5,429,243,13,14,423,9,388,3.77E-37,137
O94808,Q06210,77.3,701,138,3,1,682,1,699,0,1083
O94810,Q9UGC6,38.3,128,78,1,292,418,73,200,4.24E-23,94.4
O94812,P05129,35.4,113,67,3,1010,1122,157,263,1.49E-09,59.3
O94812,P17252,33.9,121,52,4,179,297,154,248,1.92E-09,58.9
O94812,P05771,34.2,114,66,4,1010,1122,158,263,6.69E-08,53.9
O94832,Q9UKN7,37.1,730,414,17,8,719,1221,1923,2.02E-135,449
O94832,P35580,36,744,434,13,13,729,89,817,7.30E-129,428
O94832,P35579,35.6,744,434,14,13,729,85,810,2.85E-125,417
O94832,Q7Z406,36.1,751,432,17,8,729,103,834,2.82E-124,415
O94832,Q9UKX2,36.3,733,429,13,13,720,90,809,4.22E-124,414
O94832,Q8WXR4,33.3,772,419,18,13,722,347,1084,2.85E-114,380
O94832,Q8NEV4,32.4,706,395,12,33,682,362,1041,9.41E-109,368
O94856,P29320,30.2,126,81,3,895,1016,396,518,2.63E-09,58.9
O94856,Q15375,29.2,144,89,3,895,1031,402,539,8.96E-08,53.9
O94868,P80192,38,71,42,1,561,629,46,116,9.40E-10,59.3
O94875,P62993,26.3,213,96,8,942,1097,2,210,5.59E-11,60.8
O94880,P55201,36.1,166,86,4,316,477,270,419,2.51E-25,110
O94887,P29074,43.5,338,184,5,40,371,25,361,1.65E-78,274
O94887,Q12923,26.5,294,172,9,60,319,584,867,5.39E-23,103
O94910,Q99972,35.6,264,151,5,142,395,246,500,1.60E-47,176
O94966,Q13107,36.1,726,356,19,494,1213,299,922,1.30E-117,388
O94966,P40818,44.7,188,104,0,494,681,774,961,6.03E-45,174
O94966,O75604,41.9,186,105,2,495,679,265,448,1.07E-37,148
O94966,Q9UK80,38.8,201,104,4,495,679,210,407,2.41E-29,122
O94966,P45974,24.2,149,91,2,481,609,310,456,3.74E-06,48.5
O95045,Q16831,65.9,290,99,0,25,314,19,308,8.66E-136,385
O95047,P37288,28.6,140,88,5,2,132,24,160,5.55E-06,44.7
O95057,P62834,44.7,161,86,3,7,165,3,162,4.04E-44,142
O95057,P01116,41.5,159,92,1,7,165,3,160,6.12E-39,129
O95057,P01112,39.6,159,95,1,7,165,3,160,1.94E-37,125
O95057,P01111,39.6,159,95,1,7,165,3,160,3.88E-37,125
O95057,P62826,25.6,160,114,3,3,161,6,161,4.21E-13,62.8
O95067,P14635,64.1,290,103,1,102,391,139,427,3.32E-129,376
O95067,P20248,38.4,250,149,4,133,379,177,424,6.33E-43,152
O95067,P24864,30.2,205,124,5,136,321,114,318,6.42E-22,94
O95197,Q9NQC3,53.8,225,103,1,808,1032,969,1192,2.42E-62,228
O95198,Q05516,29.9,117,77,1,35,151,13,124,8.76E-12,65.1
O95208,Q9Y6I3,37.5,640,230,14,1,572,1,538,1.88E-88,284
O95238,P50549,54.8,84,35,3,249,332,335,415,5.99E-18,81.6
O95239,Q7Z4S6,47.6,429,186,6,10,402,10,435,6.97E-98,341
O95239,Q9Y496,47,362,176,8,10,361,15,370,2.13E-77,268
O95239,O15066,44.8,366,186,7,10,365,10,369,5.53E-75,262
O95239,Q9NS87,45,389,188,9,6,376,23,403,6.02E-70,254
O95239,P52732,39.7,426,224,10,2,398,11,432,6.54E-69,249
O95239,O60333,40.8,390,195,9,5,365,1,383,1.70E-68,251
O95239,Q02224,43.2,359,187,6,10,361,7,355,5.16E-67,246
O95239,P33176,43,337,180,7,10,345,9,334,5.56E-66,239
O95239,Q12840,42.7,349,183,8,1,345,1,336,1.83E-64,235
O95239,O60282,43.8,338,178,7,10,345,9,336,2.32E-64,234
O95239,Q15058,40.3,382,196,8,4,361,353,726,1.06E-63,235
O95239,Q9BW19,36.6,366,185,12,3,332,305,659,1.04E-41,161
O95239,O95235,36.2,218,131,3,130,340,295,511,2.75E-24,107
O95255,P33527,45.2,1521,792,13,14,1503,22,1531,0,1248
O95255,O15438,42.9,1528,825,11,10,1502,11,1526,0,1121
O95255,Q92887,38.5,1534,867,19,27,1502,23,1537,0,951
O95255,O15440,31.6,1387,794,25,204,1496,100,1425,2.40E-178,569
O95255,O60706,30.3,1530,905,34,72,1496,72,1544,4.11E-169,547
O95255,Q09428,34.9,921,531,12,619,1490,669,1569,9.88E-144,478
O95255,P13569,24.7,1487,880,25,208,1503,9,1447,1.93E-104,363
O95258,Q9BQT8,28.4,285,186,9,42,318,15,289,3.80E-25,100
O95294,P05771,35.9,103,58,3,139,234,177,278,2.30E-13,70.9
O95302,P26885,48.4,95,49,0,382,476,42,136,1.12E-25,100
O95302,Q9NWM8,36.8,125,76,2,245,366,12,136,5.06E-23,94.7
O95302,Q13451,26,308,191,9,140,435,24,306,3.00E-17,81.6
O95302,P68106,39,82,50,0,172,253,26,107,1.66E-13,64.3
O95365,Q14145,30.1,153,98,3,15,161,58,207,4.66E-12,65.9
O95377,P29033,50.5,218,103,2,1,213,1,218,1.30E-79,237
O95377,P17302,39.6,235,114,3,2,211,3,234,3.49E-53,174
O95390,O14793,65.3,346,111,2,62,407,39,375,1.31E-171,482
O95390,P22004,31.3,208,107,7,235,406,305,512,1.97E-23,99.4
O95393,P12643,30.8,389,210,10,54,424,49,396,6.65E-50,171
O95393,P12644,31.7,331,182,8,102,424,114,408,3.67E-42,150
O95416,Q9UJU2,33.3,72,48,0,7,78,298,369,9.70E-06,43.1
O95436,Q06495,63.8,511,168,3,103,613,106,599,2.67E-207,594
O95436,Q8N130,47.4,546,271,2,68,613,43,572,2.29E-153,454
O95450,Q9UHI8,32.7,893,509,38,115,948,80,939,2.61E-119,391
O95450,Q9UNA0,30.7,847,454,30,155,942,130,902,1.60E-98,333
O95450,O75173,32.9,768,435,35,105,832,73,800,2.35E-94,319
O95450,Q13443,23,395,257,14,111,492,68,428,2.70E-13,71.6
O95452,P29033,77.2,224,51,0,1,224,1,224,1.57E-132,371
O95452,P17302,44.2,233,111,4,2,216,3,234,4.37E-61,194
O95476,Q9GZU7,45.3,179,88,3,57,234,85,254,1.18E-41,140
O95477,Q9UNQ0,29.3,225,142,6,1925,2135,56,277,4.22E-14,75.1
O95477,P13569,23.7,207,134,5,899,1092,1210,1405,3.41E-06,49.7
O95479,P11413,32.7,489,279,17,25,502,32,481,2.18E-63,218
O95490,Q99972,36.9,244,138,4,155,391,266,500,2.62E-48,178
O95528,Q9NY64,27.4,521,292,11,10,515,28,477,1.10E-38,145
O95600,Q13118,61.5,39,15,0,266,304,361,399,6.66E-09,54.3
O95672,P42892,37.4,752,446,11,30,775,38,770,2.04E-176,523
O95672,P0DPD6,39.2,681,394,8,103,775,143,811,2.50E-176,524
O95672,P08473,35.5,699,424,12,99,775,57,750,7.31E-144,438
O95714,Q8TD19,30.3,363,222,9,4026,4361,357,715,4.11E-32,135
O95714,Q86SG6,30.4,293,182,8,2937,3212,386,673,2.37E-23,106
O95716,P61026,53.5,172,80,0,15,186,2,173,7.60E-64,194
O95716,P51159,44.5,191,95,3,15,194,2,192,2.13E-55,173
O95716,P20340,43.5,161,91,0,23,183,14,174,1.15E-43,143
O95716,O14966,34.6,185,114,4,20,198,5,188,6.50E-32,112
O95716,P62834,36.7,166,102,3,23,186,4,168,1.74E-26,98.2
O95793,Q15633,29.4,204,103,5,180,349,26,222,1.76E-11,63.2
O95817,P46934,60.6,33,12,1,22,54,842,873,2.73E-07,50.8
O95837,P29992,82.3,351,62,0,5,355,9,359,4.81E-213,584
O95837,P04899,50.4,353,171,3,5,354,3,354,1.94E-113,331
O95837,Q5JWF2,40.3,370,185,8,21,355,669,1037,2.64E-69,231
O95843,P62166,33.8,157,98,1,17,167,25,181,1.00E-27,101
O95865,O94760,52.6,272,126,2,8,279,10,278,2.79E-88,262
O95897,Q99972,39.9,258,148,4,194,444,244,501,2.17E-64,213
O95907,O15427,59,437,136,3,10,436,8,411,1.06E-173,494
O95907,P53985,43.4,431,223,5,12,427,13,437,1.97E-112,339
O95922,Q8NG68,30,223,130,10,118,332,133,337,4.64E-19,85.5
O95972,P22004,39,118,72,0,274,391,395,512,5.97E-25,103
O95996,P25054,39.9,1712,686,40,4,1417,2,1668,3.31E-281,900
O96009,P07339,47.2,409,191,5,13,401,6,409,9.26E-135,390
O96009,P14091,45.1,397,206,5,10,401,5,394,1.93E-114,338
O96009,P00797,43.9,358,188,5,47,402,60,406,1.19E-101,305
O96009,P0DJD9,41.2,388,203,7,22,399,13,385,1.24E-96,292
O96009,P20142,41.8,342,186,7,62,401,57,387,1.93E-83,258
O96014,P56703,38.8,338,196,6,23,354,23,355,2.77E-83,254
O96014,P56704,37.1,334,200,5,27,354,23,352,2.27E-81,249
O96019,P61160,27.7,430,244,14,14,426,9,388,7.63E-37,136
O96020,P24864,55.2,335,144,2,68,399,71,402,2.16E-123,360
O96020,P14635,32.8,201,120,5,103,302,164,350,1.48E-21,93.2
O96024,Q9Y5Z6,34.8,279,135,11,71,343,78,315,3.67E-39,139
P00167,O95864,37.5,88,54,1,2,88,11,98,4.56E-13,62
P00450,P00451,34.2,761,420,15,11,724,10,736,3.74E-126,423
P00450,P12259,34.1,695,369,13,371,1038,31,663,8.58E-110,374
P00505,P17174,48.9,407,201,4,31,430,5,411,6.42E-138,399
P00540,Q12852,28.1,292,169,7,55,345,120,371,9.90E-30,117
P00540,P41240,31,300,161,14,49,342,185,444,4.12E-26,105
P00540,Q8NFD2,28.9,287,157,12,56,329,24,276,1.40E-21,93.2
P00540,P12931,29.1,289,165,10,51,334,262,515,4.78E-21,91.3
P00540,Q16584,24.4,303,184,9,56,345,113,383,6.46E-21,91.3
P00540,P42679,28.7,296,163,13,49,338,225,478,1.46E-20,89.7
P00540,Q99759,28.1,295,179,7,46,335,351,617,2.42E-20,89.4
P00540,Q9Y2U5,28.8,302,169,11,42,335,348,611,1.49E-18,84
P00540,P07947,28.1,285,165,11,51,330,269,518,3.27E-18,82.8
P00540,Q13873,24.8,322,176,10,54,332,197,495,2.62E-17,80.5
P00540,Q13882,27.4,296,169,13,56,340,183,443,2.81E-17,79.7
P00540,P22607,25.6,308,196,12,46,338,459,748,1.06E-15,75.5
P00540,Q02763,25.4,299,195,9,55,344,819,1098,2.83E-15,74.3
P00540,P57078,29,286,156,13,57,330,25,275,8.23E-15,72.8
P00540,Q59H18,26.6,278,172,10,66,338,469,719,8.24E-15,72.8
P00540,Q6XUX3,29.6,304,161,16,43,329,630,897,4.85E-14,70.5
P00540,P22455,25.4,295,190,11,58,338,465,743,6.16E-14,70.1
P00540,P11362,25.2,321,197,12,40,343,465,759,1.48E-13,68.9
P00540,Q12851,31.4,223,120,8,62,278,18,213,1.48E-12,65.9
P00540,P21802,23.9,309,200,12,46,338,468,757,1.48E-12,65.9
P00540,Q15831,34.5,110,69,2,181,288,156,264,2.42E-12,64.7
P00540,Q13043,25.5,278,170,9,62,335,32,276,2.68E-12,64.7
P00540,O94768,31,155,95,5,185,335,142,288,2.71E-12,64.3
P00540,Q04771,24.1,316,165,12,58,333,206,486,2.77E-12,64.7
P00540,Q13418,24,296,184,12,55,342,188,450,1.07E-11,62.8
P00568,P30085,40.5,190,104,4,10,191,5,193,8.47E-48,152
P00568,P27144,29.6,189,99,5,13,172,10,193,2.08E-21,85.1
P00738,P00736,30.3,423,217,17,33,405,309,703,7.62E-55,190
P00739,P00736,32.4,330,179,11,41,347,395,703,6.56E-51,177
P01009,P20848,61.3,421,160,1,1,418,1,421,2.80E-175,493
P01009,P08185,44.7,360,199,0,56,415,45,404,1.87E-105,315
P01009,P01008,30.4,378,248,11,55,418,88,464,4.76E-45,159
P01011,P08185,48.5,373,186,3,48,420,38,404,5.91E-111,329
P01011,P50454,26,377,266,7,49,421,43,410,9.86E-36,133
P01100,P53539,36.5,406,163,15,2,380,1,338,1.37E-37,135
P01127,P04085,45.4,183,89,3,7,184,7,183,1.99E-42,140
P01133,O75581,31.9,141,93,2,660,797,200,340,1.18E-17,86.3
P01137,O14793,27.6,359,218,12,42,390,49,375,7.18E-26,104
P01258,P06881,68,125,33,2,1,120,1,123,3.95E-45,141
P01266,P06276,29.8,541,332,15,2206,2722,38,554,1.48E-58,212
P01266,O00748,29.4,548,318,20,2204,2722,35,542,8.44E-45,170
P01266,P23141,27.8,557,345,19,2197,2722,21,551,3.29E-37,147
P01266,P19835,28.1,556,318,24,2217,2730,39,554,8.00E-37,148
P01593,P01721,46.9,113,55,3,7,115,4,115,1.25E-25,90.5
P01699,P01721,67.2,116,36,1,1,114,1,116,5.04E-49,149
P01700,P01721,68.1,116,35,1,1,114,1,116,7.50E-51,154
P01701,P01721,65.5,116,38,1,1,114,1,116,3.72E-51,155
P01704,P01721,66.7,117,36,2,1,115,1,116,5.14E-45,139
P01705,P01721,66.7,114,35,2,1,112,1,113,4.55E-44,137
P01706,P01721,66.7,117,36,2,1,115,1,116,7.38E-47,144
P01709,P01721,66.9,118,36,2,1,116,1,117,6.10E-48,147
P01889,P04439,85.6,362,52,0,1,362,1,362,3.65E-225,615
P01893,P04439,85.6,362,52,0,1,362,1,362,4.66E-228,622
P01920,P01911,63.1,252,93,0,7,258,4,255,2.98E-116,331
P01920,P79483,61.5,252,97,0,7,258,4,255,8.81E-111,317
P02452,P02458,67.6,272,85,3,1195,1464,1217,1487,1.98E-116,398
P02461,P02458,63.1,271,97,2,1199,1466,1217,1487,6.29E-110,379
P02585,P0DP23,66.7,75,25,0,12,86,5,79,8.76E-28,98.6
P02585,P27482,59.4,69,28,0,12,80,5,73,2.16E-22,84.7
P02689,P15090,67.2,131,43,0,1,131,1,131,2.25E-59,177
P02689,P05413,63.4,131,48,0,1,131,1,131,1.28E-56,170
P02689,O15540,59.5,131,53,0,1,131,1,131,1.52E-50,154
P02689,Q01469,58.7,126,52,0,7,132,9,134,9.08E-48,147
P02749,P16109,30.7,251,158,10,26,267,330,573,1.74E-29,116
P02749,P08603,25.5,302,191,17,44,331,409,690,1.64E-13,68.9
P02771,P02768,40,610,364,2,1,609,1,609,1.06E-166,486
P02775,P19875,55.7,70,31,0,57,126,37,106,3.67E-23,84.3
P02775,P02776,52.9,70,33,0,52,121,30,99,2.03E-21,79.7
P02790,P45452,27.1,188,118,8,30,203,264,446,2.12E-10,59.7
P03999,P25103,23.9,297,212,6,21,308,22,313,4.25E-22,93.6
P03999,P29371,25.2,294,204,9,25,309,79,365,2.77E-21,91.7
P03999,P41145,23.1,299,207,8,24,310,53,340,6.04E-18,81.3
P03999,P41143,24.8,298,197,13,36,318,54,339,1.07E-13,68.6
P03999,P35372,23.1,294,187,10,36,310,75,348,6.89E-13,66.2
P04000,P48039,23.3,296,198,8,49,330,23,303,4.40E-18,81.6
P04000,P41145,26,304,192,11,46,332,53,340,1.25E-14,71.6
P04000,P41143,25.7,292,187,12,63,339,59,335,7.41E-12,63.2
P04000,P35372,23.9,276,197,8,63,332,80,348,8.13E-12,63.2
P04000,P49146,21.8,294,198,6,63,337,60,340,1.82E-11,62
P04000,Q96P65,19.5,298,210,10,61,334,53,344,7.95E-07,47.8
P04001,P49146,22.1,294,197,6,63,337,60,340,1.79E-12,65.1
P04001,P41143,26.2,282,182,11,71,339,67,335,3.10E-12,64.3
P04001,Q96P65,19.9,292,204,10,67,334,59,344,1.40E-06,47
P04001,P25106,23.1,303,200,12,52,337,44,330,5.14E-06,45.1
P04004,Q9NPA2,29.4,136,78,9,154,282,315,439,8.37E-07,48.5
P04180,Q8NCC3,49.6,375,185,3,48,420,39,411,5.45E-139,402
P04198,P01106,36.9,498,211,17,7,462,14,450,4.04E-49,171
P04201,Q96LB2,37.7,268,156,4,42,305,37,297,6.72E-46,155
P04201,Q96LB1,35.1,316,171,11,13,305,2,306,2.40E-44,152
P04201,Q9Y5Y4,29.7,232,125,9,10,215,13,232,6.28E-16,75.1
P04201,Q16581,30.6,144,83,5,34,172,24,155,5.21E-12,63.5
P04275,P56199,31,126,81,4,1679,1802,160,281,5.66E-10,62.4
P04350,P07437,96.6,444,14,1,1,443,1,444,0,865
P04350,Q13509,92.3,443,33,1,1,442,1,443,3.21E-307,830
P04350,Q9H4B7,80.2,430,85,0,1,430,1,430,2.86E-262,716
P04440,P01911,64.9,245,84,1,14,256,14,258,5.06E-114,325
P04440,P79483,62,245,91,1,14,256,14,258,2.12E-108,311
P04628,P56703,46,337,173,3,34,369,26,354,1.99E-109,322
P04628,P56704,45.1,337,176,3,34,369,23,351,9.46E-107,315
P04632,P07384,50,176,88,0,93,268,539,714,9.81E-57,190
P04632,P17655,44.2,197,110,0,66,262,499,695,2.08E-52,178
P04908,Q07889,32.1,84,56,1,11,94,90,172,6.80E-07,44.3
P05090,P02753,31.1,151,65,10,33,158,29,165,9.65E-11,55.8
P05108,P19099,38.7,499,303,2,17,515,8,503,9.31E-113,341
P05108,P15538,37.9,499,307,2,17,515,8,503,2.26E-107,327
P05108,O15528,32.9,474,307,7,46,511,35,505,1.32E-70,231
P05108,Q02318,28.8,489,329,8,35,511,45,526,2.28E-58,199
P05108,P11509,25.7,187,125,6,308,486,283,463,2.92E-11,62.8
P05109,P04271,33.3,87,54,1,2,84,1,87,1.98E-13,57.8
P05120,P01008,32,419,240,9,3,415,82,461,1.39E-61,203
P05120,P05121,29.5,413,235,10,11,415,38,402,4.85E-47,163
P05154,P08185,40.7,410,233,4,1,406,1,404,1.05E-95,290
P05156,O60235,39.4,241,132,6,339,574,186,417,1.26E-48,172
P05156,P03952,37.8,238,135,7,339,569,390,621,4.68E-40,152
P05156,P00750,36.7,251,135,11,339,569,310,556,2.15E-36,140
P05156,Q9NRR2,35.6,247,133,11,339,573,37,269,3.12E-34,129
P05156,Q04756,33.5,248,153,9,337,576,405,648,6.92E-34,134
P05156,O60259,32,244,140,10,339,574,32,257,1.67E-32,123
P05160,P08603,27.4,581,364,25,57,616,176,719,2.32E-58,210
P05165,Q13085,27,742,430,18,61,728,116,819,1.90E-67,239
P05165,O00763,27.5,761,405,20,60,728,257,962,8.52E-67,238
P05181,P33261,57.7,485,204,1,8,491,5,489,6.63E-215,600
P05181,P11712,57.7,485,204,1,8,491,5,489,4.79E-210,587
P05181,P10632,57.1,485,207,1,8,491,5,489,8.53E-206,577
P05181,P11509,47.7,486,253,1,8,492,9,494,3.31E-164,471
P05181,P51589,40,480,281,5,15,492,27,501,5.83E-121,361
P05181,P10635,40.2,490,276,8,14,492,14,497,2.00E-111,336
P05181,P08686,28.2,458,296,14,24,465,16,456,4.28E-49,173
P05455,Q4G0J3,34.4,157,93,5,15,169,36,184,3.94E-16,77.4
P05538,P01911,64.1,262,93,1,7,267,4,265,1.93E-116,332
P05538,P79483,62.6,262,97,1,7,267,4,265,1.83E-114,327
P05543,P08185,41.7,398,218,4,23,412,13,404,1.11E-97,295
P05543,P50454,26.2,390,271,9,28,412,32,409,5.07E-29,114
P05546,P08185,31.9,370,241,8,130,496,43,404,2.08E-51,177
P05976,P27482,34.2,120,75,2,46,165,4,119,2.48E-13,62
P05997,P02458,60.6,259,100,2,1242,1499,1230,1487,1.09E-93,331
P06028,P02724,59.8,122,14,2,1,90,1,119,1.75E-27,95.1
P06133,P16662,85.4,529,76,1,1,528,1,529,0,939
P06133,O75795,78.1,530,114,2,1,528,1,530,1.47e-317,863
P06133,P22309,46.9,510,250,8,24,526,28,523,2.57E-148,433
P06133,O60656,46.2,533,258,12,5,526,6,520,3.87E-144,422
P06133,Q9HAW8,45.5,528,269,9,5,526,6,520,3.51E-142,417
P06133,Q9HAW7,45.3,530,267,10,5,526,6,520,1.40E-141,416
P06133,P19224,44.7,508,262,8,25,526,28,522,2.40E-140,413
P06731,P20273,25.9,433,273,16,255,659,163,575,5.54E-20,92
P07093,P05121,41.3,380,219,3,21,398,25,402,6.54E-97,292
P07093,P01008,31.7,363,230,8,48,398,105,461,3.67E-52,178
P07098,P38571,59.5,383,153,1,13,393,13,395,1.33E-172,485
P07225,P00742,38.8,183,76,5,18,199,17,164,3.70E-28,115
P07225,P00740,37.2,196,82,7,9,200,13,171,7.90E-23,99.4
P07225,P08709,34.9,175,81,3,26,199,45,187,3.48E-22,97.4
P07225,P04070,35,177,84,5,26,199,27,175,4.47E-22,97.1
P07307,P07306,57.5,301,105,3,1,301,1,278,4.66E-127,362
P07307,Q8WTT0,32.8,137,78,4,175,304,81,210,1.92E-20,85.1
P07357,P02748,29.5,556,342,11,2,529,7,540,5.57E-77,251
P07358,P02748,28.3,513,325,12,63,540,41,545,6.48E-66,222
P07510,Q04844,50.5,503,229,5,5,505,3,487,2.08E-158,457
P07510,Q07001,47.7,522,245,11,5,512,2,509,4.61E-150,437
P07510,P17787,38.8,505,273,10,6,499,6,485,1.01E-100,310
P07510,P43681,42.7,372,195,6,7,374,14,371,3.19E-84,270
P07510,P32297,34.2,497,299,6,8,493,17,496,3.59E-83,264
P07510,P02708,39.3,349,203,3,7,355,5,344,4.10E-78,249
P07510,P36544,31.2,491,291,8,26,495,26,490,6.42E-67,221
P07510,P46098,29.2,308,201,6,10,308,9,308,3.85E-35,134
P07738,P18669,53.7,255,116,1,1,255,1,253,1.13E-105,304
P07864,P00338,75.3,332,82,0,1,332,1,332,1.18E-189,523
P07864,P07195,69.8,331,99,1,1,330,1,331,7.73E-170,473
P08034,P29033,64.3,224,79,1,1,223,1,224,1.38E-108,311
P08034,P17302,42.9,245,120,3,2,227,3,246,2.31E-61,196
P08047,Q13118,57.9,38,16,0,619,656,362,399,5.64E-08,53.1
P08100,P35346,29.9,291,180,11,55,336,58,333,2.97E-25,102
P08100,P29371,25.7,269,184,7,55,314,103,364,1.58E-21,92.4
P08100,P31391,25.6,281,196,8,46,322,56,327,8.89E-18,80.9
P08100,P30872,24.7,275,189,7,55,322,76,339,9.92E-17,77.8
P08100,P51685,25.9,293,179,8,39,314,37,308,1.43E-12,65.1
P08100,P29275,23.4,265,185,5,66,314,36,298,4.30E-11,60.5
P08100,P30989,23.7,316,195,10,47,323,73,381,5.70E-11,60.5
P08100,P35368,19.9,317,192,6,55,323,63,365,6.65E-10,57.4
P08100,O14804,23,291,193,7,46,321,46,320,2.56E-09,55.1
P08123,P02458,66.1,251,82,2,1116,1365,1238,1486,1.46E-105,365
P08134,P61586,91.7,193,16,0,1,193,1,193,2.55E-131,363
P08134,P63000,58.7,184,73,1,7,187,5,188,3.38E-71,211
P08134,P60953,52.4,187,89,0,7,193,5,191,7.16E-68,203
P08134,Q15382,34.1,170,92,7,6,171,7,160,3.25E-15,67.8
P08217,Q99895,63.4,265,93,3,1,263,1,263,1.19E-120,343
P08217,Q9UNI1,58.3,242,100,1,28,269,18,258,6.76E-101,292
P08217,P40313,45.3,274,134,10,1,269,2,264,2.40E-64,199
P08217,P17538,42.1,266,136,11,9,269,11,263,2.43E-55,176
P08217,P05981,40.4,267,133,9,10,262,146,400,2.45E-53,176
P08217,O60235,39.3,242,125,6,28,262,186,412,1.69E-49,166
P08217,Q16651,36.3,251,139,8,28,266,44,285,1.30E-44,151
P08217,P03951,37.2,239,139,7,28,262,387,618,1.94E-42,150
P08217,P35030,37.1,248,126,10,28,269,80,303,2.38E-42,144
P08217,Q8IU80,35.8,246,142,6,27,266,575,810,1.23E-41,149
P08217,P00740,37.2,239,138,6,27,262,225,454,1.98E-39,140
P08217,P00746,33.8,260,153,8,10,267,11,253,2.19E-36,127
P08217,Q04756,32.7,248,149,8,28,266,407,645,9.67E-36,132
P08217,P04070,35.6,250,139,9,28,266,211,449,3.55E-33,123
P08217,P00750,33,270,157,9,11,262,293,556,1.16E-32,122
P08217,P08709,34.9,249,143,9,28,266,212,451,2.37E-30,115
P08217,P08311,34.3,239,139,8,29,266,21,242,1.80E-29,109
P08217,P14210,34.6,246,135,10,28,266,494,720,2.26E-29,114
P08217,P00742,31.1,241,152,7,26,262,232,462,2.44E-28,110
P08217,P49862,32,275,143,14,2,266,9,249,9.57E-28,104
P08217,O00187,33.6,256,141,10,28,268,444,685,1.16E-27,108
P08217,P10144,32.9,237,139,8,29,262,21,240,1.64E-27,103
P08217,P09871,28.9,273,159,11,17,269,425,682,1.81E-26,105
P08218,Q99895,59.2,265,104,3,1,263,1,263,1.81E-110,317
P08218,Q9UNI1,56.4,243,105,1,27,269,17,258,1.47E-97,284
P08218,P40313,42,274,143,10,1,269,2,264,5.54E-60,188
P08218,P17538,39.1,266,144,11,9,269,11,263,1.07E-50,164
P08218,P05981,37.5,267,141,9,10,262,146,400,2.63E-47,160
P08218,O60235,38.6,236,135,5,28,262,186,412,2.84E-46,157
P08218,Q16651,35,263,146,9,17,267,37,286,2.95E-42,145
P08218,P35030,35.1,251,133,10,25,269,77,303,5.87E-39,135
P08218,P03951,36.4,239,141,7,28,262,387,618,7.95E-39,140
P08218,Q8IU80,34.4,250,142,8,27,267,575,811,2.83E-38,139
P08218,P00746,33.9,257,151,8,13,267,14,253,1.19E-35,125
P08218,P00740,34.7,245,140,6,25,262,223,454,3.74E-35,128
P08218,P00750,33,270,157,9,11,262,293,556,1.74E-33,125
P08218,P04070,33.2,253,141,10,28,266,211,449,7.64E-29,111
P08218,P14210,33.3,246,138,9,28,266,494,720,2.60E-28,110
P08218,P08311,33.2,244,143,9,25,266,17,242,5.43E-26,100
P08218,P00742,30.6,242,154,7,25,262,231,462,1.79E-25,102
P08218,P09871,28.6,269,165,9,17,269,425,682,1.73E-24,99.8
P08218,P08709,31.7,249,151,9,28,266,212,451,1.26E-23,96.7
P08218,P49862,29.6,274,160,14,1,266,1,249,1.45E-23,93.6
P08218,P10144,32,241,144,8,25,262,17,240,1.81E-23,93.2
P08476,P12643,37.8,143,74,4,290,425,261,395,5.07E-25,103
P08476,P22004,45,109,48,2,321,425,412,512,1.26E-24,103
P08476,P12644,36.6,145,77,4,290,425,269,407,5.58E-23,97.4
P08514,P06756,38.2,1045,592,23,19,1037,18,1034,3.90E-205,615
P08514,P13612,27.8,884,543,38,15,854,18,850,4.59E-65,236
P08514,P56199,23.8,869,559,30,192,1026,372,1171,4.43E-45,174
P08514,P20701,24.9,820,469,38,259,1027,397,1120,1.18E-29,124
P08519,P00747,63.8,780,203,8,1271,2040,100,810,0,1078
P08519,P26927,37.6,681,320,17,1385,2038,107,709,4.61E-148,474
P08519,P14210,38,550,281,10,1501,2033,210,716,1.10E-115,382
P08519,Q9NRR2,41.2,250,115,9,1806,2033,26,265,1.15E-50,180
P08519,P05981,35.8,327,170,11,1736,2033,85,400,1.13E-48,177
P08519,P17538,38.8,255,134,6,1802,2040,15,263,1.39E-48,172
P08519,Q04756,30.4,408,224,13,1681,2038,249,646,1.50E-48,182
P08519,P00749,35.1,359,179,13,1720,2033,70,419,3.89E-48,176
P08519,P40313,38.4,255,136,6,1802,2040,15,264,1.68E-47,169
P08519,O15393,41.1,236,120,7,1820,2038,256,489,1.17E-46,173
P08519,Q16651,38.4,242,118,6,1820,2034,45,282,6.82E-46,167
P08519,P00734,31.8,349,169,11,1616,1900,108,451,3.47E-45,172
P08519,P20231,37.1,267,131,9,1796,2033,9,267,5.86E-45,162
P08519,Q15661,36.7,267,132,9,1796,2033,9,267,2.72E-44,160
P08519,Q9Y5Y6,40.3,236,120,6,1820,2034,615,850,1.07E-43,170
P08519,Q9NRS4,37.9,243,127,7,1806,2033,196,429,1.42E-42,160
P08519,P35030,40.9,237,110,8,1820,2040,81,303,3.74E-41,152
P08519,P07478,40.1,237,112,8,1820,2040,24,246,6.78E-41,149
P08519,P07477,40.1,237,112,8,1820,2040,24,246,3.16E-40,147
P08519,P20151,38.3,248,114,9,1820,2040,25,260,7.42E-39,144
P08519,P07288,36.8,242,114,8,1820,2034,25,254,2.53E-38,142
P08519,Q9UKR3,37.3,241,120,8,1818,2038,34,263,1.80E-37,140
P08519,P10323,31.9,251,140,8,1820,2040,43,292,2.32E-37,144
P08519,Q92876,37.1,229,118,7,1820,2034,22,238,5.46E-36,135
P08519,P08709,32,328,187,13,1740,2039,134,453,5.68E-36,141
P08637,O75015,97.4,233,6,0,1,233,1,233,1.96E-167,459
P08637,P12318,50,190,95,0,1,190,16,205,6.65E-55,176
P08637,P12314,43.8,192,103,3,1,192,1,187,8.58E-49,162
P08648,P06756,46.4,1024,511,14,42,1043,31,1038,1.58e-313,894
P08648,P13612,26.9,1043,637,43,42,1028,34,1007,4.11E-74,263
P08648,P20701,39.8,93,42,3,326,414,521,603,5.98E-09,57.4
P08754,P04899,85.9,355,49,1,1,354,1,355,1.92E-227,620
P08754,P29992,51,355,169,4,1,353,7,358,2.80E-111,326
P08754,Q5JWF2,40.2,371,189,6,16,353,666,1036,8.76E-73,241
P08861,Q99895,57,258,105,4,11,265,10,264,5.52E-105,303
P08861,Q9UNI1,55.3,246,106,3,26,270,16,258,1.24E-96,281
P08861,P40313,43.2,273,138,10,1,268,2,262,3.97E-63,196
P08861,P17538,44.1,272,132,12,5,270,6,263,8.72E-62,193
P08861,P00747,40.6,256,123,11,19,264,568,804,1.33E-44,157
P08861,P20231,33,282,162,10,2,267,1,271,2.17E-43,146
P08861,Q15661,33.2,283,160,11,2,267,1,271,3.06E-43,145
P08861,Q9NRR2,36.2,257,143,9,20,269,29,271,3.40E-38,134
P08861,O15393,35,263,144,10,11,263,239,484,1.58E-37,135
P08861,Q9NRS4,35,243,134,9,28,263,204,429,1.05E-35,129
P08861,P08246,33.7,246,133,8,26,267,27,246,7.51E-33,118
P08861,O60235,30.7,244,148,7,28,265,186,414,2.92E-32,120
P09104,P06733,84,431,69,0,1,431,1,431,7.48E-272,739
P09110,P22307,24.5,318,186,11,114,400,85,379,1.08E-09,57.4
P09341,P19875,88.8,107,12,0,1,107,1,107,4.19E-57,169
P09341,P02776,43,93,52,1,11,103,10,101,7.35E-19,72.4
P09341,P10145,47.7,65,33,1,38,101,29,93,9.07E-17,67
P09455,O15540,39.5,129,76,1,5,133,5,131,2.95E-29,100
P09471,P04899,69.6,355,107,1,1,354,1,355,1.74E-179,499
P09471,P29992,50.9,350,169,2,1,349,7,354,1.73E-112,329
P09471,Q5JWF2,42.3,369,176,8,16,349,666,1032,1.08E-76,252
P09529,P22004,41,105,57,3,303,406,412,512,1.32E-20,90.9
P09544,P56703,45.5,334,166,5,28,349,26,355,2.81E-109,321
P09544,P56704,44,361,178,9,3,349,2,352,3.80E-106,313
P09622,Q16881,30,487,315,13,41,507,162,642,3.83E-51,182
P09622,P00390,30.2,477,280,15,43,492,66,516,1.85E-48,172
P0C0L4,P01024,32.3,1311,786,43,132,1404,121,1368,7.91E-156,518
P0C0L4,P01023,24.9,1508,898,51,141,1578,129,1471,2.63E-72,265
P0C0L5,P01024,32.5,1311,784,43,132,1404,121,1368,1.30E-157,523
P0C0L5,P01023,25.1,1508,894,52,141,1578,129,1471,3.46E-72,264
P0C0S8,Q07889,32.1,84,56,1,11,94,90,172,9.26E-07,43.9
P0CG47,Q15843,57.9,76,32,0,77,152,1,76,7.71E-27,96.3
P0CG48,Q15843,57.9,76,32,0,533,608,1,76,5.72E-25,96.3
P0CW18,Q9NRR2,43.3,254,128,8,98,343,31,276,3.29E-51,176
P0CW18,O60235,40.6,239,138,3,98,335,180,415,6.49E-49,173
P0CW18,P05981,41.5,248,133,7,104,340,162,408,1.21E-48,172
P0CW18,Q9Y5Y6,39,241,134,5,104,334,614,851,1.71E-47,176
P0CW18,P00748,41.5,260,132,9,88,334,359,611,1.97E-47,173
P0CW18,P03951,36.1,249,146,4,98,338,381,624,3.42E-43,161
P0CW18,Q04756,37.7,276,145,10,77,336,381,645,2.13E-42,159
P0CW18,Q15661,37.6,242,132,6,105,332,31,267,1.52E-41,149
P0CW18,Q9UKR3,37.8,246,132,8,97,334,28,260,2.21E-41,148
P0CW18,P20231,37.2,242,133,6,105,332,31,267,1.05E-40,146
P0CW18,P07477,35,240,138,7,104,340,23,247,1.73E-39,142
P0CW18,O60259,37.3,241,123,10,104,334,32,254,8.78E-39,140
P0CW18,P35030,34.6,240,139,7,104,340,80,304,1.38E-38,141
P0CW18,P07478,34.2,240,140,7,104,340,23,247,1.63E-38,139
P0CW18,P48740,36.4,250,134,9,104,333,448,692,3.37E-38,147
P0CW18,P00746,37.2,239,137,6,103,337,24,253,3.63E-38,139
P0CW18,Q92876,36.4,236,136,6,104,338,21,243,2.92E-34,127
P0DJD7,P0DJD9,99.2,388,3,0,1,388,1,388,5.51E-285,768
P0DJD7,P14091,53.3,396,172,6,1,386,1,393,4.26E-136,392
P0DJD7,P20142,50.3,392,187,6,1,388,1,388,2.12E-129,374
P0DJD7,P07339,44.9,408,195,8,5,388,9,410,3.70E-107,318
P0DJD7,P00797,36.2,384,215,7,19,385,33,403,1.30E-79,248
P0DJD8,P0DJD9,99,388,4,0,1,388,1,388,2.24E-284,767
P0DJD8,P14091,53.3,396,172,6,1,386,1,393,3.01E-136,392
P0DJD8,P20142,50.1,395,183,7,1,388,1,388,2.12E-129,374
P0DJD8,P07339,44.9,408,195,8,5,388,9,410,5.24E-107,318
P0DJD8,P00797,36.2,384,215,7,19,385,33,403,1.30E-79,248
P0DMM9,P49888,50.5,283,140,0,13,295,12,294,8.82E-107,310
P0DPD8,P0DPD6,97.8,742,14,1,144,883,70,811,0,1463
P0DPD8,P42892,64.9,713,245,4,173,883,61,770,0,971
P0DPD8,P08473,35.7,723,439,11,185,883,30,750,8.96E-157,475
P0DPH7,P07437,40.8,449,256,2,1,449,1,439,6.14E-125,367
P0DPH7,Q13509,40.2,445,256,2,1,445,1,435,5.44E-122,360
P0DPH7,Q9H4B7,39.6,432,251,2,1,432,1,422,6.70E-115,342
P0DPK3,Q04721,99.5,191,1,0,1,191,1,191,1.59E-104,330
P0DPK3,P46531,42.7,255,117,5,6,245,2,242,8.56E-15,71.6
P0DPK4,Q04721,96,174,5,1,38,209,18,191,5.57E-86,278
P0DPK4,P46531,43.8,240,105,6,39,263,18,242,1.64E-13,68.2
P0DTE4,O75795,51.1,552,180,4,21,527,24,530,4.99E-199,562
P0DTE4,P16662,50.9,552,180,5,21,527,24,529,1.95E-198,561
P0DTE4,P22309,38.8,552,238,9,21,525,28,526,9.02E-120,360
P0DTE4,P19224,36.8,562,253,8,12,525,18,525,1.24E-119,360
P0DTE4,O60656,36.7,551,250,10,21,525,26,523,1.10E-110,337
P0DTE4,Q9HAW7,35.8,556,258,11,16,525,21,523,6.60E-106,324
P0DTE4,Q9HAW8,36,553,251,11,21,525,26,523,9.31E-106,324
P0DTE5,O75795,65,508,176,2,30,536,24,530,3.47E-250,692
P0DTE5,P16662,63.2,508,184,2,30,536,24,529,1.08E-241,671
P0DTE5,P22309,45.2,507,270,5,29,534,27,526,4.62E-151,441
P0DTE5,P19224,44.2,518,281,5,18,534,15,525,1.79E-150,439
P0DTE5,O60656,44.2,507,274,4,29,534,25,523,1.97E-146,429
P0DTE5,Q9HAW8,45.2,509,266,7,29,534,25,523,6.33E-145,425
P0DTE5,Q9HAW7,45.4,509,265,8,29,534,25,523,7.17E-144,422
P0DTE7,P04746,96.9,511,16,0,1,511,1,511,0,1060
P10071,P10070,45.4,1590,679,47,124,1579,51,1585,4.62E-287,863
P10071,P08151,44.4,646,237,16,231,869,34,564,3.57E-72,261
P10092,P06881,87.5,128,15,1,1,127,1,128,1.43E-69,202
P10114,P62834,62.4,181,67,1,1,180,1,181,5.69E-75,220
P10114,P01112,46.5,185,93,2,1,180,1,184,1.27E-55,171
P10114,P01116,50.6,164,80,1,1,164,1,163,2.55E-55,171
P10114,P01111,49.4,164,82,1,1,164,1,163,5.88E-54,167
P10114,Q15382,38.7,181,103,2,5,182,8,183,1.29E-38,128
P10114,P62826,25.8,163,116,3,3,164,10,168,8.42E-16,69.7
P10147,P13501,49.5,91,46,0,1,91,1,91,1.26E-28,96.3
P10243,P10242,39.8,783,282,12,1,742,1,635,7.32E-159,472
P10244,P10242,37.4,673,317,21,31,683,40,628,5.24E-106,333
P10301,P01112,55.3,188,81,2,30,217,4,188,1.94E-61,187
P10301,P01111,54,189,84,2,30,218,4,189,6.35E-60,184
P10301,P01116,56.8,169,72,1,30,198,4,171,7.28E-59,181
P10301,P62834,48.4,190,88,3,30,218,4,184,3.98E-52,164
P10301,Q15382,34.3,166,109,0,27,192,4,169,3.47E-33,115
P10321,P04439,81.6,365,66,1,1,365,1,364,6.53E-213,584
P10588,P10589,69.1,353,92,4,54,404,84,421,6.89E-168,474
P10588,P19793,41.9,339,175,3,56,390,135,455,1.48E-81,255
P10588,P48443,42.3,338,172,4,56,390,139,456,4.67E-80,251
P10588,P28702,39.9,341,180,3,56,390,205,526,3.85E-75,240
P10588,Q9Y466,37.7,382,186,8,52,392,12,382,5.20E-71,225
P10588,P13631,35.3,351,199,9,56,396,90,422,5.55E-46,161
P10588,P10276,34.7,352,200,9,50,390,82,414,4.63E-44,156
P10588,P10826,32.6,350,210,7,50,390,82,414,3.97E-41,148
P10588,P49116,61.1,90,35,0,46,135,107,196,1.52E-33,129
P10588,Q13133,29.8,363,189,9,56,379,98,433,2.33E-29,115
P10588,P55055,30.3,370,202,8,56,379,87,446,2.35E-28,113
P10588,Q92731,29.3,352,227,5,56,390,149,495,3.36E-27,110
P10588,P03372,27.3,374,219,10,56,390,185,544,1.46E-26,108
P10588,Q92753,57.7,78,33,0,54,131,19,96,3.54E-26,107
P10588,P51449,56.4,78,34,0,54,131,29,106,2.93E-25,104
P10588,P35398,56.4,78,34,0,54,131,71,148,3.01E-25,104
P10588,O00482,55,80,36,0,52,131,82,161,2.63E-24,102
P10588,Q07869,53,83,38,1,52,134,98,179,4.51E-24,100
P10588,Q03181,28.3,371,227,10,52,390,70,433,6.85E-24,100
P10588,P37231,26.6,380,221,10,52,390,135,497,2.47E-23,99
P10588,Q13285,53.9,76,35,0,56,131,13,88,3.57E-23,98.2
P10588,P11473,47.6,84,43,1,43,126,12,94,2.84E-20,89.4
P10588,O75469,50,82,39,2,46,126,32,112,5.74E-19,85.5
P10600,O14793,26.9,383,222,14,34,412,47,375,7.58E-30,116
P10643,P08603,30.7,150,91,6,581,720,96,242,2.67E-07,51.6
P10644,P13861,38.5,379,192,8,30,373,13,385,4.82E-70,223
P10644,Q13237,27.2,136,90,3,242,377,155,281,5.07E-08,52
P10644,Q13976,24.4,119,84,1,241,359,89,201,8.00E-07,48.1
P10720,P02776,83.9,93,15,0,12,104,9,101,3.17E-50,151
P10720,P19875,40.6,64,38,0,41,104,40,103,1.44E-13,58.9
P10767,P08620,54.2,203,78,5,20,208,5,206,8.76E-64,194
P10911,P98174,23.8,349,206,14,498,815,376,695,9.40E-10,59.7
P11055,Q9UKX2,87.3,1845,230,2,1,1840,1,1845,0,1641
P11055,P35580,49.8,861,410,11,27,873,25,877,1.71E-260,815
P11055,P35579,49.2,850,405,13,34,868,28,865,1.02E-251,791
P11055,Q7Z406,49.1,815,383,14,65,862,84,883,6.38E-240,760
P11055,Q9UKN7,37.3,734,416,14,86,805,1222,1925,2.68E-126,441
P11055,Q8WXR4,33.2,768,444,14,89,811,346,1089,6.28E-114,393
P11055,Q8NEV4,33.8,780,446,16,88,821,340,1095,1.45E-109,384
P11117,P15309,51.4,352,169,2,30,380,32,382,4.49E-127,370
P11171,P29074,46.7,321,164,4,205,519,24,343,1.90E-88,298
P11171,P26045,37,316,193,4,197,506,15,330,2.06E-61,221
P11171,Q15678,27.2,290,187,7,213,488,24,303,4.04E-29,122
P11182,P10515,28.4,437,253,13,80,479,234,647,6.83E-36,138
P11215,P20701,34.2,1155,696,30,17,1151,26,1136,1.58E-182,563
P11215,P17301,27.9,1200,738,42,11,1140,24,1166,1.06E-106,360
P11215,P13612,25.8,862,525,27,352,1143,199,1015,5.91E-53,199
P11230,P17787,42.1,504,253,9,3,493,7,484,6.79E-116,348
P11230,Q07001,40.2,510,279,7,7,501,5,503,2.13E-115,347
P11230,P32297,37.2,506,276,8,3,489,15,497,1.43E-106,324
P11230,Q04844,38.4,500,289,6,3,500,5,487,2.22E-105,321
P11230,P43681,33.8,606,240,9,24,488,34,619,8.53E-101,313
P11230,P02708,36,500,267,7,1,494,1,453,2.81E-96,296
P11230,P36544,32.5,495,277,9,25,490,24,490,4.06E-79,253
P11230,P46098,25.9,451,291,7,29,470,36,452,9.95E-49,172
P11233,P01112,54.2,166,75,1,15,180,4,168,6.27E-57,176
P11233,P01116,54.9,162,72,1,15,176,4,164,8.88E-57,175
P11233,P01111,54.2,166,75,1,15,180,4,168,2.53E-56,174
P11233,P62834,52,177,83,2,15,190,4,179,2.01E-54,169
P11233,Q15382,35.9,153,98,0,16,168,8,160,3.30E-30,107
P11233,P20340,38.1,160,97,2,10,168,9,167,2.59E-28,103
P11234,P01112,53.3,167,76,2,15,181,4,168,1.65E-54,169
P11234,P01116,54,163,73,2,15,177,4,164,2.34E-54,169
P11234,P01111,53.4,163,74,2,15,177,4,164,9.43E-54,167
P11234,P62834,49.4,166,82,2,15,179,4,168,3.44E-50,158
P11234,Q15382,34.4,154,100,1,16,169,8,160,2.84E-28,102
P11234,P20340,36.8,155,95,3,16,169,15,167,9.02E-25,94
P11234,P51159,32.2,171,104,2,14,173,9,178,7.45E-21,84
P11245,P18440,80.7,290,56,0,1,290,1,290,1.17E-175,484
P11277,P46939,47.6,231,119,2,45,274,22,251,3.25E-59,224
P11310,P49748,34.8,336,213,5,83,412,138,473,1.39E-50,178
P11464,P17948,23.6,368,213,18,106,412,389,749,7.71E-06,45.4
P11487,P21781,40.7,150,75,3,36,183,56,193,6.84E-27,100
P11488,P04899,65.9,355,116,2,1,350,1,355,2.10E-172,481
P11488,P29992,51,337,162,3,14,349,24,358,2.24E-109,321
P11488,Q5JWF2,39.7,355,179,7,29,349,683,1036,9.95E-72,238
P11498,Q13085,30,510,284,9,35,482,116,614,8.35E-60,223
P11498,O00763,30.6,509,279,9,37,482,260,757,2.21E-57,215
P11532,P46939,45.4,3688,1689,26,12,3669,28,3421,0,2901
P11801,Q8IU85,48.8,281,139,3,98,377,23,299,1.63E-91,279
P11801,Q14012,48.4,281,140,3,98,377,20,296,4.61E-90,275
P11801,Q6P2M8,49,263,130,2,94,355,11,270,4.99E-82,253
P11801,Q96NX5,46.1,269,136,2,103,371,28,287,2.05E-77,245
P11801,Q16566,45.5,264,139,3,98,360,46,305,2.04E-72,232
P11801,Q13557,41.1,292,167,3,93,382,9,297,8.60E-65,213
P11801,Q9UQM7,39,292,173,3,93,382,8,296,2.30E-62,206
P11801,Q15349,43.6,264,141,4,98,357,415,674,5.69E-61,207
P11801,Q13554,39.7,292,171,3,93,382,9,297,1.58E-60,205
P11801,O15075,42.1,266,146,4,94,355,386,647,2.29E-60,206
P11801,Q13555,39,292,173,3,93,382,9,297,6.81E-60,201
P11801,Q8N568,43.6,264,139,5,97,355,393,651,1.51E-58,201
P11801,O43293,40.8,265,148,4,98,355,13,275,8.88E-58,193
P11801,Q9C098,40.1,272,155,4,98,365,356,623,4.40E-57,196
P11801,Q9UIK4,40.4,265,149,4,98,355,23,285,1.42E-55,185
P11801,P15735,38.8,273,147,5,97,354,23,290,2.57E-54,183
P11801,P53355,41.1,265,147,4,98,355,13,275,4.55E-54,191
P11801,Q86YV6,39.6,255,148,4,103,355,111,361,1.33E-52,178
P11801,Q9BYT3,35,274,168,3,98,362,116,388,6.81E-52,179
P11801,Q15746,35.8,271,170,3,98,367,1464,1731,5.31E-51,182
P11801,O96017,41.1,270,144,7,98,355,220,486,1.13E-50,176
P11801,Q9H1R3,36.6,279,172,4,101,378,288,562,6.54E-49,172
P11801,Q9HBH9,37.3,284,151,5,103,359,89,372,2.86E-48,168
P11801,Q32MK0,37,273,166,4,94,363,509,778,3.54E-48,173
P11801,O75676,35.2,298,178,6,78,363,388,682,6.20E-47,169
P11908,P60891,95.3,318,15,0,1,318,1,318,2.88E-222,604
P11908,O60256,44.7,349,158,3,4,318,20,367,1.43E-93,280
P11940,Q14576,25.1,378,217,11,12,374,40,366,1.24E-25,106
P12034,P08620,47,134,63,2,86,219,81,206,1.34E-31,113
P12034,P21781,43.2,132,68,4,87,217,65,190,4.26E-23,90.9
P12034,P09038,40.6,133,69,4,91,222,165,288,1.80E-21,88.6
P12107,P02458,45.8,236,118,8,1578,1805,1254,1487,2.57E-51,197
P12111,P17301,29.2,144,96,3,445,586,174,313,9.80E-11,65.1
P12235,P05141,89.2,297,32,0,1,297,1,297,1.56E-200,547
P12235,P12236,88.3,298,35,0,1,298,1,298,9.00E-200,545
P12277,P06732,80.6,381,74,0,1,381,1,381,2.36E-239,652
P12319,O75015,40.4,230,127,3,10,230,5,233,2.76E-46,152
P12524,P01106,29,435,221,15,1,361,29,449,1.93E-17,80.5
P12532,P06732,67.6,361,115,2,47,406,14,373,3.86E-182,509
P12544,P49863,45.3,232,119,4,28,254,26,254,1.76E-70,215
P12544,Q9Y5K2,33.8,237,146,7,26,261,28,254,4.71E-41,139
P12544,P08246,35,246,137,9,14,254,15,242,1.30E-40,138
P12544,P06870,34.8,244,137,8,28,258,24,258,1.76E-39,135
P12544,P35030,34.7,239,144,7,21,258,73,300,5.14E-38,132
P12544,P24158,32.8,253,148,8,13,259,12,248,3.54E-37,129
P12645,P22004,44.1,102,56,1,370,471,412,512,1.62E-27,112
P12724,P10153,68.9,161,49,1,1,160,1,161,1.78E-81,235
P12814,P46939,43,221,117,4,33,246,33,251,1.61E-48,185
P12829,P0DP23,35.8,120,71,3,49,168,6,119,4.84E-15,66.6
P12829,P27482,30.9,149,96,4,49,196,6,148,2.65E-11,56.6
P12882,Q9UKX2,92.7,1941,140,1,1,1939,1,1941,0,1903
P12882,P35580,48.6,886,430,11,34,905,32,906,4.83E-257,805
P12882,P35579,48.8,884,425,13,34,903,28,897,7.29E-251,788
P12882,Q7Z406,47.5,865,428,14,55,905,71,923,2.33E-239,758
P12882,Q9UKN7,37.2,732,423,12,86,808,1222,1925,5.60E-124,434
P12882,Q8WXR4,33.2,776,446,16,84,814,341,1089,1.54E-108,377
P12882,Q8NEV4,34,785,445,15,88,826,340,1097,1.06E-106,375
P12883,Q9UKX2,82.9,1841,309,2,3,1838,4,1844,0,1586
P12883,P35579,51.5,844,380,14,34,861,29,859,3.92E-261,816
P12883,P35580,50.8,856,395,13,34,873,33,878,3.03E-259,811
P12883,Q7Z406,48.8,849,400,16,37,866,56,888,1.09E-243,770
P12883,Q9UKN7,37.6,724,428,11,85,804,1222,1925,9.47E-130,452
P12883,Q8WXR4,33.5,778,444,16,79,809,337,1088,2.65E-117,403
P12883,Q8NEV4,33.9,772,446,13,87,815,340,1090,2.47E-112,392
P13056,P49116,62,602,184,9,18,603,24,596,8.12E-244,682
P13056,P48443,48.4,124,62,2,100,221,125,248,2.25E-33,130
P13056,O00482,26.9,510,293,15,111,592,84,541,3.98E-33,130
P13056,P28702,61.6,86,33,0,102,187,194,279,1.33E-31,126
P13056,P10589,56.8,88,38,0,102,189,75,162,5.68E-31,122
P13056,P19793,63.2,76,28,0,112,187,134,209,9.41E-31,122
P13056,P35398,26.6,481,282,16,113,577,73,498,1.47E-28,117
P13056,P10826,58.5,82,34,0,106,187,81,162,4.63E-28,114
P13056,P13631,60,80,32,0,108,187,85,164,1.12E-27,113
P13056,P10276,60,80,32,0,108,187,83,162,1.63E-27,113
P13056,Q92753,59.2,71,29,0,113,183,21,91,4.69E-25,105
P13056,P43354,48.5,101,48,1,87,183,233,333,7.30E-25,106
P13056,Q14995,25.2,488,317,13,112,568,102,572,1.60E-24,105
P13056,P51449,60.6,71,28,0,113,183,31,101,2.11E-24,104
P13056,P20393,26.4,497,315,15,107,568,126,606,9.99E-24,102
P13056,P22736,59.2,71,29,0,113,183,267,337,1.26E-23,102
P13056,Q9Y466,46.2,93,47,2,100,189,2,94,2.22E-23,99.8
P13056,P10827,53.2,94,36,2,111,196,51,144,4.24E-23,100
P13056,P10828,54.3,94,35,2,111,196,105,198,4.62E-23,99.8
P13056,Q96RI1,56.8,74,32,0,105,178,129,202,5.52E-23,99.8
P13056,Q92570,50,82,41,0,102,183,281,362,5.66E-23,100
P13056,Q13285,51.9,77,37,0,111,187,11,87,1.10E-22,98.6
P13056,P37231,51.1,92,42,3,100,189,124,214,6.17E-22,96.7
P13056,Q07869,47.8,90,45,2,101,189,89,177,6.59E-22,96.3
P13056,Q03181,54.5,77,34,1,113,189,74,149,2.31E-21,94.4
P13236,P13501,45.7,92,49,1,1,92,1,91,1.20E-26,91.3
P13489,Q96P20,38.6,251,154,0,211,461,725,975,4.48E-45,166
P13533,Q9UKX2,83,1842,310,2,2,1840,3,1844,0,1570
P13533,P35579,51,840,385,13,38,863,33,859,1.81E-255,801
P13533,P35580,50.1,852,401,12,38,875,37,878,6.98E-255,800
P13533,Q7Z406,48.5,847,405,16,38,868,57,888,3.23E-239,758
P13533,Q9UKN7,37.1,727,429,12,85,806,1222,1925,1.82E-124,435
P13533,Q8WXR4,34.1,780,439,18,79,811,337,1088,1.22E-112,389
P13533,Q8NEV4,33.8,782,450,16,87,824,340,1097,4.56E-109,382
P13535,Q9UKX2,92.9,1939,132,2,4,1937,2,1940,0,1853
P13535,P35580,49.4,850,410,9,34,870,30,872,9.29E-255,799
P13535,P35579,49.8,850,400,13,36,870,28,865,6.97E-251,788
P13535,Q7Z406,49.5,810,387,13,67,864,84,883,4.29E-237,752
P13535,Q9UKN7,36.7,730,426,11,88,807,1222,1925,9.16E-123,430
P13535,Q8WXR4,33.8,773,441,14,86,812,341,1088,1.95E-109,379
P13535,Q8NEV4,33,779,454,14,90,823,340,1095,9.99E-104,365
P13584,Q86W10,46.3,477,253,3,28,503,28,502,6.56E-156,451
P13584,P78329,43.4,518,271,10,8,505,4,519,9.20E-141,413
P13584,Q9Y6A2,27.7,382,244,8,133,506,133,490,2.57E-31,124
P13637,P05023,87.9,999,121,0,15,1013,25,1023,0,1761
P13637,P54707,65.3,992,343,1,23,1013,48,1039,0,1303
P13637,Q93084,29.4,1038,613,30,34,1002,5,991,1.87E-107,355
P13637,P16615,28.8,1044,616,32,34,1004,5,994,3.54E-103,344
P13637,O14983,28.4,1052,601,29,34,1000,5,989,2.19E-101,338
P13667,P07237,35.8,467,264,12,180,632,27,471,2.55E-76,250
P13671,P02748,27.6,503,332,9,80,553,41,540,4.95E-59,209
P13747,P04439,78.8,354,75,0,1,354,4,357,1.02E-207,571
P13762,P01911,87.6,266,33,0,1,266,1,266,5.11E-174,478
P13762,P79483,84.6,266,41,0,1,266,1,266,2.13E-166,458
P13765,P01911,57.1,252,108,0,9,260,12,263,1.26E-101,295
P13765,P79483,54.8,252,114,0,9,260,12,263,9.03E-97,282
P13929,P06733,83.4,434,72,0,1,434,1,434,3.54E-270,735
P13942,P02458,36.6,235,107,6,1542,1735,1254,1487,4.48E-37,150
P14373,O00481,47.6,185,94,1,307,491,331,512,6.46E-49,173
P14649,P0DP23,37.5,120,71,2,60,179,4,119,1.85E-19,78.6
P14649,P27482,36.7,120,72,2,60,179,4,119,8.23E-16,68.9
P14921,P11308,60.6,104,41,0,311,414,287,390,1.94E-33,128
P14921,P50549,63.4,93,34,0,329,421,329,421,9.11E-33,126
P14923,P35222,54.7,750,319,10,1,731,8,755,3.13E-246,701
P15036,P11308,72.6,84,23,0,359,442,307,390,4.07E-33,128
P15036,P50549,64,89,32,0,361,449,333,421,1.21E-31,124
P15153,P63000,92.2,192,15,0,1,192,1,192,1.22E-133,369
P15153,P60953,68.8,192,59,1,1,192,1,191,3.09E-97,277
P15153,P61586,54.8,188,83,1,5,192,7,192,5.51E-70,208
P15153,Q5S007,25,176,125,4,4,173,1335,1509,3.89E-09,52.8
P15170,Q8IYD1,91,499,45,0,1,499,130,628,0,912
P15170,P68104,38.4,443,256,5,71,498,4,444,7.32E-104,316
P15170,Q05639,37.2,443,261,5,71,498,4,444,9.36E-102,310
P15259,P18669,81,253,48,0,1,253,1,253,1.14E-157,435
P15407,P53539,38,292,117,11,37,271,54,338,2.00E-18,80.9
P15408,P53539,39.2,362,160,14,1,326,1,338,2.21E-28,109
P15531,P22392,88.2,152,18,0,1,152,1,152,3.45E-100,281
P15531,O60361,84.7,137,21,0,16,152,1,137,7.39E-85,242
P15531,O00746,58.3,144,60,0,5,148,38,181,7.81E-63,188
P15848,P15289,29,479,262,16,37,487,13,441,9.85E-41,151
P15848,P08842,25.6,574,309,18,41,533,23,559,1.15E-33,132
P15882,P52757,73.5,453,119,1,7,459,17,468,1.13E-253,696
P15882,P11274,41.5,176,100,2,265,439,1051,1224,2.35E-32,128
P15882,Q05655,40.8,71,41,1,185,255,211,280,2.53E-14,72.4
P15882,O95267,48.2,56,29,0,206,261,542,597,1.50E-13,70.1
P16104,Q07889,32.1,84,56,1,11,94,90,172,9.60E-07,44.3
P16112,Q9UJ71,33.1,133,83,3,2318,2445,193,324,1.05E-15,78.2
P16219,Q92947,31.7,366,240,5,40,402,66,424,1.85E-45,160
P16220,P18846,69.5,223,62,2,107,326,51,270,5.44E-88,262
P16435,P35228,31.5,651,398,19,45,676,507,1128,2.79E-74,257
P16435,P29474,29.9,712,374,24,47,676,492,1160,1.71E-71,249
P16435,P29475,29.7,677,356,23,82,676,762,1400,4.34E-70,246
P16452,P21980,33,697,441,7,1,684,1,684,2.33E-121,375
P16452,Q08188,30.3,696,463,8,4,684,3,691,3.38E-104,330
P16452,O95932,30.1,708,458,7,5,684,4,702,2.01E-101,323
P16452,P22735,27.9,678,455,10,6,669,114,771,1.55E-78,265
P16452,P00488,26.7,643,447,9,17,648,61,690,5.27E-69,237
P16619,P13501,48.9,92,46,1,1,92,1,91,4.59E-29,97.4
P16870,P15169,51.6,407,179,4,49,449,21,415,3.23E-143,416
P16870,P14384,42.6,394,190,8,49,438,18,379,5.51E-98,299
P17050,P06280,56.3,327,138,5,18,342,32,355,3.01E-127,371
P17066,P0DMV8,82.5,636,111,0,8,643,6,641,0,1041
P17066,P11142,77.4,641,140,1,8,643,6,646,0,985
P17066,P54652,78.2,639,130,4,8,643,7,639,0,982
P17066,P11021,63,614,221,5,9,619,31,641,3.69E-267,745
P17066,P38646,52.8,589,255,10,2,581,49,623,6.33E-190,549
P17081,P60953,67.9,184,59,0,10,193,4,187,2.31E-93,268
P17081,P63000,64.7,184,65,0,10,193,4,187,2.91E-87,253
P17081,P61586,52.4,189,88,1,7,195,3,189,7.29E-69,206
P17275,P05412,44.7,369,130,13,1,340,1,324,1.69E-67,213
P17535,P05412,57.6,276,98,7,87,347,60,331,1.37E-78,241
P17540,P06732,65.7,361,122,2,48,407,14,373,1.60E-179,503
P17643,P14679,41.3,526,281,10,9,517,3,517,5.42E-135,399
P17693,P04439,82.8,338,58,0,1,338,1,338,4.34E-213,583
P17844,Q92841,82.4,460,80,1,21,479,97,556,4.26E-272,759
P17844,Q86XP3,41,480,267,7,50,522,209,679,1.34E-108,345
P17844,O00571,43,423,220,6,82,486,168,587,1.45E-99,315
P17844,P38919,34.9,350,206,5,114,456,58,392,1.03E-56,194
P17844,Q14240,33.5,370,223,7,95,456,34,388,3.49E-56,192
P17844,P60842,33,370,225,7,95,456,33,387,9.14E-56,191
P17844,P26196,30.2,351,231,5,109,455,111,451,7.00E-47,169
P17844,O00148,28.8,368,243,7,114,474,64,419,1.68E-42,155
P17858,P08237,70.3,761,225,1,13,772,13,773,0,1120
P17858,Q01813,68.9,760,233,2,12,769,21,779,0,1089
P17927,P08603,26.2,1326,809,76,27,1299,3,1212,1.25E-95,336
P17980,P43686,39.8,400,221,1,39,438,38,417,6.38E-101,305
P17980,P55072,42.1,233,135,0,177,409,468,700,1.22E-53,189
P17980,Q9ULI0,40.8,233,129,3,184,410,398,627,3.95E-43,159
P18075,P22004,59.6,450,125,4,39,431,64,513,1.62E-185,523
P18075,P12643,31.6,392,206,8,53,430,52,395,2.17E-56,188
P18075,P12644,32.8,396,206,11,52,430,55,407,1.64E-54,184
P18075,O14793,30.3,208,109,6,223,430,203,374,6.52E-22,94
P18085,P84077,81.9,177,32,0,1,177,1,177,1.15E-105,298
P18283,P07203,69,184,55,2,5,186,13,196,5.00E-89,257
P18505,P28472,75.6,475,113,2,1,474,1,473,1.33E-264,724
P18505,P24046,40.3,439,212,6,42,469,76,475,1.37E-101,310
P18505,P23416,45.5,319,165,5,20,330,24,341,5.01E-91,281
P18505,O75311,36.6,459,239,8,25,472,34,451,2.18E-89,278
P18505,P23415,37.3,451,247,8,25,472,29,446,3.55E-89,277
P18505,P47869,33.4,446,254,7,32,474,37,442,9.60E-84,263
P18505,P34903,34.2,456,248,6,33,474,63,480,3.46E-81,257
P18505,P31644,33.6,444,255,6,33,474,45,450,1.21E-80,255
P18505,P14867,34.1,484,262,9,7,474,2,444,2.85E-80,254
P18505,P48169,33,524,282,10,18,473,20,542,9.02E-80,255
P18505,Q16445,34.4,448,245,8,37,473,32,441,3.12E-78,248
P18507,Q16445,49.3,422,190,8,65,473,31,441,2.88E-129,380
P18507,P34903,44,468,235,8,27,472,16,478,1.28E-126,374
P18507,P14867,44.7,468,221,8,16,473,4,443,2.63E-125,370
P18507,P48169,51.8,353,157,4,67,410,49,397,2.18E-120,360
P18507,P31644,46.2,416,199,6,67,473,50,449,8.35E-120,356
P18507,P47869,43.9,442,201,7,47,473,32,441,6.67E-119,353
P18507,P28472,36.2,436,240,4,70,472,41,471,4.08E-89,277
P18507,P23415,38.2,416,218,10,76,472,51,446,1.40E-81,257
P18507,O75311,37.2,425,210,10,76,472,56,451,7.21E-80,253
P18507,P23416,36.9,409,222,8,76,472,57,441,5.68E-79,250
P18507,P24046,35,406,243,6,74,469,81,475,8.05E-75,240
P18754,Q8TD19,28.8,386,202,15,71,416,373,725,1.30E-24,103
P18847,P53539,33.7,83,55,0,81,163,150,232,6.82E-07,45.4
P19075,P60033,33.6,241,142,4,3,237,5,233,3.17E-32,115
P19086,P04899,66.4,354,119,0,1,354,1,354,1.61E-168,471
P19086,P29992,46.8,355,185,3,1,354,7,358,7.07E-99,294
P19086,Q5JWF2,38.3,366,190,6,19,350,669,1032,4.25E-67,225
P19087,P04899,69.9,355,106,1,1,354,1,355,7.45E-181,502
P19087,P29992,50.1,349,171,3,6,353,12,358,2.73E-106,313
P19087,Q5JWF2,40.9,372,185,8,16,353,666,1036,4.89E-74,244
P19113,P20711,52.1,476,225,2,2,475,1,475,9.28E-186,532
P19419,P50549,60.9,87,33,1,4,90,334,419,1.55E-28,114
P19419,P11308,61,82,31,1,4,85,310,390,3.84E-26,107
P19419,P41212,45.2,84,46,0,7,90,341,424,4.29E-19,86.3
P19474,O00481,46.8,158,83,1,289,446,342,498,8.83E-43,155
P19652,P02763,90,201,20,0,1,201,1,201,2.32E-131,364
P19823,P54289,24,171,120,4,308,476,251,413,3.49E-06,48.1
P19876,P19875,84.1,107,17,0,1,107,1,107,1.15E-54,163
P19876,P10145,42,69,39,1,40,107,31,99,7.28E-16,64.7
P19876,P02776,43.5,62,35,0,40,101,38,99,3.06E-15,63.2
P20020,Q93084,29.2,921,474,24,70,925,23,830,7.77E-81,284
P20020,P16615,29.3,915,486,22,68,925,19,829,3.31E-80,283
P20020,O14983,28.9,917,490,21,66,925,19,830,5.54E-79,278
P20020,P05023,29.8,839,423,29,159,943,134,860,1.02E-70,254
P20020,P54707,27.9,968,513,28,166,1054,154,1015,9.24E-70,251
P20023,P08603,22.3,1074,597,56,44,964,171,1160,9.56E-51,192
P20023,P16109,27.3,373,233,17,49,407,414,762,1.75E-29,123
P20023,P06681,34.4,122,64,5,859,968,27,144,1.40E-12,68.9
P20023,P00751,27.3,172,103,7,522,689,98,251,3.89E-09,57.8
P20138,Q9Y286,41.7,472,157,6,1,362,1,464,4.43E-104,311
P20160,P08246,44.3,237,124,4,20,250,23,257,5.70E-64,198
P20160,P24158,43.6,241,129,4,8,243,9,247,1.06E-61,192
P20160,P00746,34,241,149,2,13,243,12,252,1.57E-38,132
P20336,P61026,50.3,193,89,2,17,202,4,196,3.41E-65,197
P20336,P51159,45,189,93,3,15,192,2,190,2.40E-57,178
P20336,P20340,43.9,157,88,0,23,179,14,170,1.48E-44,145
P20336,O14966,34.8,178,109,4,20,191,5,181,4.99E-35,120
P20336,P62834,34.9,166,105,3,23,186,4,168,5.42E-29,104
P20337,P61026,53.5,170,79,0,17,186,4,173,7.60E-64,194
P20337,P51159,45.7,184,89,3,15,187,2,185,1.71E-54,171
P20337,P20340,41,161,95,0,23,183,14,174,1.02E-41,138
P20337,O14966,34.1,167,105,2,20,181,5,171,1.81E-31,111
P20337,P62834,36.9,160,98,3,23,180,4,162,1.60E-27,100
P20338,P61026,42.3,189,105,1,8,192,4,192,5.39E-48,154
P20338,P51159,34.7,222,126,5,10,218,6,221,9.91E-39,130
P20339,P20340,44.8,172,95,0,11,182,4,175,2.10E-51,162
P20339,P61026,38.8,183,108,1,21,199,10,192,9.02E-43,140
P20339,O14966,31.2,199,128,6,21,213,8,203,4.94E-30,107
P20339,P51159,35.4,164,91,4,22,172,11,172,5.89E-29,105
P20339,P62834,33.7,169,109,3,20,186,3,170,4.69E-25,94.4
P20339,Q15382,32.5,163,108,2,22,183,8,169,1.19E-20,82.8
P20339,Q5HYI8,27.9,122,78,3,22,133,8,129,7.51E-08,48.5
P20591,Q05193,36.3,430,252,8,55,476,16,431,1.91E-64,226
P20591,P50570,36.4,437,259,9,47,476,7,431,2.03E-64,226
P20591,O60313,27.4,285,194,9,28,305,247,525,1.21E-19,90.9
P20592,P50570,35.5,442,262,9,103,537,16,441,9.49E-61,216
P20592,Q05193,34.3,440,270,9,103,537,16,441,8.00E-58,208
P20592,O60313,30.4,214,143,5,118,325,288,501,1.74E-21,97.1
P20594,P16066,61.7,1039,373,11,17,1040,27,1055,0,1228
P20594,P17342,33.3,409,243,14,19,415,49,439,1.78E-53,193
P20594,Q08828,32.9,222,126,6,825,1036,258,466,8.57E-25,108
P20594,O95622,30.2,222,131,5,826,1036,424,632,9.52E-23,102
P20594,P40145,33.3,180,108,5,857,1036,410,577,8.37E-22,99.4
P20594,Q8IVT5,26.3,236,153,8,567,791,657,882,5.67E-18,86.7
P20594,Q8NB16,29.1,265,161,10,541,791,220,471,8.73E-17,81.6
P20594,Q6VAB6,26.8,235,151,8,567,791,710,933,1.16E-16,82.4
P20648,P54707,65.5,997,344,0,39,1035,43,1039,0,1296
P20648,P05023,63.9,993,357,1,43,1035,32,1023,0,1289
P20648,Q93084,30,1032,603,30,55,1018,5,985,2.59E-104,347
P20648,P16615,29.4,1034,618,27,53,1022,3,988,1.47E-103,346
P20648,O14983,29.6,1019,604,28,69,1022,19,989,1.47E-98,331
P20671,Q07889,32.1,84,56,1,11,94,90,172,5.00E-07,44.7
P20702,P20701,35.2,1172,658,37,15,1146,21,1130,1.33E-172,538
P20702,P56199,27.7,1215,743,41,9,1142,18,1178,7.55E-105,355
P20702,P17301,28.4,1200,721,43,18,1140,28,1166,1.07E-104,354
P20702,P13612,27.7,851,525,31,353,1145,199,1017,1.37E-59,220
P20702,P06756,24.7,884,556,36,353,1153,186,1042,3.82E-39,155
P20718,P10144,71.5,246,69,1,1,245,1,246,1.51E-124,351
P20718,P08311,57.8,244,102,1,1,244,1,243,8.50E-100,288
P20718,P23946,48.8,240,119,3,7,244,8,245,4.85E-75,225
P20718,P49863,37.9,253,140,8,4,243,10,258,1.46E-47,155
P20718,P24158,37.8,249,136,5,6,246,13,250,2.06E-45,150
P20718,P06870,34.5,264,141,10,4,243,3,258,6.07E-39,133
P20718,P35030,32.5,240,151,5,8,243,68,300,1.52E-34,123
P20718,P00749,28.8,250,150,9,20,244,178,424,8.10E-21,87.8
P20742,P01023,71.3,1481,409,7,1,1476,1,1470,0,2044
P20742,P01024,23.5,1574,998,54,13,1469,9,1493,1.30E-73,268
P20742,P01031,22,1579,1006,58,27,1469,20,1509,1.97E-63,236
P20749,P19838,35.2,261,145,5,132,369,540,799,4.05E-29,118
P20783,P01138,41.8,263,122,7,1,256,1,239,7.68E-57,179
P20807,P07384,48.8,770,288,9,61,821,42,714,1.07E-262,743
P20807,P17655,45.6,761,311,7,61,815,32,695,2.26E-245,698
P20813,P11509,51.8,483,233,0,9,491,12,494,1.47E-182,518
P20813,P10632,50.5,479,237,0,12,490,11,489,6.34E-173,493
P20813,P11712,48.9,479,245,0,12,490,11,489,9.59E-170,485
P20813,P33261,48.6,479,246,0,12,490,11,489,4.44E-168,481
P20813,P51589,44.3,445,242,4,19,462,35,474,5.31E-127,376
P20813,P10635,41.5,470,266,5,1,462,1,469,2.97E-110,333
P20813,P04798,31.8,459,290,11,31,472,40,492,7.46E-69,226
P20813,P05177,29.3,457,303,10,31,472,42,493,6.19E-58,197
P20813,P05093,29.6,439,292,12,37,462,34,468,2.80E-50,176
P20813,P08686,27.2,467,313,14,38,491,31,483,1.15E-41,152
P20853,P11509,93.7,494,31,0,1,494,1,494,0,926
P20853,P33261,50.1,485,242,0,9,493,5,489,2.01E-172,492
P20853,P10632,49.3,485,246,0,9,493,5,489,3.49E-168,481
P20853,P11712,49,486,248,0,8,493,4,489,1.41E-167,479
P20853,P51589,42.3,444,255,1,26,469,36,478,7.47E-125,371
P20853,P10635,36.3,498,300,8,8,494,6,497,1.42E-95,295
P20853,P08686,25.9,478,317,14,1,465,1,454,3.76E-39,145
P20908,P02458,44.3,235,123,6,1610,1837,1254,1487,1.17E-51,198
P20933,Q9H6P5,27.3,278,169,7,37,297,66,327,4.11E-13,67
P20936,Q06187,29.7,101,62,5,180,273,280,378,1.51E-06,49.3
P21108,P60891,94.3,318,18,0,1,318,1,318,1.53E-217,592
P21108,O60256,44.7,342,157,2,8,318,27,367,4.07E-93,278
P21217,Q11128,88.5,374,30,2,1,361,1,374,1.16E-255,692
P21217,P51993,84.3,363,51,3,1,361,1,359,4.10E-234,637
P21217,Q11130,44.6,314,164,7,50,360,34,340,4.62E-86,261
P21217,Q9Y231,44.1,299,157,8,65,360,66,357,3.93E-83,254
P21217,P22083,44,348,148,10,57,360,184,528,7.11E-83,259
P21246,P21741,48.1,129,62,1,18,146,8,131,3.88E-43,137
P21266,P09488,73.1,216,58,0,7,222,3,218,2.94E-119,335
P21266,P28161,69,216,67,0,7,222,3,218,1.33E-115,326
P21333,P46939,32.4,225,142,6,44,264,32,250,9.77E-25,111
P21439,P08183,75.4,1295,288,10,1,1283,1,1277,0,1855
P21439,O95342,50,1286,581,9,40,1278,45,1315,0,1202
P21439,P33527,33.1,236,156,2,392,627,1291,1524,7.16E-32,132
P21439,P13569,27.3,220,132,4,1050,1266,439,633,1.09E-16,83.2
P21579,P17252,35.7,126,65,4,289,413,172,282,3.51E-14,71.6
P21796,P45880,74.6,283,72,0,1,283,12,294,1.10E-163,453
P21926,P60033,44.2,233,121,4,1,224,1,233,2.46E-65,199
P22003,P22004,58.6,452,152,4,36,454,64,513,2.36E-176,501
P22003,P12644,29.9,418,215,13,49,453,55,407,2.40E-49,171
P22003,P12643,30.8,419,200,12,50,453,52,395,4.99E-49,169
P22003,O14793,30.4,207,109,6,247,453,203,374,2.89E-20,89.4
P22105,P02751,23.7,889,518,29,748,1554,1266,2076,2.98E-42,169
P22304,P08842,24.9,446,264,16,38,444,28,441,1.09E-19,89.7
P22310,P22309,73,523,141,0,12,534,11,533,9.42E-286,783
P22310,O60656,69,516,159,1,19,534,16,530,8.54E-260,717
P22310,P19224,69.7,509,146,2,30,534,28,532,7.50E-259,714
P22310,Q9HAW7,67.6,525,165,2,14,534,7,530,5.10E-254,702
P22310,Q9HAW8,67.8,516,165,1,19,534,16,530,4.82E-252,697
P22310,O75795,45.2,516,255,7,29,527,24,528,3.44E-152,443
P22310,P16662,42.8,495,277,4,29,517,24,518,9.42E-141,414
P22352,P07203,47.8,178,88,3,39,211,15,192,2.32E-52,165
P22352,P36969,32.2,199,110,6,1,198,6,180,2.73E-21,85.1
P22626,P09651,77,196,45,0,15,210,8,203,2.27E-105,311
P22891,P00742,35,346,160,7,23,305,23,366,6.37E-60,199
P22891,P00740,32,435,233,13,21,397,27,456,8.85E-55,185
P22891,P04070,32.1,427,228,13,23,394,25,444,7.31E-51,174
P22891,P08709,30,413,249,13,24,400,44,452,3.18E-48,167
P22891,P00734,44.6,83,40,2,3,85,11,87,8.07E-11,60.8
P22891,P26927,23,252,172,10,166,400,463,709,2.36E-08,53.1
P23229,P06756,27.4,1114,662,44,12,1085,19,1025,3.89E-91,313
P23229,P13612,27.3,899,506,37,21,882,31,818,6.26E-71,254
P23229,P20701,25.4,531,315,22,296,796,403,882,2.42E-29,124
P23229,P56199,32.6,138,84,4,414,543,569,705,4.92E-15,77.4
P23258,P07437,33.1,450,290,6,3,451,2,441,7.78E-91,280
P23258,Q13509,34,438,278,6,3,439,2,429,5.16E-90,278
P23258,Q9H4B7,34.3,435,270,8,3,435,2,422,2.57E-87,271
P23276,P0DPD6,31.2,718,441,12,48,732,114,811,8.23E-110,349
P23276,P42892,31.4,733,454,14,35,732,52,770,7.17E-107,340
P23276,P08473,23.4,749,494,20,42,732,24,750,2.03E-57,206
P23297,P04271,60.2,88,35,0,3,90,2,89,1.27E-31,103
P23368,P48163,55.5,560,246,2,15,574,5,561,1.44E-233,654
P23381,P07814,51.7,58,24,1,10,67,751,804,6.73E-11,62
P23468,Q13332,72.1,1924,502,11,20,1912,29,1948,0,2804
P23468,P10586,69.8,1898,547,12,21,1912,30,1907,0,2654
P23468,P18433,47.4,627,318,4,1290,1911,180,799,3.73E-189,587
P23468,P23469,47.2,591,302,5,1330,1911,108,697,1.57E-170,533
P23468,P28827,30.8,1268,745,32,691,1906,264,1451,9.75E-150,499
P23468,P23470,42.4,587,310,9,1337,1901,828,1408,7.86E-135,456
P23468,P23471,40.2,610,322,12,1328,1901,1678,2280,3.26E-120,421
P23468,P08575,40.2,587,318,8,1342,1897,638,1222,7.64E-115,395
P23468,Q12913,28.6,725,416,24,930,1613,636,1299,2.40E-64,239
P23468,P23467,37.9,380,209,9,1246,1613,1600,1964,1.54E-62,234
P23468,P43378,38.9,288,162,4,1629,1903,288,574,3.62E-54,198
P23468,P29350,38.9,314,169,10,1319,1613,207,516,1.24E-53,196
P23468,Q06124,43.3,252,125,6,1669,1904,273,522,3.16E-52,192
P23468,P35236,41.7,230,127,5,1383,1609,122,347,1.43E-51,184
P23468,P17706,39,251,142,4,1380,1623,42,288,6.51E-50,181
P23468,P18031,39.8,244,134,4,1377,1611,37,276,8.66E-49,178
P23468,P29074,42,245,132,3,1377,1616,676,915,4.50E-48,184
P23468,Q9Y2R2,37.6,282,163,6,1627,1902,14,288,3.26E-47,181
P23468,P54829,38.8,232,133,7,1383,1609,325,552,6.88E-47,176
P23468,Q12923,40,240,132,4,1380,1614,2237,2469,1.01E-46,182
P23468,Q15256,41.8,232,125,8,1383,1609,418,644,1.22E-44,171
P23468,P26045,37.5,269,150,8,1355,1616,648,905,7.60E-44,171
P23468,Q05209,39,236,135,4,1669,1899,58,289,1.74E-42,166
P23468,Q99952,37,246,146,5,1662,1902,49,290,6.92E-42,158
P23468,Q15678,34.6,301,175,7,1618,1904,889,1181,1.72E-41,164
P23497,P09429,80.4,163,31,1,694,855,19,181,8.36E-76,243
P23560,P01138,35.7,249,148,5,1,247,1,239,6.00E-41,138
P23634,Q93084,28.8,927,489,28,65,926,23,843,1.10E-81,286
P23634,O14983,29.4,915,481,23,61,913,19,830,2.07E-81,286
P23634,P16615,28,1105,609,31,45,1066,3,1003,2.58E-81,286
P23634,P05023,29.1,846,449,23,134,931,118,860,1.62E-74,266
P23634,P54707,29.5,804,412,23,161,909,153,856,1.70E-71,257
P24071,Q9HCN6,38.4,216,120,3,1,216,1,203,4.83E-41,142
P24385,P30281,52.8,290,130,4,4,290,2,287,2.54E-98,288
P24462,P08684,88.5,503,58,0,1,503,1,503,0,895
P24462,P20815,81.9,502,90,1,1,502,1,501,6.14E-308,836
P24462,P24557,34.8,515,302,6,15,496,20,533,3.83E-98,303
P24462,Q86W10,27.1,421,280,8,65,467,66,477,2.20E-46,166
P24462,P51589,25.5,459,308,15,39,480,45,486,5.20E-32,125
P24462,O15528,28.9,395,239,13,121,492,129,504,2.89E-30,120
P24462,Q07973,25.6,480,299,15,38,489,58,507,4.11E-30,120
P24462,P05177,24.2,476,305,13,39,480,43,496,2.82E-23,100
P24462,P08686,25.7,382,259,11,126,496,116,483,8.30E-22,95.5
P24462,P10635,24.1,449,302,15,39,465,35,466,2.03E-20,91.3
P24462,P11511,30.5,164,108,3,303,466,304,461,4.75E-17,80.9
P24462,Q16678,24,491,323,18,39,497,52,524,9.32E-17,80.1
P24468,P10589,89.3,421,38,1,1,414,1,421,1.93E-243,666
P24468,P19793,43.5,324,178,3,79,400,135,455,6.18E-87,269
P24468,P48443,43.8,324,174,3,79,400,139,456,2.51E-86,268
P24468,Q9Y466,37,376,182,7,77,403,14,383,3.16E-79,247
P24468,P28702,40.6,325,187,4,79,400,205,526,2.27E-77,246
P24468,P11474,33.5,343,204,7,79,400,79,418,1.84E-49,170
P24468,P13631,31.2,346,207,8,79,406,90,422,2.60E-43,154
P24468,P10826,30.6,333,214,7,79,400,88,414,5.02E-42,151
P24468,P10276,31.4,338,205,7,79,400,88,414,3.98E-41,149
P24468,Q13133,31.2,346,193,7,79,389,98,433,6.01E-34,129
P24468,P03372,28.3,368,210,8,79,400,185,544,1.33E-33,129
P24468,Q07869,28.1,374,208,10,76,400,99,460,3.83E-33,127
P24468,Q03181,28.7,373,208,9,76,400,71,433,2.51E-32,124
P24468,P37231,27.6,366,218,7,77,400,137,497,2.73E-32,125
P24468,P49116,58.3,96,32,1,79,174,117,204,5.32E-32,125
P24468,Q92731,29.1,351,216,8,79,400,149,495,1.61E-31,123
P24468,P55055,28.8,364,208,6,76,389,84,446,3.12E-29,115
P24468,P10827,28.4,338,195,9,78,378,52,379,1.41E-28,114
P24468,P51449,61,82,32,0,77,158,29,110,3.64E-27,110
P24468,P10828,26.9,334,200,8,79,375,107,433,4.42E-27,109
P24468,Q92753,61,82,32,0,77,158,19,100,6.48E-27,109
P24468,P35398,59.8,82,33,0,77,158,71,152,5.67E-26,107
P24468,Q14995,45.7,105,56,1,79,182,103,207,1.99E-23,99.8
P24468,P20393,57.7,78,32,1,79,155,132,209,1.67E-22,97.1
P24468,P11473,47.9,71,37,0,79,149,24,94,2.64E-18,83.6
P24821,P02751,24.3,1289,925,28,628,1886,816,2083,4.10E-100,358
P24821,P23467,19.4,1328,967,40,682,1968,173,1438,9.61E-31,130
P24903,P11509,52.8,485,229,0,7,491,10,494,8.39E-182,516
P24903,P33261,51.3,483,232,1,11,490,7,489,2.40E-180,512
P24903,P10632,51.5,464,225,0,27,490,26,489,1.47E-176,502
P24903,P11712,49.5,493,242,2,1,490,1,489,4.81E-175,498
P24903,P51589,42.5,454,257,2,11,461,21,473,2.53E-133,392
P24903,P10635,39.8,492,278,9,12,491,12,497,5.83E-107,325
P24903,P04798,32,466,291,13,27,473,35,493,1.10E-73,239
P24903,P05177,32.2,469,285,14,27,473,37,494,7.03E-65,216
P24903,P08686,32.3,462,284,14,44,491,37,483,7.92E-56,191
P24903,P05093,29.9,479,313,12,12,473,4,476,5.51E-54,186
P24903,Q9Y6A2,23.1,481,324,19,30,485,33,492,5.14E-13,68.2
P25092,P16066,34,985,507,31,118,1002,112,1053,3.21E-138,441
P25092,Q08828,31.1,244,145,7,780,1005,821,1059,5.84E-26,112
P25092,O95622,32.3,223,132,6,795,1002,1038,1256,1.30E-22,102
P25092,P40145,30.3,234,136,6,779,989,357,586,3.86E-22,100
P25092,Q12852,25.5,271,170,6,532,791,161,410,1.13E-16,82.4
P25092,O43283,25.3,300,166,9,455,740,147,402,3.61E-16,80.9
P25205,P33991,34.1,592,317,12,68,641,221,757,7.60E-80,272
P25325,Q16762,60.1,291,114,2,6,295,6,295,8.50E-135,381
P25685,P31689,33.3,360,196,9,5,339,7,347,2.53E-47,162
P25686,P31689,39.8,108,47,2,3,110,6,95,1.71E-17,79.7
P26006,P06756,26.9,1069,631,48,32,1023,30,1025,6.36E-68,244
P26006,P13612,29.7,715,429,33,3,683,9,683,5.28E-64,233
P26006,P56199,25.7,877,527,29,192,1021,373,1171,2.40E-57,213
P26006,P20701,28.2,563,341,23,196,723,349,883,1.06E-41,163
P26038,P15311,69.6,586,169,3,1,577,1,586,2.71E-240,671
P26038,P26045,31.5,279,173,7,18,291,43,308,6.90E-33,131
P26378,Q14576,78.6,378,65,3,9,385,5,367,3.85E-208,573
P26378,Q15717,69.2,338,77,1,47,384,16,326,1.63E-171,479
P26440,P49748,34.1,340,218,3,84,417,133,472,3.77E-59,201
P26447,P04271,48.3,87,45,0,5,91,4,90,2.01E-25,88.6
P26583,P09429,81.6,174,32,0,1,174,1,174,1.29E-94,272
P26641,P26640,37.6,218,112,7,5,209,3,209,1.36E-30,122
P26718,Q9H2X3,33.8,130,73,4,93,211,262,389,1.45E-19,83.2
P27348,P63104,79.6,245,50,0,1,245,1,245,6.90E-141,392
P27348,Q04917,71.4,245,64,3,2,242,3,245,4.88E-118,334
P27348,P31947,71.8,238,65,1,1,236,1,238,6.08E-117,332
P27348,P61981,70.3,246,67,3,1,242,2,245,1.68E-116,330
P27539,P22004,47.2,106,52,1,266,371,411,512,3.77E-30,118
P27539,P12643,40.2,132,65,5,246,372,274,396,6.30E-25,102
P27539,P12644,43.6,110,49,4,267,372,308,408,8.49E-24,99
P27540,Q15788,24.4,352,199,14,95,429,29,330,7.98E-14,72.8
P27701,P08962,25.7,257,162,8,2,258,6,233,1.46E-20,85.1
P27816,P10636,74.1,27,7,0,930,956,568,594,1.03E-06,50.1
P28068,P04439,29.6,159,102,6,111,263,205,359,6.36E-15,70.9
P28324,P50549,60.2,88,35,0,4,91,334,421,1.87E-29,117
P28324,P11308,59,83,34,0,2,84,308,390,3.99E-26,107
P28324,P41212,40.5,84,49,1,7,89,341,424,8.32E-16,76.3
P28330,P49748,29.6,382,244,8,64,430,109,480,4.64E-42,154
P28332,P00325,64.7,368,128,2,1,367,1,367,3.28E-169,474
P28332,P07327,63.6,368,132,2,1,367,1,367,3.10E-167,469
P28332,P00326,63.6,368,132,2,1,367,1,367,1.26E-166,468
P28332,P11766,59.2,363,147,1,6,367,4,366,7.20E-161,453
P28332,P40394,60.2,367,145,1,1,367,13,378,6.30E-160,451
P28332,P08319,58.9,372,148,1,1,367,1,372,1.22E-153,435
P28370,P51532,45.6,531,243,9,167,669,738,1250,2.18E-135,444
P28370,P51531,44.1,531,251,9,167,669,708,1220,5.96E-131,431
P28370,Q14839,41.3,540,274,7,164,677,705,1227,9.53E-123,411
P28370,Q92698,32.6,509,284,15,183,647,153,646,4.57E-59,214
P28476,P24046,76.4,428,95,2,38,465,58,479,7.70E-235,649
P28476,P28472,39.6,434,213,6,64,461,48,468,2.43E-101,308
P28476,P23416,36.8,402,237,5,60,461,54,438,1.65E-82,259
P28476,O75311,36.1,418,235,5,60,464,53,451,2.50E-81,256
P28476,P23415,37,411,241,8,60,464,48,446,4.10E-81,256
P28476,Q16445,36,414,242,9,61,464,40,440,6.63E-74,237
P28476,P47869,32.9,416,242,7,61,464,50,440,1.28E-68,223
P28476,P31644,32.4,417,244,8,61,464,57,448,3.31E-68,222
P28476,P48169,39.4,307,180,3,61,364,56,359,1.47E-66,220
P28476,P34903,34.1,416,250,8,61,464,75,478,2.10E-65,216
P28476,P14867,31.8,415,250,6,61,464,50,442,3.86E-63,209
P28676,P17655,34.2,149,94,2,58,202,538,686,5.18E-22,90.9
P28676,P07384,33.3,162,104,2,58,215,551,712,6.01E-21,87.8
P28749,P06400,25,996,469,29,86,1044,116,870,1.99E-63,230
P29034,P04271,44.9,89,49,0,4,92,2,90,5.13E-25,87.4
P29144,Q14703,26.4,254,160,10,261,511,246,475,1.63E-10,62.8
P29508,P01008,39.2,393,219,7,4,390,83,461,7.86E-81,253
P29508,P05121,30.4,382,239,10,15,390,42,402,7.50E-46,159
P29508,P08185,30.7,388,246,9,4,390,39,404,2.17E-45,158
P29558,Q14576,35.8,179,101,4,60,230,37,209,1.82E-24,100
P29558,Q15717,35.6,174,98,4,59,224,17,184,2.65E-24,99.8
P29622,P08185,45.2,374,197,3,51,424,39,404,1.78E-105,315
P29622,P01008,33.9,387,237,12,50,424,82,461,2.10E-50,174
P30048,Q06830,65.6,186,63,1,69,253,12,197,8.00E-90,261
P30084,Q9Y232,23.4,265,194,4,25,283,333,594,2.42E-19,85.1
P30101,P07237,33.7,496,286,13,3,481,2,471,1.12E-77,249
P30203,Q9Y4K0,39.5,200,105,5,157,340,322,521,3.84E-33,133
P30203,P58215,31.3,214,107,4,172,348,56,266,4.20E-23,101
P30203,Q96JB6,34.1,170,83,3,172,312,44,213,9.09E-22,97.4
P30203,P21757,41.6,101,58,1,161,260,350,450,9.68E-20,89.7
P30279,P30281,61.6,297,101,4,1,289,1,292,2.51E-121,346
P30414,Q08752,54.7,190,85,1,7,196,16,204,3.60E-59,206
P30414,P23284,53.2,173,73,1,2,174,39,203,1.92E-52,181
P30414,P62937,50,170,76,2,7,176,4,164,1.69E-47,164
P30414,P30405,48,175,82,2,3,177,42,207,6.29E-47,164
P30511,P04439,78.3,345,75,0,1,345,4,348,6.38E-201,553
P30511,P55899,31,332,207,9,6,334,14,326,4.23E-35,129
P30532,P32297,44.2,504,200,7,6,448,13,496,2.45E-136,399
P30532,P43681,58.2,364,140,4,7,367,5,359,3.25E-136,403
P30532,P02708,46.6,427,204,7,44,447,21,446,1.51E-125,370
P30532,P17787,40.4,458,220,8,47,453,29,484,1.45E-117,351
P30532,Q07001,34.4,480,233,10,47,453,25,495,4.71E-87,273
P30532,P36544,33.7,489,255,9,23,446,2,486,1.05E-84,266
P30532,Q04844,32.5,462,251,11,43,448,19,475,1.09E-72,235
P30532,P46098,28.2,429,271,5,54,446,41,468,8.52E-58,195
P30626,P17655,35.9,153,88,3,39,184,538,687,3.04E-24,96.7
P30679,P29992,55.8,362,148,2,13,374,10,359,1.18E-140,401
P30679,P04899,43.1,362,192,3,14,373,5,354,9.90E-95,284
P30679,Q5JWF2,37.8,362,185,7,44,374,685,1037,3.50E-69,232
P30740,P01008,39.3,387,218,8,3,379,82,461,2.18E-80,251
P30740,P50454,29.8,379,251,7,4,379,43,409,2.42E-51,174
P30740,P05121,31.5,381,233,9,11,379,38,402,1.78E-50,171
P30740,P08185,30.8,380,245,8,4,379,39,404,8.25E-47,162
P30926,P17787,64.8,486,161,4,7,489,11,489,4.29E-215,601
P30926,P32297,46.8,489,245,5,5,482,15,499,6.76E-147,427
P30926,P43681,41.5,609,215,11,12,481,15,621,5.76E-134,399
P30926,P02708,40.5,487,244,7,5,484,5,452,2.43E-118,353
P30926,Q07001,40.2,502,266,7,5,483,4,494,8.48E-111,335
P30926,P36544,38.9,468,266,8,27,479,26,488,1.64E-103,316
P30926,Q04844,35.1,518,282,12,1,494,1,488,7.73E-88,275
P30926,P46098,26.8,488,318,11,6,479,8,470,4.90E-54,186
P31321,P13861,42.8,290,154,3,96,373,96,385,1.05E-68,219
P31321,Q13976,26.1,119,82,1,241,359,89,201,1.06E-06,47.8
P31321,Q13237,24.8,137,97,2,243,379,156,286,1.92E-06,47
P31323,P13861,65.3,412,126,3,3,413,4,399,4.03E-178,500
P31323,Q13237,27.5,258,177,3,137,393,151,399,1.15E-32,127
P31323,Q13976,31.2,250,163,3,137,386,86,326,7.58E-29,116
P31327,P27708,51.2,1458,666,13,46,1477,2,1440,0,1430
P31946,P63104,87.6,242,30,0,3,244,1,242,4.75E-146,405
P31946,P61981,75.4,248,55,3,3,246,2,247,1.66E-121,343
P31946,Q04917,75.5,245,54,3,4,244,3,245,3.76E-120,340
P31946,P31947,68.6,239,73,1,3,239,1,239,1.26E-109,313
P31994,P12318,86.7,226,27,1,32,254,23,248,2.15E-131,374
P31994,O75015,48.4,188,97,0,27,214,3,190,1.61E-53,172
P31994,P12314,43.9,196,106,4,28,222,1,193,1.05E-45,156
P31995,P12318,89.8,295,27,1,32,323,23,317,1.02E-184,509
P31995,O75015,48.4,188,97,0,27,214,3,190,2.36E-53,172
P31995,P12314,43.9,196,106,4,28,222,1,193,1.51E-45,156
P32019,O15357,33.2,334,180,11,331,640,415,729,8.86E-41,160
P32119,Q06830,78.2,197,42,1,1,196,1,197,8.55E-119,332
P32302,P49682,42.9,322,173,5,48,366,50,363,3.21E-75,234
P32302,P25025,39.5,342,198,7,9,348,6,340,6.08E-70,221
P32302,P32248,37.7,329,187,7,48,367,55,374,3.10E-68,217
P32302,P25024,41.1,287,162,5,56,341,44,324,1.17E-63,204
P32302,P61073,35.9,295,180,4,47,340,34,320,1.91E-62,201
P32302,P51686,34.3,300,191,3,49,346,46,341,2.54E-60,196
P32302,P51684,34.8,310,190,7,37,342,35,336,3.27E-54,180
P32302,P51679,34.2,325,203,7,27,350,16,330,2.48E-53,177
P32302,P51681,33.1,281,180,4,55,333,34,308,6.44E-51,171
P32302,P41597,33.3,282,178,4,51,331,42,314,1.09E-50,171
P32302,P32246,33.7,294,181,7,48,336,31,315,2.03E-49,167
P32302,P51677,31.2,317,205,8,21,333,5,312,8.30E-48,163
P32302,P49238,34.1,293,180,7,49,339,29,310,2.28E-47,162
P32302,P30556,30.8,292,193,5,52,337,29,317,1.18E-41,147
P32302,P32249,24.8,302,213,5,48,339,28,325,2.49E-33,124
P32302,P30411,29.3,280,182,7,61,330,67,340,4.12E-33,124
P32302,O43603,29.7,313,172,7,50,340,24,310,3.73E-32,122
P32302,P21462,30.9,301,188,9,49,337,24,316,5.33E-32,120
P32302,O60755,31.4,309,175,10,48,336,14,305,7.25E-32,120
P32302,P41145,26.3,312,201,9,29,330,46,338,1.16E-30,117
P32302,P21730,29.1,289,189,8,56,340,42,318,1.39E-25,103
P32302,Q9UPC5,26.8,310,203,11,41,337,44,342,1.36E-24,100
P32302,O43193,24.4,332,187,8,61,337,48,370,1.32E-17,80.9
P32302,Q92847,25.1,315,200,9,43,337,40,338,5.97E-17,78.6
P32302,P25929,23,296,199,9,57,333,46,331,1.36E-14,71.6
P32519,P41212,42,88,50,1,210,297,341,427,1.11E-18,86.3
P32519,P50549,48.8,84,39,3,207,289,334,414,3.98E-18,84.7
P32519,P11308,47.6,82,41,2,208,289,311,390,9.12E-17,80.5
P32942,P05362,46.8,532,269,5,4,530,1,523,2.52E-153,447
P33260,P11712,81.8,490,89,0,1,490,1,490,7.69e-314,850
P33260,P33261,80.8,490,94,0,1,490,1,490,3.13e-313,848
P33260,P10632,77.1,490,112,0,1,490,1,490,3.77E-291,793
P33260,P11509,49.5,485,245,0,5,489,9,493,1.41E-172,492
P33260,P51589,40.8,458,263,2,30,480,44,500,1.06E-120,360
P33260,P10635,38.9,493,288,6,5,489,9,496,1.29E-111,337
P33260,P04798,31.8,484,301,11,12,472,16,493,1.69E-71,233
P33260,P05177,29.2,486,318,10,8,472,14,494,3.92E-62,208
P33260,P05093,30.8,474,292,14,7,459,8,466,7.15E-58,197
P33260,P08686,27.7,437,285,11,37,458,31,451,8.71E-43,155
P33260,P20815,27.3,450,281,18,32,459,40,465,8.11E-27,110
P33260,Q9Y6A2,22,495,337,16,1,468,8,480,1.38E-16,79.3
P33402,P16066,46.3,227,115,3,463,682,814,1040,5.07E-47,177
P33402,Q08828,32.1,193,122,1,483,666,256,448,1.52E-27,116
P33402,O95622,33.2,184,113,1,493,666,431,614,1.82E-25,110
P33402,P40145,34,159,105,0,508,666,401,559,1.98E-23,103
P33908,Q9UKM7,37.8,473,275,11,178,640,232,695,1.91E-99,317
P33992,P33991,35.9,602,341,12,65,652,203,773,7.53E-97,316
P33993,P33991,37.9,562,324,12,145,692,267,817,5.02E-99,322
P34059,P15289,36.7,518,262,21,29,512,19,504,1.03E-84,268
P34059,P08842,31.9,565,283,16,25,505,21,567,1.28E-72,239
P34096,P07998,46.3,149,77,2,1,146,1,149,3.30E-44,140
P34130,P01138,42.5,181,91,5,30,209,71,239,7.98E-37,126
P34897,P34896,66.4,458,150,2,49,503,26,482,2.30E-221,616
P34925,Q12866,40.6,283,159,5,315,592,572,850,1.83E-59,211
P34925,Q04912,39.3,305,168,6,303,603,1057,1348,2.06E-59,212
P34925,P08581,39.5,266,150,4,330,593,1078,1334,1.24E-58,210
P34925,P30530,37.6,295,173,5,315,603,521,810,7.54E-56,200
P34925,Q06418,38.2,280,165,3,315,589,503,779,1.01E-53,194
P34925,P11362,36.6,284,166,5,325,596,473,754,2.22E-51,187
P34925,P06213,35.5,276,175,2,325,598,1018,1292,7.03E-51,187
P34925,P08069,34.4,276,178,2,325,598,994,1268,2.29E-50,185
P34925,P22607,37.2,288,159,6,325,596,467,748,1.67E-48,178
P34925,P21802,35.8,282,167,5,327,596,478,757,1.83E-48,178
P34925,P08922,36.2,282,172,5,324,599,1939,2218,2.53E-47,176
P34925,P22455,36.4,291,169,7,327,604,464,751,8.50E-47,173
P34925,P07949,33,282,172,2,327,592,721,1001,1.04E-46,174
P34925,P00519,35.6,270,159,5,325,594,237,491,3.42E-46,172
P34925,P42684,34.5,304,178,7,298,600,261,544,6.38E-46,172
P34925,P14616,33,276,182,2,325,598,974,1248,2.31E-44,167
P34925,P35590,36.1,291,166,6,328,607,837,1118,2.83E-44,167
P34925,O15146,32.1,312,193,4,302,596,547,856,4.60E-44,166
P34925,P04629,33.9,292,169,6,325,605,505,783,8.47E-44,164
P34925,Q02763,35.3,292,163,6,330,607,824,1103,1.63E-43,164
P34925,Q9UM73,32.2,273,180,3,325,594,1111,1381,9.04E-42,159
P34925,Q16288,32.7,306,180,7,325,607,533,835,2.12E-41,157
P34925,P16591,32.4,287,179,4,311,597,544,815,9.31E-40,152
P34925,P29317,34.4,270,163,5,330,596,613,871,1.23E-39,152
P34925,P21709,34.4,259,158,5,335,592,629,876,2.95E-39,151
P34931,P0DMV8,88.6,647,58,2,4,641,2,641,0,1111
P34931,P11142,82.3,645,107,2,4,641,2,646,0,1043
P34931,P54652,81.7,641,112,2,3,641,2,639,0,1026
P34931,P11021,64.4,618,212,6,6,620,28,640,4.40E-275,765
P34931,P38646,52,585,260,9,5,581,52,623,2.37E-189,548
P34932,P0DMV8,34,497,309,8,2,492,5,488,3.73E-85,282
P34932,P11142,34.7,496,305,8,4,493,7,489,5.78E-83,276
P34932,P11021,34.5,502,299,9,2,492,29,511,2.54E-81,272
P34932,P54652,32.9,498,317,8,4,495,8,494,8.86E-78,262
P34932,P38646,30.7,437,281,6,2,434,54,472,4.22E-60,214
P34982,P41968,30.4,135,86,3,31,158,45,178,1.95E-08,52
P34982,P28223,27.7,119,85,1,36,153,86,204,1.91E-06,46.2
P34982,P08173,28.4,155,102,3,5,152,8,160,2.56E-06,45.8
P34982,P32238,27.1,118,86,0,35,152,52,169,4.28E-06,45.1
P35125,Q13107,33.1,614,349,15,517,1110,284,855,2.00E-83,292
P35125,P40818,43.9,189,106,0,532,720,777,965,5.12E-42,165
P35125,O75604,40.2,204,115,3,521,721,256,455,8.70E-39,151
P35125,Q9UK80,34.6,211,103,5,530,716,210,409,1.93E-27,116
P35125,Q6R6M4,26.5,189,100,4,526,711,75,227,1.70E-10,62.4
P35212,P17302,49.1,322,135,7,1,298,1,317,4.19E-100,297
P35212,P29033,47.5,236,105,3,3,237,2,219,1.41E-70,216
P35219,P43166,41,268,141,7,29,290,7,263,8.06E-71,217
P35219,P00918,41.1,253,134,6,41,290,20,260,3.02E-64,200
P35219,P00915,38.1,268,149,6,28,289,5,261,5.61E-62,194
P35219,Q9Y2D0,39.1,248,137,5,46,290,61,297,2.50E-59,189
P35219,Q8N1Q1,37.9,269,146,7,29,289,6,261,1.30E-57,183
P35219,P35218,39.5,248,136,5,46,290,61,297,6.24E-57,182
P35219,P07451,36.4,269,153,7,28,290,4,260,9.76E-57,181
P35219,Q16790,34.1,267,153,7,29,289,141,390,1.65E-44,154
P35219,P23470,33.9,248,146,7,46,285,80,317,9.63E-35,130
P35219,P23471,26.5,253,177,6,41,289,53,300,8.67E-27,107
P35237,P01008,37,384,226,8,4,376,83,461,6.42E-71,226
P35237,P08185,34.3,376,234,10,4,376,39,404,9.00E-51,172
P35237,P05121,33.1,362,220,9,25,376,53,402,1.00E-46,161
P35240,P15311,62.3,310,116,1,19,327,2,311,1.30E-134,402
P35240,Q12923,31.8,311,185,11,24,315,574,876,7.59E-34,135
P35240,P26045,30.6,271,169,6,43,307,51,308,4.66E-32,129
P35241,P15311,72.2,586,160,1,1,583,1,586,2.25E-255,710
P35241,P26045,32.6,279,170,6,18,291,43,308,2.29E-34,136
P35243,P62166,45.7,186,98,2,1,186,1,183,2.24E-53,166
P35503,P22309,73,523,141,0,12,534,11,533,6.98E-288,788
P35503,O60656,68.5,534,159,4,3,534,4,530,1.28E-261,721
P35503,P19224,70.2,510,142,3,30,534,28,532,3.94E-261,720
P35503,Q9HAW7,68.8,510,158,1,25,534,22,530,2.19E-255,706
P35503,Q9HAW8,68.9,512,154,2,25,534,22,530,8.87E-255,704
P35503,O75795,44.7,530,278,8,9,527,3,528,6.07E-153,445
P35503,P16662,43.8,495,272,4,29,517,24,518,9.18E-144,422
P35504,P22309,73.6,523,138,0,12,534,11,533,4.92E-288,788
P35504,O60656,69,532,160,3,3,534,4,530,5.19E-261,720
P35504,P19224,70.3,509,143,3,30,534,28,532,2.49E-257,711
P35504,Q9HAW8,68.9,518,156,2,19,534,16,530,1.54E-255,706
P35504,Q9HAW7,69,516,159,1,19,534,16,530,2.19E-255,706
P35504,O75795,45.2,511,262,6,29,527,24,528,2.22E-150,439
P35504,P16662,44,495,271,4,29,517,24,518,3.24E-144,423
P35555,Q9Y6L7,42.9,56,27,2,1594,1649,724,774,1.83E-06,50.8
P35609,P46939,40.3,221,123,4,40,253,33,251,2.45E-45,175
P35670,P05023,30.1,176,69,2,1190,1311,587,762,9.94E-12,67
P35670,P54707,27.6,217,92,4,1190,1341,602,818,2.25E-11,65.9
P35711,Q9UJU2,35.7,70,45,0,554,623,297,366,1.99E-08,54.3
P35712,Q9UJU2,33.3,90,54,1,619,702,297,386,5.80E-10,59.3
P35716,Q9UJU2,34.7,72,47,0,48,119,298,369,7.94E-07,48.1
P35749,P35580,82.8,1972,335,3,1,1969,1,1971,0,1602
P35749,P35579,82.9,1951,322,3,11,1959,7,1948,0,1502
P35749,Q7Z406,72.5,884,240,2,27,910,47,927,0,1308
P35749,Q9UKX2,49.8,832,399,9,32,854,34,855,1.93E-251,790
P35749,Q9UKN7,39.2,724,411,11,87,806,1224,1922,4.90E-134,466
P35749,Q8WXR4,35.6,764,432,21,83,808,341,1082,1.26E-117,404
P35749,Q8NEV4,33.7,774,457,15,87,824,340,1093,1.60E-111,390
P35913,P16499,73.6,825,211,2,3,823,4,825,0,1241
P35913,P51160,66.1,817,273,3,11,823,12,828,0,1111
P35913,Q9HCR9,33.9,758,439,12,60,810,206,908,1.27E-134,422
P35913,O76074,32.5,779,445,15,54,815,147,861,5.11E-126,397
P35913,O00408,28,717,426,17,110,814,264,902,3.67E-78,270
P35913,O76083,29.2,288,183,8,515,800,270,538,1.09E-31,128
P35998,P43686,52.6,266,126,0,153,418,143,408,2.35E-93,285
P35998,P55072,36.8,277,170,1,122,398,429,700,4.68E-61,209
P35998,Q6PL18,41.2,277,145,7,131,400,389,654,9.94E-52,184
P35998,Q9ULI0,40.1,272,145,7,136,400,368,628,8.43E-51,182
P36222,Q13231,53.2,380,169,5,9,381,9,386,1.38E-142,410
P36222,Q9BZP6,51.2,381,177,5,8,380,8,387,5.20E-132,384
P36268,P19440,94.2,569,33,0,1,569,1,569,0,1031
P36269,P19440,40.5,551,304,8,41,586,38,569,1.13E-115,353
P36382,P17302,49.6,240,117,2,1,237,1,239,1.25E-83,256
P36382,P29033,46.1,228,106,4,3,229,2,213,4.43E-64,201
P36383,P17302,37,341,167,7,3,322,4,317,8.40E-62,201
P36383,P29033,35.9,259,114,6,1,253,1,213,9.74E-49,162
P36402,Q9UJU2,44.8,406,162,12,1,360,1,390,2.55E-76,239
P36404,P84077,47,166,88,0,14,179,15,180,2.92E-55,170
P36405,P84077,45.8,166,90,0,16,181,16,181,8.29E-52,161
P36406,P84077,62.8,164,60,1,402,565,15,177,1.47E-68,217
P36955,P20848,26.6,372,259,8,53,415,52,418,7.14E-37,136
P36955,P50454,26.9,375,257,7,54,417,43,411,7.02E-32,122
P36957,P10515,30.2,431,245,9,73,451,221,647,1.80E-26,109
P36959,Q9P2T1,79.7,345,70,0,1,345,1,345,1.09E-206,567
P36980,P08603,52.4,227,98,6,48,270,1011,1231,8.28E-73,239
P37235,P62166,61.2,183,71,0,1,183,1,183,3.61E-82,239
P38159,Q15717,33.3,81,54,0,10,90,246,326,1.30E-07,50.1
P38159,Q14576,32.9,76,51,0,10,85,286,361,1.95E-07,49.7
P38405,Q5JWF2,76.5,371,72,1,26,381,667,1037,8.81E-205,588
P38405,P29992,39.7,365,197,6,19,381,16,359,5.96E-85,259
P38405,P04899,41.3,366,188,7,16,376,7,350,4.20E-81,249
P38567,Q12794,41.8,421,230,9,29,438,5,421,7.84E-105,318
P38570,P20701,28.2,1025,611,30,202,1158,156,1123,2.21E-91,317
P38570,P17301,30.3,740,463,22,202,916,174,885,1.06E-81,288
P38570,P56199,30.9,757,448,23,202,916,172,895,1.15E-76,273
P38570,P06756,28.6,517,317,18,395,875,178,678,8.17E-38,151
P40126,P14679,42.3,456,248,8,9,456,2,450,1.17E-137,405
P40616,P84077,56.9,181,78,0,1,181,1,181,1.36E-74,219
P40617,P84077,44.6,168,87,2,19,186,16,177,1.08E-46,149
P41002,P20248,31.7,227,146,5,302,526,203,422,8.19E-22,96.3
P41091,P49411,28.7,268,145,9,42,296,61,295,5.82E-20,89.4
P41161,P50549,58.8,519,163,10,1,510,1,477,2.21E-202,568
P41161,P11308,62.2,82,31,0,366,447,309,390,7.43E-28,113
P41162,P11308,49.2,126,47,2,28,153,304,412,1.24E-28,115
P41162,P50549,53.1,81,37,1,35,115,335,414,3.49E-19,87.4
P41208,P0DP23,46.7,45,24,0,124,168,31,75,5.25E-06,41.6
P41220,P57771,58,131,55,0,73,203,46,176,1.27E-50,159
P41220,P49798,47.1,170,89,1,39,207,17,186,3.17E-46,149
P41220,Q9UGC6,38.8,129,79,0,72,200,73,201,1.88E-30,108
P41221,P56703,45.2,345,164,8,46,380,26,355,2.09E-106,314
P41221,P56704,45.8,345,162,9,46,380,23,352,5.38E-106,313
P41235,P19793,42.5,332,179,3,59,384,134,459,8.57E-81,255
P41235,P48443,41.5,328,188,3,50,374,130,456,1.04E-78,250
P41235,P28702,42,336,176,5,59,384,204,530,2.59E-76,246
P41235,P10589,37.9,343,184,6,60,384,86,417,5.61E-64,210
P41235,O95718,32.3,334,202,4,59,374,102,429,4.53E-49,171
P41235,Q9Y466,34.1,364,190,8,60,373,16,379,1.61E-48,168
P41235,P62508,30.7,329,214,3,59,374,127,454,2.80E-48,169
P41235,P10826,29.5,393,242,8,16,391,51,425,1.28E-43,157
P41235,P11474,29.5,346,209,6,59,374,78,418,1.32E-42,153
P41235,P10276,29.2,332,213,5,60,374,88,414,9.71E-42,152
P41235,P13631,30.5,334,206,6,60,374,90,416,3.09E-41,150
P41235,P10828,29.6,335,197,5,51,347,98,431,1.83E-36,137
P41235,P10827,29.3,334,197,6,51,346,44,376,1.04E-33,130
P41235,Q13133,29.3,372,221,6,42,373,73,442,1.14E-33,129
P41235,Q14994,30.6,350,197,10,60,373,11,350,5.92E-33,125
P41235,P43354,28.2,362,220,10,42,379,252,597,7.47E-32,125
P41235,P22736,25.6,356,242,7,41,379,248,597,9.09E-30,119
P41235,P55055,26,381,222,6,50,373,78,455,2.36E-28,114
P41235,Q92570,27.2,372,216,10,44,379,273,625,2.65E-28,115
P41235,Q07869,28.3,396,224,11,35,373,71,463,4.68E-28,113
P41235,P37231,26.5,404,230,12,9,359,96,485,8.60E-28,113
P41235,Q96RI1,30.1,336,172,10,59,346,136,456,1.00E-27,112
P41235,Q03181,27.1,351,202,8,60,359,74,421,3.03E-27,110
P41235,P49116,46,113,61,0,56,168,113,225,3.41E-27,112
P41235,O75469,26,389,193,12,47,350,28,406,4.89E-25,104
P41247,Q96AD5,37.1,245,153,1,2,246,6,249,4.49E-52,174
P41439,P14207,82.6,235,37,1,3,237,1,231,2.19E-160,442
P41439,P15328,75.5,229,56,0,10,238,10,238,1.72E-146,407
P41732,P60033,30.4,171,106,4,14,173,9,177,1.80E-17,76.3
P41970,P50549,56.2,89,39,0,3,91,333,421,3.36E-27,110
P41970,P11308,53.5,99,46,0,3,101,309,407,2.90E-26,107
P41970,P41212,42.9,84,47,1,7,89,341,424,1.20E-17,81.6
P42025,P61160,44.2,380,194,6,12,373,9,388,2.15E-109,323
P42025,P61158,37.4,398,204,9,13,367,9,404,7.40E-75,235
P42331,P11274,32.4,170,107,3,155,322,1050,1213,1.69E-16,80.9
P42658,Q12884,32.2,773,477,20,99,851,15,760,3.18E-134,416
P42658,P27487,32.5,782,482,23,93,849,5,765,2.04E-133,414
P42830,P02776,42.5,87,50,0,22,108,14,100,1.26E-21,79.7
P43007,Q15758,61.3,507,178,8,33,532,46,541,9.98E-188,534
P43007,P43003,45.5,479,233,3,38,495,44,515,3.52E-129,385
P43007,P43005,45.9,462,224,5,38,480,14,468,5.12E-124,371
P43007,P43004,45.9,464,222,5,39,479,41,498,5.12E-122,367
P43026,P12643,31.9,354,182,12,172,501,78,396,8.52E-41,148
P43026,P12644,32.2,354,191,13,171,501,81,408,7.45E-40,146
P43080,P62166,38.5,174,93,4,10,171,13,184,2.19E-34,118
P43080,Q9Y6T7,36.7,90,56,1,71,159,133,222,5.10E-10,55.5
P43146,Q13332,30.6,186,120,4,856,1041,344,520,2.05E-15,79.3
P43146,P02751,24.3,383,242,16,445,814,1374,1721,5.31E-12,68.2
P43146,P17948,29.4,180,106,8,197,364,296,466,1.59E-10,63.2
P43146,Q15746,29,186,117,6,38,216,621,798,2.92E-10,62.4
P43234,Q9UBX1,32.7,303,185,8,29,321,190,483,2.25E-43,152
P43234,P09668,33.2,265,161,8,62,317,72,329,7.90E-41,142
P43234,P53634,29.5,244,148,10,86,312,214,450,4.09E-22,93.6
P43268,P50549,52,504,186,13,8,484,3,477,7.04E-157,451
P43268,P11308,61,82,32,0,339,420,309,390,6.42E-27,110
P43353,P30838,53.7,451,208,1,1,451,1,450,9.48E-175,495
P43626,Q9HCN6,36.1,244,122,8,1,236,1,218,6.80E-29,111
P43628,Q9HCN6,36.1,238,118,8,7,236,7,218,2.09E-27,107
P43629,Q9HCN6,38.8,214,104,5,123,331,27,218,4.45E-29,114
P43630,Q9HCN6,33.2,304,168,13,1,296,1,277,7.61E-30,116
P43631,Q9HCN6,36.5,244,121,8,1,236,1,218,1.97E-28,109
P43632,Q9HCN6,37.8,233,115,8,10,236,10,218,7.37E-29,110
P43652,P02768,35.2,600,382,4,4,597,1,599,4.18E-134,402
P45844,Q9UNQ0,30.6,532,348,10,93,609,56,581,2.07E-73,247
P45877,P23284,66.7,204,66,1,6,207,10,213,9.60E-98,280
P45877,P62937,63.4,142,52,0,36,177,2,143,8.41E-61,185
P45877,P30405,65.9,138,47,0,40,177,48,185,3.63E-59,182
P45877,Q08752,55.6,169,66,2,39,199,17,184,1.88E-53,172
P46089,P46095,62.2,294,111,0,37,330,69,362,4.96E-124,357
P46089,Q9H228,35.2,298,160,10,44,317,39,327,9.86E-27,106
P46089,Q9UBY5,31.6,307,178,11,45,330,32,327,7.20E-26,103
P46089,P21453,28.4,303,196,9,41,327,46,343,4.62E-24,98.6
P46089,P29275,33.5,209,107,5,123,303,92,296,1.75E-20,87.8
P46089,P32245,27.5,287,161,7,51,313,55,318,2.39E-20,87.4
P46089,P33032,27.8,288,160,8,51,313,47,311,4.13E-20,86.7
P46089,P41968,28.9,284,152,7,57,313,55,315,5.52E-20,86.3
P46089,P0DMS8,30.8,260,159,9,58,300,30,285,6.21E-15,71.6
P46089,P14416,42.6,68,34,3,243,306,369,435,3.67E-06,45.4
P46091,Q99788,40.1,282,155,2,43,312,45,324,8.09E-69,218
P46091,P25090,34.3,332,198,7,14,331,4,329,3.99E-51,171
P46091,P21462,34.2,301,189,4,40,331,28,328,7.07E-47,160
P46091,P30556,35.3,295,169,7,44,325,34,319,1.22E-46,159
P46091,P21730,32,300,197,3,34,331,33,327,1.39E-46,159
P46091,Q9Y5Y4,32.6,307,201,3,41,341,35,341,7.94E-44,153
P46091,P50052,31.6,291,175,7,43,317,49,331,4.92E-37,134
P46091,P31391,32.4,287,164,7,44,316,53,323,7.78E-36,131
P46091,P32246,32,281,176,8,44,316,40,313,3.08E-35,129
P46091,P41145,33.7,282,172,6,45,316,66,342,6.49E-33,123
P46091,P30872,29.5,285,176,7,44,316,64,335,1.07E-32,123
P46091,P30874,28.3,322,206,7,44,355,49,355,1.99E-32,122
P46091,Q13304,29.5,281,172,8,45,312,66,333,9.80E-32,120
P46091,P41143,31.8,283,176,6,44,316,55,330,5.38E-31,118
P46091,P35346,32.5,289,163,8,43,316,45,316,1.25E-30,117
P46091,Q16581,38.4,151,93,0,41,191,26,176,3.54E-29,114
P46091,P25025,28.7,314,204,8,10,312,18,322,1.08E-28,111
P46091,P32249,29.1,292,174,9,45,314,38,318,1.10E-28,111
P46091,Q9NS75,27.2,287,190,7,43,319,43,320,2.29E-28,110
P46091,P46663,27.5,265,164,5,68,314,68,322,2.41E-27,107
P46091,O43603,29.6,307,163,9,44,323,31,311,5.27E-27,107
P46091,P49682,28.4,320,199,8,13,314,21,328,5.66E-27,107
P46091,P51685,25,328,208,9,43,348,40,351,1.23E-26,105
P46091,P30411,26,265,172,4,66,314,86,342,1.78E-25,103
P46091,P25024,28.1,295,186,8,39,320,40,321,3.80E-25,101
P46093,Q15743,50.9,318,144,3,1,312,1,312,1.82E-110,324
P46093,P25106,28.4,317,217,5,23,334,50,361,7.09E-42,147
P46093,P25105,28.8,309,207,5,7,304,5,311,3.41E-41,145
P46093,P43657,29.8,295,200,4,9,297,9,302,4.98E-41,144
P46093,Q99677,30.3,337,213,7,1,330,22,343,8.82E-40,142
P46093,P55085,29.4,327,206,8,14,333,72,380,5.55E-39,140
P46093,P32246,27.7,314,210,6,18,320,36,343,4.92E-37,134
P46093,P32249,27.2,290,201,5,21,301,35,323,7.73E-36,131
P46093,P50052,27.8,288,191,7,12,289,41,321,7.61E-32,120
P46093,Q9Y271,28.5,270,186,4,22,286,28,295,4.61E-30,115
P46093,P30556,26.4,288,203,5,7,286,16,302,1.27E-29,114
P46093,Q9BXC1,30.4,296,191,11,24,309,26,316,3.01E-29,112
P46093,Q96RI0,30.2,285,185,6,21,301,81,355,9.26E-29,112
P46093,P35346,28.9,291,182,7,21,301,44,319,4.39E-27,107
P46093,P30874,26.5,324,207,9,23,328,49,359,8.88E-27,106
P46093,P41143,28.6,280,180,8,22,291,54,323,1.27E-26,106
P46093,P61073,27.4,299,204,6,12,306,33,322,4.73E-26,104
P46093,P35372,27.9,283,177,10,22,291,75,343,4.12E-25,102
P46093,P41145,26.6,297,195,9,7,291,50,335,8.47E-25,101
P46093,P31391,28.8,278,181,5,23,294,53,319,9.27E-25,101
P46093,P51684,25.3,304,202,9,14,304,43,334,3.79E-24,99.4
P46093,O00398,27.5,287,188,8,24,299,41,318,4.59E-24,98.6
P46093,P51686,23.9,305,211,9,10,304,42,335,2.34E-23,97.1
P46093,Q8TDS5,29,293,191,7,1,287,75,356,5.29E-23,96.7
P46093,P32248,24.1,291,210,7,19,304,60,344,2.67E-21,91.3
P46094,P51679,36.8,310,183,4,10,309,17,323,1.14E-61,198
P46094,P51685,36.1,305,185,3,10,304,13,317,2.40E-59,192
P46094,P51681,35.7,328,185,7,15,317,10,336,2.25E-55,181
P46094,P49238,37,303,183,4,7,301,5,307,1.34E-54,179
P46094,P32246,35.6,309,186,6,8,304,11,318,1.03E-53,177
P46094,P41597,35.9,315,190,6,8,313,19,330,1.27E-52,175
P46094,P51677,36.8,304,176,7,11,300,13,314,3.10E-52,173
P46094,P25025,34.4,305,188,5,9,302,26,329,1.92E-51,171
P46094,P25024,35.7,291,175,5,16,295,24,313,1.02E-47,161
P46094,P61073,32.3,297,192,5,15,302,21,317,3.51E-44,152
P46094,P51684,29.4,316,208,6,9,309,23,338,6.41E-41,144
P46094,P49682,31.6,297,189,4,37,324,59,350,3.25E-37,134
P46094,P32248,29.4,337,209,5,8,318,35,368,3.95E-36,131
P46094,P30411,31.4,274,167,5,42,295,68,340,1.31E-33,125
P46094,P25106,31.1,280,172,5,37,298,50,326,1.54E-32,121
P46094,P51686,27.7,296,200,4,22,303,38,333,8.68E-31,117
P46094,Q9NS75,30.2,291,170,9,36,304,43,322,5.51E-28,108
P46094,P30874,28.4,320,189,8,4,302,27,327,5.30E-27,106
P46094,P46092,30.9,275,173,5,44,303,54,326,1.26E-26,105
P46094,P41145,28.1,295,179,9,35,307,63,346,2.05E-22,94
P46094,P35346,30.4,283,173,8,36,302,45,319,2.38E-22,93.6
P46094,P30872,24.9,289,188,7,37,306,64,342,3.09E-22,93.6
P46094,P32745,27.4,285,180,6,38,302,51,328,3.28E-21,90.9
P46094,Q9Y5X5,23.7,312,195,10,38,312,154,459,7.42E-15,72.4
P46094,Q9GZQ6,27,304,180,9,36,303,48,345,4.83E-14,69.7
P46100,Q92698,29.5,665,319,17,1560,2217,153,674,2.11E-67,241
P46100,P51531,25.2,620,301,16,1560,2175,724,1184,2.04E-33,139
P46100,P51532,25.1,590,286,17,1591,2175,776,1214,3.51E-31,132
P46100,Q14839,37.6,178,88,3,2013,2190,1045,1199,5.17E-24,108
P46109,P46108,57.5,320,91,5,6,302,5,302,3.18E-121,347
P46109,P16333,42.9,56,30,1,125,178,192,247,1.13E-10,58.9
P46109,P41240,46,50,26,1,132,180,18,67,4.21E-09,54.3
P46109,Q06124,36.8,87,44,2,14,89,112,198,4.80E-08,51.2
P46109,P29353,32.5,80,51,2,14,93,488,564,2.66E-07,48.9
P46109,P07948,39.3,61,35,2,122,181,62,121,1.86E-06,46.2
P46109,P42685,32.4,68,38,1,119,178,38,105,7.68E-06,44.3
P46199,O60841,32.3,260,126,5,179,388,630,889,1.33E-22,100
P46439,P09488,87.6,218,27,0,1,218,1,218,9.33E-144,397
P46439,P28161,81.2,218,41,0,1,218,1,218,2.25E-135,376
P46459,P55072,37,273,150,7,220,487,479,734,9.84E-42,160
P46459,P43686,35.3,241,139,6,220,457,167,393,2.95E-34,133
P46721,Q9Y6L6,42,652,357,7,9,641,17,666,2.53E-180,526
P46721,Q9NPD5,40.7,646,367,5,9,638,17,662,6.62E-172,505
P46721,O94956,30.5,642,397,16,19,625,48,675,8.66E-96,308
P47870,P28472,73.9,513,93,3,1,512,1,473,1.01E-271,744
P47870,P24046,49.1,285,143,2,47,329,84,368,9.42E-97,298
P47870,P23416,45.7,313,160,5,24,329,32,341,3.37E-89,278
P47870,O75311,43.6,330,173,5,10,329,14,340,9.39E-89,277
P47870,P23415,45.3,316,160,6,21,329,26,335,1.08E-88,277
P47870,P47869,40.2,328,190,5,10,334,17,341,8.60E-82,259
P47870,P48169,33.5,517,275,9,40,512,52,543,8.91E-81,259
P47870,P34903,32.3,483,260,4,32,512,63,480,2.80E-80,256
P47870,P14867,37.8,357,203,4,12,350,11,366,4.18E-80,254
P47870,P31644,40.3,325,189,3,26,346,37,360,2.07E-78,250
P47870,Q16445,40.6,318,176,4,36,346,32,343,1.46E-75,243
P47872,P32241,52.9,382,167,6,32,409,37,409,1.15E-141,410
P47872,P41586,50.3,396,172,3,40,411,29,423,2.45E-138,402
P47872,P41587,48.6,401,191,7,9,404,1,391,7.86E-127,372
P47872,Q02643,45,373,195,3,32,403,28,391,7.38E-110,328
P47872,Q03431,45.1,377,168,9,66,408,108,479,2.80E-101,311
P47872,P43220,40.8,419,209,10,26,418,27,432,1.95E-93,287
P47872,O95838,41.3,385,194,7,45,408,83,456,9.08E-92,285
P47872,P48546,42,374,198,7,51,409,44,413,1.98E-87,271
P47872,P47871,40.3,424,212,12,12,408,11,420,5.33E-87,271
P47872,Q16602,30.4,365,230,8,66,422,65,413,6.83E-53,181
P47872,P30988,30.8,351,230,8,64,409,70,412,9.08E-52,178
P48029,P48066,57.4,551,228,2,48,597,46,590,3.07E-241,678
P48029,P31641,58.5,552,217,3,50,597,39,582,5.37E-239,672
P48029,Q9NSD5,55.7,574,245,2,52,624,32,597,2.16E-236,664
P48029,P48065,56.9,548,226,3,52,597,36,575,8.76E-234,658
P48029,P30531,53.2,549,241,4,49,597,41,573,8.99E-220,622
P48029,Q99884,46.3,553,284,6,52,600,37,580,2.25E-174,508
P48029,P23975,45.5,560,285,7,51,604,55,600,5.53E-173,503
P48029,P48067,44.1,567,302,7,52,607,100,662,3.29E-172,504
P48029,Q9Y345,42.6,599,312,7,52,626,191,781,2.91E-170,503
P48029,Q01959,44.5,548,292,5,52,597,60,597,2.50E-169,494
P48029,P31645,42.2,599,317,10,7,590,23,607,1.99E-165,484
P48029,Q9UN76,40.4,589,312,12,52,609,36,616,6.01E-150,445
P48029,Q9H2J7,34.7,605,283,9,52,574,61,635,8.53E-120,370
P48051,P63252,56.9,320,134,3,55,372,46,363,1.52E-127,372
P48051,P48050,52,348,146,4,43,372,11,355,3.53E-125,367
P48051,Q14654,49.4,328,164,2,46,372,25,351,1.83E-111,330
P48051,P48048,47.6,313,160,3,55,363,41,353,1.45E-102,307
P48051,P78508,41.2,313,180,4,55,364,29,340,5.76E-84,259
P48051,O60928,34.5,322,198,7,52,366,16,331,2.67E-51,174
P48052,P15085,62.8,419,154,2,3,419,1,419,4.32E-191,533
P48052,P15086,41.1,406,225,5,20,419,20,417,7.75E-108,322
P48052,P15088,39.1,409,222,7,22,417,21,415,3.65E-97,294
P48052,Q96IY4,39.3,402,230,7,22,414,23,419,1.05E-85,265
P48146,P48145,65.8,301,101,2,34,333,25,324,9.17E-132,376
P48146,P30874,40.1,324,179,5,9,331,18,327,1.49E-74,231
P48146,P41143,41,315,177,4,19,332,28,334,5.10E-73,228
P48146,P35346,43.8,306,162,4,29,331,21,319,3.22E-72,225
P48146,P30872,41.6,310,168,5,22,331,42,338,1.51E-70,222
P48146,P32745,42.9,289,157,3,46,331,45,328,1.35E-68,218
P48146,P35372,39.7,290,172,2,39,328,64,350,9.28E-68,215
P48146,P41145,41.2,294,159,5,42,328,56,342,1.52E-67,214
P48146,P31391,43.2,294,150,6,46,333,48,330,4.14E-66,210
P48146,P41146,39.6,298,172,4,34,328,39,331,2.95E-61,197
P48146,O43603,35.1,288,177,6,46,330,26,306,4.55E-38,137
P48146,P47211,31,319,206,7,24,333,7,320,1.65E-36,132
P48146,P32246,28.3,329,196,9,24,330,5,315,1.37E-33,124
P48146,O60755,34.2,313,183,8,34,333,6,308,1.72E-33,124
P48146,P51677,29,290,184,6,48,328,37,313,1.90E-32,121
P48146,P41597,29.2,295,185,8,47,333,44,322,6.94E-32,120
P48146,P32248,32.4,290,183,6,48,332,61,342,7.40E-32,120
P48146,P35414,29.9,301,193,8,47,333,30,326,7.63E-32,120
P48146,P25024,33.9,301,165,9,45,331,40,320,3.31E-31,117
P48146,P51685,29.7,296,184,6,46,332,36,316,9.60E-31,116
P48146,Q99788,31.3,297,175,11,46,325,41,325,8.94E-30,114
P48146,Q969V1,31,294,190,9,46,332,35,322,1.41E-29,113
P48146,Q9NS75,30.9,333,193,11,15,332,11,321,1.55E-29,113
P48146,P51681,28.2,287,184,8,47,324,32,305,2.37E-29,112
P48146,P30411,30.1,296,179,9,42,325,62,341,1.51E-28,111
P48165,P17302,55.2,241,104,3,1,237,1,241,5.45E-85,262
P48165,P29033,52.3,239,99,3,3,240,2,226,1.79E-76,235
P48167,P23416,48,446,181,11,55,496,43,441,3.49E-122,362
P48167,O75311,47.6,452,185,13,55,496,42,451,4.07E-121,360
P48167,P23415,45.8,459,183,14,55,496,37,446,1.68E-115,345
P48167,P28472,35.6,450,258,11,60,496,41,471,3.37E-79,252
P48167,P24046,33.7,457,252,13,47,496,66,478,4.63E-72,234
P48167,Q16445,31.4,452,264,10,53,497,29,441,1.88E-65,216
P48167,P32297,27.8,281,172,9,59,326,38,300,3.59E-19,87.4
P48448,P30838,52.5,362,172,0,3,364,84,445,8.36E-139,400
P48454,Q08209,81.9,492,86,3,8,496,11,502,3.24e-310,843
P48454,P16298,82.2,494,84,3,12,502,24,516,8.51e-309,840
P48454,P62136,40.2,259,142,3,67,325,45,290,5.71E-70,224
P48454,P36873,40.2,259,142,3,67,325,45,290,2.55E-69,222
P48454,P67775,40.6,286,154,4,51,334,22,293,2.13E-66,214
P48454,P53041,37.8,315,171,7,33,336,182,482,1.21E-62,210
P48509,P08962,31.4,239,151,7,12,249,6,232,2.80E-31,113
P48544,P63252,56.5,324,137,3,50,371,44,365,7.14E-130,378
P48544,P48050,51.8,355,148,5,47,383,15,364,4.15E-128,374
P48544,Q14654,48.1,339,165,4,40,369,15,351,4.68E-108,321
P48544,P48048,46,341,180,3,50,386,39,379,2.54E-102,306
P48544,P78508,41,315,182,4,50,361,27,340,6.33E-82,254
P48544,O60928,34.5,310,191,6,51,354,18,321,2.42E-51,174
P48547,Q14721,37,465,217,7,7,456,30,433,1.71E-81,268
P48547,Q09470,37.8,442,206,10,8,443,37,415,5.88E-75,242
P48547,P22459,38.1,464,193,14,5,443,173,567,2.84E-73,242
P48547,P22001,37.9,449,201,13,8,443,104,487,3.22E-71,234
P48547,Q9UK17,34.9,459,230,10,6,462,38,429,4.50E-69,231
P48547,P16389,36.4,451,206,13,8,443,33,417,1.35E-67,223
P48547,P17658,34.6,486,209,11,7,443,40,465,1.53E-64,216
P48547,P22460,35.9,474,196,12,8,443,120,523,2.21E-64,217
P48547,O43526,30.9,110,66,1,332,441,219,318,1.72E-11,63.9
P48549,P63252,56.2,313,135,1,43,355,44,354,6.13E-126,371
P48549,P48050,50.6,344,152,4,38,363,12,355,2.33E-116,347
P48549,Q14654,48,325,166,3,40,363,29,351,1.68E-107,323
P48549,P48048,47.5,318,162,4,41,354,37,353,1.38E-100,305
P48549,P78508,42.2,315,179,3,42,354,26,339,1.68E-85,266
P48594,P01008,38.4,393,222,7,4,390,83,461,3.41E-79,248
P48594,P05121,31.4,385,231,10,15,390,42,402,3.46E-49,168
P48594,P08185,31.4,388,243,9,4,390,39,404,3.84E-48,166
P48594,P50454,27.9,391,256,9,3,390,42,409,1.08E-38,140
P48595,P01008,34.8,399,235,8,4,397,83,461,7.78E-68,219
P48595,P50454,28.1,388,248,8,12,397,51,409,1.28E-42,151
P48664,P43003,65.8,535,160,5,21,550,13,529,3.41E-229,641
P48664,P43005,54,480,198,5,51,528,13,471,5.65E-160,464
P48664,P43004,51.7,480,210,6,53,528,41,502,2.45E-152,446
P48664,Q15758,44.1,494,213,7,47,525,43,488,4.11E-118,357
P48723,P11021,38.7,424,207,8,33,449,30,407,3.52E-87,277
P48723,P0DMV8,39.5,418,203,7,34,446,7,379,3.93E-86,274
P48723,P54652,39.8,420,201,8,34,446,8,382,1.04E-85,273
P48723,P11142,39.7,421,204,8,34,449,7,382,1.21E-85,273
P48723,P38646,36.1,421,220,9,33,449,55,430,1.16E-72,239
P48995,Q9UBN4,48.4,768,364,13,37,793,20,766,7.57E-222,647
P48995,Q9UL62,47.3,747,377,10,43,782,28,764,4.24E-217,635
P48995,Q13507,35,812,417,16,45,775,110,891,5.65E-138,428
P48995,Q9Y210,34.9,825,421,15,45,775,96,898,3.92E-137,426
P48995,Q9HCX4,34,806,434,16,45,775,41,823,1.39E-132,412
P49023,P53667,33.3,120,73,5,415,529,23,140,3.82E-16,79
P49184,Q13609,41,288,163,3,7,287,9,296,4.54E-75,229
P49184,P24855,38.7,269,156,4,12,273,16,282,2.67E-56,181
P49189,P05091,42.6,467,254,6,28,487,53,512,1.68E-124,370
P49189,P30837,41,466,263,5,28,487,53,512,1.07E-119,358
P49189,P00352,40.7,467,265,5,32,492,41,501,5.89E-115,345
P49189,O94788,40.5,462,263,5,32,487,58,513,1.96E-114,345
P49189,P51649,34.6,474,296,6,17,484,66,531,6.88E-85,269
P49190,Q03431,53.7,477,161,6,22,445,22,491,1.75E-172,498
P49190,P32241,39.2,385,199,9,54,433,54,408,5.27E-86,271
P49190,P41587,36.4,390,216,11,41,428,31,390,3.57E-80,255
P49190,P41586,33.7,410,212,10,63,442,54,433,3.11E-74,241
P49190,O95838,35.9,376,223,7,63,434,96,457,7.37E-71,234
P49190,P48546,33.7,430,245,8,14,433,13,412,1.02E-69,229
P49190,P43220,32.8,439,272,11,1,433,1,422,1.85E-69,228
P49190,P47871,34,394,238,10,47,433,42,420,3.84E-68,225
P49190,Q02643,33.4,431,228,14,49,455,27,422,2.02E-67,221
P49190,Q13324,32.6,368,200,9,72,431,50,377,2.30E-55,189
P49190,P34998,28.8,393,211,9,72,431,54,410,2.43E-48,171
P49221,P22735,37.6,665,402,6,17,675,122,779,3.72E-156,469
P49221,O95932,35.6,705,414,12,8,680,4,700,3.59E-135,411
P49221,P00488,33,666,427,10,20,674,61,718,7.65E-127,390
P49221,Q08188,34.4,694,418,14,8,676,4,685,1.73E-124,383
P49221,P21980,33.4,709,415,17,5,682,2,684,7.10E-113,352
P49427,P63146,39.7,141,71,2,9,149,5,131,3.26E-30,107
P49427,P63279,42.9,112,53,1,37,148,37,137,3.20E-24,92
P49427,P61077,31.7,139,81,2,11,149,4,128,7.63E-22,85.5
P49459,P63146,96,151,6,0,1,151,1,151,9.18E-105,293
P49459,P61077,42.1,133,77,0,5,137,2,134,7.99E-37,121
P49459,Q9NPD8,36.6,131,79,1,8,134,6,136,4.52E-27,97.8
P49590,P12081,76.8,470,108,1,34,502,32,501,3.36E-268,736
P49593,O75688,29.5,278,161,10,159,411,26,293,2.95E-22,96.3
P49593,P35813,30,277,157,10,159,411,26,289,6.28E-22,94.4
P49593,O15355,39.5,152,80,4,253,394,327,476,5.32E-21,92.8
P49641,Q16706,53.9,1155,514,10,1,1149,1,1143,0,1241
P49641,O00754,28,1036,592,35,166,1145,63,1000,3.57E-83,290
P49641,Q9Y2E5,29.1,846,514,24,163,979,24,812,9.57E-78,274
P49685,P30556,32.4,296,187,5,31,317,26,317,1.15E-43,152
P49685,P51679,32.1,324,195,8,7,320,14,322,5.13E-38,137
P49685,P61073,28.4,299,185,7,31,317,36,317,2.29E-37,135
P49685,P25025,31.7,293,177,9,35,317,50,329,1.01E-36,133
P49685,P51686,28.4,306,197,7,20,317,41,332,4.45E-36,132
P49685,P51684,27.1,329,207,10,31,335,44,363,9.41E-36,131
P49685,P35346,32.5,292,180,9,33,318,40,320,2.92E-35,129
P49685,P49238,29.4,337,200,10,29,346,27,344,3.43E-35,129
P49685,P25024,30.7,290,178,9,38,317,44,320,1.14E-32,122
P49685,Q13304,28.4,296,195,6,30,318,56,341,1.50E-31,119
P49685,P51677,28.2,294,183,6,35,315,36,314,6.22E-31,117
P49685,P30874,28.4,331,210,9,23,340,32,348,5.42E-30,115
P49685,P32249,25.1,315,220,5,15,317,13,323,9.13E-30,114
P49685,P32248,31.2,282,165,8,35,302,60,326,1.63E-29,114
P49685,Q99677,31.4,277,167,7,40,303,46,312,2.75E-29,113
P49685,P32745,28.4,313,202,9,15,314,26,329,3.81E-29,114
P49685,P41597,25.3,324,216,8,4,320,18,322,5.22E-28,110
P49685,P41231,29,283,195,4,34,311,34,315,6.95E-27,107
P49685,O43603,27,282,198,5,33,311,25,301,1.08E-26,106
P49685,P55085,25.7,323,217,7,32,342,74,385,2.83E-25,102
P49685,Q9NS75,26.3,281,181,5,35,303,40,306,1.38E-24,100
P49685,Q9UPC5,25.4,295,204,5,33,317,54,342,1.56E-24,100
P49685,P25116,25.8,299,209,4,33,325,102,393,1.12E-23,98.6
P49685,P43657,28.9,301,195,9,27,313,7,302,4.32E-23,95.9
P49685,Q92847,25.8,291,197,7,42,317,52,338,3.94E-17,79
P49703,P84077,42.4,170,92,2,22,191,18,181,4.64E-43,140
P49736,P33991,34.7,600,357,7,214,801,192,768,4.67E-102,335
P49758,Q9UGC6,36.6,134,84,1,319,451,67,200,1.50E-25,101
P49758,P57771,39.2,130,78,1,323,451,43,172,9.09E-25,98.2
P49758,P49798,37,127,79,1,326,451,52,178,1.52E-23,95.5
P49765,P15692,43.9,123,65,2,10,128,192,314,8.54E-25,97.4
P49767,P15692,35.5,110,68,2,117,226,219,325,2.59E-15,74.3
P49792,P62937,66.7,162,54,0,3063,3224,3,164,9.24E-72,235
P49792,P30405,65.1,166,58,0,3059,3224,41,206,1.80E-70,233
P49792,Q08752,53,183,78,1,3050,3224,2,184,1.82E-51,184
P49792,P23284,55,160,71,1,3066,3224,46,205,2.86E-51,178
P49795,Q9UGC6,59.3,167,66,2,52,217,45,210,1.04E-65,199
P49795,P57771,48.8,129,66,0,80,208,46,174,5.50E-37,125
P49795,P49798,43.9,132,74,0,75,206,47,178,5.31E-34,118
P49796,P49798,54.3,164,74,1,1028,1190,16,179,2.84E-50,174
P49796,P57771,53,166,77,1,1029,1193,11,176,3.90E-49,169
P49796,Q9UGC6,44.5,128,71,0,1062,1189,73,200,2.68E-29,114
P49802,Q9UGC6,37.5,136,84,1,316,450,67,202,1.03E-26,104
P49802,P57771,40.2,132,78,1,318,448,41,172,2.17E-25,100
P49802,P49798,37.5,128,77,2,323,448,52,178,1.55E-22,92.8
P49916,P18858,33.4,374,220,13,480,834,539,902,6.91E-46,176
P49917,P18858,28.8,379,234,12,247,607,541,901,3.57E-29,122
P50148,P29992,90.3,359,35,0,1,359,1,359,8.72E-240,652
P50148,P04899,50.7,355,171,3,7,358,1,354,1.38E-114,334
P50148,Q5JWF2,38.9,368,191,5,25,358,669,1036,1.09E-73,244
P50225,P49888,51.9,283,136,0,13,295,12,294,2.02E-110,319
P50226,P49888,51.2,283,138,0,13,295,12,294,1.77E-106,309
P50452,P01008,38.4,385,219,10,3,374,82,461,4.67E-70,224
P50452,P05121,31.6,370,242,7,11,374,38,402,5.70E-51,172
P50453,P01008,38,382,225,6,4,376,83,461,9.82E-70,223
P50453,P08185,34.2,380,229,10,4,376,39,404,1.41E-54,182
P50453,P50454,30,377,252,7,3,376,42,409,3.42E-49,168
P50453,P20848,29.5,369,245,7,12,376,61,418,4.38E-40,144
P50548,P11308,58.2,98,41,0,20,117,304,401,8.39E-30,119
P50548,P50549,47.9,94,49,0,27,120,335,428,3.13E-20,90.9
P50993,P05023,86.8,1023,132,3,1,1020,1,1023,0,1766
P50993,P54707,65.7,997,340,2,26,1020,43,1039,0,1302
P50993,Q93084,29.7,1036,611,27,42,1009,5,991,1.62E-109,361
P50993,P16615,29.1,1038,620,30,42,1011,5,994,9.04E-107,354
P50993,O14983,29,1029,606,26,53,1009,16,991,1.42E-103,345
P51124,P00746,41.1,248,137,5,9,252,9,251,1.72E-58,184
P51124,P49863,40.2,254,136,12,7,250,8,255,7.38E-48,157
P51124,Q9Y5K2,36.4,253,144,9,8,256,15,254,1.08E-44,148
P51124,P24158,36.1,255,143,7,7,255,9,249,5.13E-39,134
P51124,Q9UKR3,36.4,231,132,7,28,251,38,260,2.39E-38,132
P51124,P00747,36.2,232,139,7,25,252,580,806,5.10E-36,132
P51124,P20151,35.2,261,140,9,9,250,4,254,1.46E-35,125
P51124,P07288,32.8,241,139,7,24,250,23,254,5.68E-35,123
P51124,O15393,29,259,170,7,2,249,229,484,7.31E-35,127
P51124,Q92876,35.6,219,127,7,36,251,32,239,1.47E-34,122
P51124,Q9Y337,33.3,234,139,9,24,251,65,287,3.22E-34,122
P51124,Q9NRS4,32.3,254,163,6,4,252,183,432,1.39E-33,123
P51124,Q9NRR2,34.4,241,144,7,20,251,32,267,3.18E-32,117
P51124,Q15661,31,242,144,10,26,249,31,267,1.56E-27,104
P51124,P20231,31,242,144,10,26,249,31,267,4.24E-27,103
P51124,P04070,30.5,239,148,8,25,249,211,445,1.84E-21,90.1
P51148,P20340,44.6,168,93,0,16,183,8,175,6.17E-51,161
P51148,P61026,39.4,170,99,1,22,187,10,179,2.64E-39,131
P51148,O14966,31.7,199,127,6,22,214,8,203,5.08E-30,107
P51148,P51159,33,176,103,4,22,184,10,183,3.31E-28,103
P51148,P62834,34.3,169,108,3,21,187,3,170,1.33E-24,93.2
P51148,Q15382,32.5,163,108,2,23,184,8,169,2.39E-20,82
P51148,Q5HYI8,26.6,124,81,3,21,134,6,129,2.12E-06,44.3
P51149,P20340,36.7,199,120,3,10,207,15,208,7.77E-38,127
P51149,P61026,37.3,169,102,1,7,175,8,172,9.87E-37,124
P51149,P51159,38.4,172,93,2,8,169,9,177,5.35E-35,120
P51149,Q5HYI8,25.2,159,91,5,9,139,7,165,1.46E-08,50.4
P51151,O14966,34.8,204,129,3,1,201,1,203,3.96E-38,128
P51151,P61026,35.4,181,107,4,7,182,9,184,1.29E-35,121
P51151,P62826,30.7,166,108,2,8,173,11,169,2.70E-28,103
P51151,Q5HYI8,23.4,145,83,4,9,127,8,150,7.12E-07,45.4
P51153,P61026,70,170,51,0,3,172,4,173,1.43E-86,251
P51153,P51159,42.5,179,91,3,5,172,6,183,4.23E-48,154
P51153,P62834,36.7,166,102,3,9,172,4,168,1.19E-29,105
P51153,Q5HYI8,30.4,102,62,2,10,102,8,109,1.04E-11,59.3
P51157,P61026,33.1,169,109,2,10,178,7,171,1.27E-27,101
P51157,P20340,35.7,171,106,2,11,181,12,178,8.38E-27,99.8
P51157,P51159,28.9,166,107,2,10,166,7,170,4.06E-20,82.4
P51157,P62826,27.8,169,113,6,12,179,10,170,3.79E-16,71.6
P51157,P61586,30.3,185,109,8,14,184,7,185,4.42E-12,60.1
P51170,P37088,36.1,545,329,6,26,564,56,587,4.23E-118,364
P51172,P37088,39.6,551,307,6,210,735,45,594,8.36E-144,436
P51172,Q9UHC3,24.7,316,201,10,424,716,161,462,5.56E-23,100
P51513,Q96AE4,24.6,191,101,3,56,243,107,257,7.79E-11,61.6
P51648,P30838,67.7,439,142,0,5,443,8,446,2.23E-228,632
P51648,P47895,29.7,344,229,6,96,428,165,506,4.14E-39,145
P51648,P00352,29.9,361,227,8,83,428,146,495,9.43E-36,136
P51659,P22307,39.5,114,67,2,615,727,424,536,3.27E-19,89
P51668,P61077,88.4,147,17,0,1,147,1,147,7.07E-102,285
P51668,P63146,41.5,135,79,0,2,136,5,139,1.80E-40,130
P51668,Q9NPD8,43.2,146,79,1,5,146,6,151,2.99E-38,126
P51668,P61081,31.9,135,90,2,5,139,33,165,1.20E-25,93.6
P51688,P15289,25.6,570,268,20,6,497,4,495,4.91E-22,96.3
P51690,P08842,53.6,558,248,5,34,585,23,575,5.95E-207,587
P51690,P15289,32.2,572,309,19,24,588,6,505,1.03E-65,220
P51693,P05067,36.4,774,337,15,23,648,1,767,4.00E-108,341
P51784,Q13107,46.5,908,399,12,96,929,28,922,1.22E-264,763
P51784,P40818,48.4,192,99,0,306,497,774,965,2.13E-49,187
P51784,O75604,39.5,223,123,5,269,488,232,445,3.37E-39,152
P51784,Q9UK80,34.5,200,110,4,307,489,210,405,4.23E-25,108
P51784,Q9Y2K6,36.2,130,76,2,288,416,124,247,1.17E-15,79
P51784,Q6R6M4,26.6,192,103,7,310,497,81,238,7.86E-08,53.1
P51784,P54578,27.1,177,106,7,309,477,105,266,5.17E-07,50.4
P51828,O95622,38,1085,580,20,19,1067,227,1254,6.41E-201,612
P51828,Q08828,39.3,969,476,21,130,1067,167,1054,4.60E-183,561
P51828,P40145,35,1090,585,25,17,1067,165,1170,1.77E-181,561
P51828,P16066,28.6,238,141,6,225,456,841,1055,1.75E-23,104
P51841,P16066,40.6,783,414,21,305,1065,303,1056,7.32E-157,491
P51841,O95622,32.9,240,136,7,841,1062,1024,1256,1.16E-25,112
P51841,Q08828,33.3,246,137,7,830,1061,245,477,1.84E-25,111
P51841,P06239,29.7,259,156,11,571,816,259,504,6.27E-24,104
P51841,P40145,31,242,145,6,846,1071,363,598,1.18E-23,105
P51841,P07948,26.9,264,158,11,571,816,261,507,7.56E-20,91.7
P51843,Q15466,38.9,226,125,1,244,469,45,257,7.78E-39,139
P51854,P29401,60,615,205,2,15,591,6,617,1.65E-260,725
P51857,Q04828,58.7,317,130,1,10,326,8,323,5.30E-140,396
P51857,P52895,58.4,317,131,1,10,326,8,323,6.13E-139,394
P51857,P17516,56.9,318,136,1,9,326,7,323,6.69E-136,386
P51857,P42330,56.2,317,138,1,10,326,8,323,1.56E-134,382
P51857,P15121,50,318,154,2,9,326,4,316,1.31E-114,332
P51857,O60218,51.1,317,150,2,10,326,5,316,1.41E-111,324
P51857,P14550,43.8,331,169,6,6,326,2,325,5.69E-90,269
P51965,P61077,65,143,50,0,50,192,4,146,1.40E-67,201
P51965,P61081,33.6,128,81,3,51,177,33,157,3.64E-20,80.9
P51991,P09651,86.9,199,24,2,28,225,7,204,1.95E-118,345
P52179,P10586,26,254,137,10,527,773,837,1046,1.00E-07,54.3
P52198,P61586,50,176,87,1,7,182,5,179,5.70E-64,194
P52198,P63000,44.8,174,95,1,9,182,5,177,1.16E-55,173
P52429,Q9Y6T7,35.2,554,274,21,59,543,244,781,3.01E-86,281
P52429,P23743,34.2,538,279,16,59,543,205,720,8.69E-84,273
P52429,P49619,35.7,529,268,18,59,543,271,771,9.48E-83,272
P52429,Q13574,30.1,541,307,23,59,543,97,622,1.50E-60,213
P52630,P42224,43.1,733,390,13,1,714,1,725,6.68E-178,528
P52630,P40763,40.5,691,392,12,1,677,1,686,2.23E-161,486
P52630,P51692,27.6,725,436,26,1,678,1,683,2.14E-59,214
P52630,P42229,26.7,724,444,23,1,678,1,683,5.65E-57,207
P52701,O96028,46.3,67,33,2,90,153,220,286,1.71E-13,72.8
P52735,P15498,49.5,895,377,14,1,875,1,840,1.40E-293,829
P52735,P16885,28.8,205,121,8,672,874,645,826,9.29E-12,66.2
P52735,P19174,25.8,221,135,10,658,874,653,848,1.23E-11,65.9
P52735,Q7Z628,26.3,278,171,10,188,446,164,426,2.33E-10,61.2
P52735,P80192,45.6,68,23,3,808,872,55,111,3.56E-09,57.8
P52735,Q5TCX8,43.9,57,29,1,819,872,41,97,4.05E-08,54.3
P52735,P51813,26.4,140,86,6,628,751,243,381,2.12E-06,48.5
P52790,P52789,56.4,897,382,3,28,917,17,911,0,996
P52790,P19367,54.8,867,383,3,58,917,47,911,0,928
P52790,P35557,52.5,451,205,2,477,918,10,460,5.96E-157,466
P52824,Q9Y6T7,41.4,343,164,8,584,898,434,767,4.45E-74,257
P52824,P49619,42.7,335,161,7,584,896,430,755,3.26E-73,254
P52824,Q13574,40.1,354,196,9,575,919,282,628,3.65E-67,239
P52824,P23743,38.7,344,173,8,584,898,372,706,2.51E-65,231
P53675,Q00610,85,1634,245,0,1,1634,1,1634,0,2820
P53708,P06756,47.8,1032,518,12,28,1055,22,1036,0,956
P53708,P13612,26.3,1054,666,40,29,1041,24,1007,1.04E-84,293
P53794,Q8WWX8,46.6,714,318,7,5,717,24,675,2.25E-209,602
P53794,P31639,52.9,546,255,2,2,546,17,561,2.28E-200,578
P53794,P13866,53.8,530,241,2,6,535,25,550,3.19E-198,573
P53794,Q9NY91,50.4,530,259,2,6,535,25,550,3.79E-187,544
P53814,P46939,31.9,119,78,2,787,905,139,254,1.16E-13,72.8
P54274,Q15554,59.6,52,21,0,379,430,488,539,3.24E-13,68.6
P54296,Q15746,21.1,635,405,22,811,1425,1331,1889,4.66E-15,78.2
P54315,P16233,67.3,468,149,4,1,467,1,465,1.60E-245,675
P54315,Q9Y5X9,31.8,431,257,13,51,454,46,466,3.68E-56,191
P54317,P16233,64,469,165,4,1,469,1,465,1.63E-236,652
P54317,Q9Y5X9,29.6,473,286,14,17,462,20,472,2.63E-58,197
P54317,P06858,29,421,280,10,51,458,36,450,1.21E-55,189
P54317,P11150,30.3,432,269,13,51,457,47,471,2.84E-53,184
P54840,P13807,70.3,688,195,3,5,684,5,691,0,1024
P54855,O75795,94.2,530,31,0,1,530,1,530,0,1016
P54855,P16662,77.9,530,116,1,1,530,1,529,6.57e-312,848
P54855,O60656,45.4,533,267,9,5,528,6,523,4.01E-147,430
P54855,Q9HAW7,44.7,530,275,9,5,528,6,523,4.55E-146,427
P54855,Q9HAW8,45.6,528,273,8,5,528,6,523,1.82E-145,426
P54855,P22309,45.1,519,251,9,24,528,28,526,5.84E-142,417
P54855,P19224,44.5,517,255,8,25,528,28,525,6.41E-141,414
P55040,P01116,35.2,179,105,5,74,247,2,174,1.18E-25,98.2
P55040,P01112,33.7,169,104,4,74,240,2,164,6.23E-25,96.3
P55040,P01111,33.7,169,104,4,74,240,2,164,3.29E-24,94.4
P55040,P62834,35.9,167,99,4,76,239,4,165,1.56E-22,89.7
P55042,P62834,35.2,162,103,2,92,251,4,165,1.92E-22,89.7
P55042,P01116,35.2,176,101,5,92,259,4,174,1.11E-21,87.8
P55042,P01112,34.3,166,99,4,92,252,4,164,2.98E-21,86.7
P55042,P01111,34.3,172,103,4,92,258,4,170,5.74E-21,85.9
P55107,P12643,45.6,103,54,1,376,478,296,396,8.52E-29,114
P55107,P12644,43.1,116,60,2,363,478,299,408,3.44E-28,113
P55197,P55201,47.3,182,77,7,25,197,276,447,9.82E-43,167
P55197,O95696,44.8,181,83,5,25,197,217,388,6.52E-41,160
P55197,Q9ULD4,45.3,181,82,6,25,197,215,386,8.69E-39,154
P55197,Q9H3R0,34.6,188,103,6,5,181,673,851,3.89E-23,103
P55197,O75164,34.6,136,83,3,47,181,741,871,1.03E-21,99
P55198,P55201,47.3,182,77,7,8,180,276,447,3.50E-43,168
P55198,O95696,44.8,181,83,6,8,180,217,388,4.82E-40,158
P55198,Q9ULD4,43.6,181,85,5,8,180,215,386,4.05E-39,155
P55198,Q9H3R0,40.9,137,73,4,30,164,721,851,5.32E-23,103
P55198,O75164,35.3,136,82,3,30,164,741,871,6.23E-22,99.8
P55265,P19525,49.2,65,33,0,511,575,17,81,1.34E-09,59.3
P55316,O43524,36.4,143,68,4,185,312,161,295,2.60E-17,82
P55345,O60678,37.3,319,188,6,95,410,211,520,8.50E-64,211
P55345,Q99873,36.8,307,181,8,94,398,45,340,1.05E-63,207
P55345,Q9NR22,34.8,316,193,8,85,398,59,363,2.91E-62,204
P55345,Q96LA8,38.6,329,193,7,98,420,43,368,1.36E-61,201
P55345,Q86X55,38,305,173,8,101,398,148,443,9.48E-49,172
P55345,P06241,40.9,93,44,4,35,123,87,172,2.58E-09,56.2
P55345,P09769,38.4,86,43,3,35,117,82,160,2.41E-08,53.1
P55774,P13501,38.5,91,53,1,1,88,1,91,1.20E-18,70.9
P55916,P05141,26.5,185,121,6,22,205,126,296,6.12E-12,62.4
P55916,P12236,26.5,185,121,6,22,205,126,296,8.24E-12,62
P56180,P60484,35,360,178,9,218,537,4,347,9.26E-59,198
P56202,Q9UBX1,38.1,339,176,7,28,363,176,483,1.91E-75,239
P56202,P09668,30.6,333,195,11,28,354,22,324,1.74E-45,156
P56202,P25774,30.7,303,166,12,65,358,59,326,2.88E-38,137
P56202,O60911,33.7,273,151,12,88,354,77,325,1.18E-35,130
P56202,P07711,31.1,273,157,11,88,354,77,324,8.35E-35,128
P56202,P43235,29.7,279,167,7,83,357,70,323,2.07E-34,127
P56202,Q9UBR2,26.2,271,141,13,105,345,34,275,4.84E-14,69.3
P56559,P84077,47,183,87,3,1,179,1,177,4.78E-51,160
P56645,O15055,35.4,1205,626,36,43,1183,99,1215,2.97E-154,492
P56705,P56703,50.1,335,154,5,25,351,26,355,1.70E-118,344
P56705,P56704,49.3,335,157,5,25,351,23,352,7.13E-117,340
P56715,Q8N568,30.9,249,143,8,6,228,30,275,4.83E-19,91.3
P56715,O15075,31,216,120,8,35,228,56,264,8.03E-19,90.5
P56730,Q96JB6,35.4,381,185,7,280,600,32,411,2.51E-69,242
P56730,P58215,33.9,407,215,10,281,641,45,443,2.31E-63,225
P56730,Q9Y4K0,35.4,370,188,11,280,600,58,425,1.07E-62,223
P56730,Q9NRS4,32.2,435,213,19,457,874,65,434,3.01E-49,177
P56730,P00749,33.2,358,202,12,543,874,78,424,2.30E-48,175
P56730,P03951,41.4,249,130,9,630,874,387,623,2.45E-48,179
P56730,P00750,37.3,306,164,12,584,870,261,557,1.08E-47,176
P56730,P05981,31.8,393,213,16,498,874,52,405,2.35E-46,169
P56730,O60235,37.7,257,135,9,623,873,179,416,9.52E-45,164
P56730,O15393,32.2,360,190,16,521,869,168,484,9.84E-44,163
P56730,Q16651,35.4,294,158,12,595,875,14,288,4.43E-43,157
P56730,Q9NRR2,38.5,265,136,11,614,870,21,266,1.04E-41,152
P56730,Q04756,36.1,263,143,10,618,869,393,641,3.19E-40,155
P56730,Q9UKR3,36.9,252,127,8,631,874,36,263,1.03E-38,142
P56730,Q9Y5Y6,37.4,262,145,8,619,873,604,853,1.26E-37,149
P56730,P21757,52.9,104,49,0,277,380,347,450,2.13E-34,134
P56730,P00734,27.3,461,253,20,472,872,178,616,3.43E-34,136
P56730,P08311,30.8,247,144,9,631,874,21,243,5.41E-25,102
P56945,P62993,38.2,55,32,1,8,62,3,55,2.60E-06,46.6
P57682,Q13118,43.6,78,31,2,226,290,322,399,1.48E-10,59.3
P57721,Q96AE4,23.6,356,217,14,57,369,112,455,1.27E-14,72.4
P57727,O15393,46.8,402,193,11,62,451,99,491,4.83E-112,336
P57727,P05981,39.3,356,198,8,108,449,54,405,3.85E-81,254
P57727,Q9NRS4,36.8,380,202,10,92,452,77,437,3.79E-76,242
P57727,O60235,46.4,233,121,3,216,447,186,415,3.87E-65,213
P57727,P03952,42.7,241,131,4,214,449,388,626,1.15E-62,211
P57727,Q16651,37,243,144,3,215,448,43,285,9.33E-58,191
P57727,Q15661,41.1,248,127,8,217,450,31,273,3.18E-56,185
P57727,P00747,43.1,239,125,6,216,451,580,810,8.41E-56,195
P57727,P03951,40.2,239,136,4,216,449,387,623,9.16E-56,192
P57727,P20231,40.7,248,128,8,217,450,31,273,2.43E-55,182
P57727,Q9NRR2,38.6,236,139,3,216,448,37,269,3.18E-55,184
P57727,Q8IU80,41.9,246,132,7,207,446,568,808,2.01E-54,191
P57727,Q9Y5Y6,40.3,243,130,7,215,446,613,851,2.21E-52,186
P57727,P00748,39.5,256,138,6,206,446,358,611,5.03E-51,179
P57727,Q04756,35.4,254,152,5,206,448,393,645,2.51E-47,170
P57727,P07477,39.5,233,121,7,216,444,23,239,1.47E-44,153
P57727,P07478,38.7,235,124,7,216,446,23,241,2.87E-44,152
P57727,P35030,38.7,235,124,7,216,446,80,298,1.31E-42,150
P57727,P49863,34.4,241,148,6,213,448,23,258,3.56E-41,145
P57727,P00750,34.6,266,152,6,204,448,296,560,9.82E-41,150
P57727,Q92876,37.5,240,128,7,215,449,20,242,2.19E-39,139
P57727,P00749,34.5,249,150,5,216,451,178,426,3.53E-39,144
P57727,Q9UKR3,36.9,249,132,9,212,450,31,264,3.67E-39,140
P57727,O60259,34.8,244,137,10,208,444,24,252,2.43E-36,132
P57727,P20151,32.9,243,142,6,215,446,23,255,2.44E-34,126
P57729,O14966,52,202,93,3,6,205,4,203,1.65E-71,213
P57729,P61026,42.4,170,91,4,9,178,9,171,2.00E-40,134
P57729,P62826,29.4,177,103,4,10,180,11,171,5.27E-22,87
P57729,Q5HYI8,24,150,93,5,11,145,8,151,8.09E-07,45.4
P57730,P29466,53.9,89,41,0,1,89,1,89,1.30E-26,97.8
P57735,P61026,38.5,205,119,1,6,210,3,200,9.12E-48,153
P57735,P20340,33.3,189,124,1,13,201,14,200,5.84E-36,123
P57735,Q5HYI8,22.9,170,111,4,14,174,8,166,5.04E-06,43.1
P57796,P0DP23,43.3,67,37,1,208,274,10,75,3.47E-10,54.7
P57796,P27482,43.9,66,36,1,208,273,10,74,2.02E-08,49.7
P58012,Q08050,44,84,43,2,52,134,234,314,2.54E-17,80.9
P58012,Q12778,48.8,80,34,2,58,132,164,241,9.95E-17,79
P58397,Q9UHI8,33.4,901,517,32,94,933,77,955,1.46E-142,461
P58397,Q9UNA0,32.6,825,451,26,139,882,130,930,1.20E-116,389
P58397,Q76LX8,31.1,784,479,22,248,987,82,848,1.89E-110,381
P58397,P78325,25.9,556,306,26,91,597,57,555,3.11E-25,110
P58397,O43184,21.6,630,399,24,94,676,71,652,2.18E-21,98.6
P59044,Q96P20,32.6,901,505,19,14,864,2,850,2.90E-116,377
P59046,Q96P20,47,1072,496,12,11,1059,8,1030,1.69e-318,907
P59047,Q96P20,33,843,508,11,270,1101,209,1005,1.10E-136,439
P59190,P61026,55.6,169,75,0,3,171,4,172,3.88E-67,202
P59190,P20340,41.4,157,92,0,9,165,14,170,5.09E-37,125
P59190,P62834,35.1,171,101,5,9,175,4,168,7.02E-23,88.6
P59190,Q5HYI8,27.9,104,62,3,10,102,8,109,1.50E-06,44.7
P59510,Q9UHI8,38.4,908,503,22,78,956,74,954,6.17E-201,625
P59510,Q9UNA0,36.8,829,474,18,80,873,89,902,2.22E-169,538
P59510,O75173,37.3,810,432,18,41,840,60,803,1.95E-167,530
P59510,Q76LX8,28,1213,660,39,232,1359,46,1130,2.01E-119,410
P59510,P78325,24.7,669,375,29,75,713,54,623,4.18E-28,120
P59510,Q9BZ11,23.7,518,298,20,84,561,72,532,7.08E-23,103
P59510,O43184,24.4,471,277,17,91,555,81,478,1.42E-20,96.3
P59510,Q13443,26.1,463,260,22,37,490,40,429,7.67E-19,90.5
P59542,P59538,68.2,296,94,0,1,296,1,296,1.25E-130,371
P59542,Q9NYV8,46.2,290,151,4,8,294,8,295,1.22E-65,206
P59542,Q9NYW1,39,292,171,3,8,294,8,297,1.64E-51,169
P59542,P59536,30.2,295,172,8,19,294,19,298,2.59E-19,83.6
P59901,Q9HCN6,41.2,228,117,5,6,232,6,217,9.38E-44,155
P59910,P31689,30.1,376,161,8,5,314,7,346,1.22E-41,146
P60510,P67775,66.7,303,98,2,6,307,9,309,1.19E-156,437
P60510,P36873,47.9,284,144,3,20,302,30,310,2.88E-100,295
P60510,P62136,49.4,269,134,2,22,289,32,299,2.07E-99,293
P60510,Q08209,42.7,274,142,3,20,279,56,328,2.12E-70,224
P60510,P16298,44.4,259,129,3,35,279,80,337,8.87E-70,223
P60510,P53041,45.3,258,132,5,49,303,237,488,2.75E-69,221
P60520,Q9H492,41.7,115,65,2,5,117,7,121,3.24E-29,99.8
P60520,Q9GZQ8,39.5,114,67,2,5,116,7,120,1.36E-26,93.2
P60604,P61077,35.7,157,87,2,5,161,2,144,4.07E-35,117
P60604,P63279,36.3,157,85,2,1,153,1,146,7.33E-27,96.7
P60660,P0DP23,40.7,118,66,2,5,122,6,119,1.64E-22,84.7
P60660,P27482,34,147,92,3,5,150,6,148,1.35E-17,72
P60709,P61160,47.4,380,185,4,8,372,9,388,1.29E-123,359
P60709,P61158,36.7,411,219,8,5,375,5,414,3.38E-79,246
P60763,P63000,92.7,192,14,0,1,192,1,192,2.19E-136,376
P60763,P60953,69.3,192,58,1,1,192,1,191,4.60E-99,282
P60763,P61586,58.4,173,72,0,5,177,7,179,4.12E-72,214
P61006,P61026,78.4,167,36,0,3,169,4,170,4.36E-96,275
P61006,P51159,46.7,182,86,2,5,175,6,187,7.28E-53,166
P61006,P20340,46.2,158,85,0,9,166,14,171,1.51E-46,150
P61006,P01116,36.5,170,105,3,9,177,4,171,1.95E-30,108
P61006,P01111,36.7,188,110,5,9,193,4,185,1.95E-30,108
P61006,P01112,35.9,181,111,4,9,188,4,180,5.45E-30,107
P61006,Q5HYI8,27.5,102,65,2,10,102,8,109,6.60E-10,54.3
P61018,P61026,42.9,189,104,1,3,187,4,192,2.00E-49,157
P61019,P61026,50,168,84,0,3,170,6,173,2.71E-57,177
P61019,P20340,41.8,158,92,0,7,164,14,171,2.05E-42,139
P61019,P51159,37.4,203,115,3,3,194,6,207,3.69E-40,134
P61019,P61586,35.5,166,93,4,8,160,7,171,2.37E-22,87.4
P61020,P20340,45.2,166,91,0,20,185,13,178,2.72E-49,157
P61020,P61026,37.1,197,114,2,21,213,10,200,4.54E-40,133
P61020,P51159,35,163,91,4,22,171,11,171,8.28E-29,105
P61020,O14966,28.1,199,134,5,21,213,8,203,8.23E-28,102
P61020,Q15382,33.3,177,111,3,22,197,8,178,7.58E-23,88.6
P61020,Q5HYI8,27,122,79,3,22,133,8,129,6.28E-07,45.8
P61086,Q9NPD8,40.1,147,82,3,34,176,29,173,8.84E-32,111
P61086,P63146,36.7,109,68,1,35,143,32,139,9.27E-23,87
P61088,Q9NPD8,45.9,146,75,1,7,148,6,151,1.07E-42,137
P61088,P61077,46.5,144,77,0,6,149,4,147,5.69E-42,134
P61088,P63146,43.1,130,74,0,6,135,7,136,2.29E-37,122
P61106,P61026,44.9,158,87,0,7,164,5,162,1.56E-46,150
P61163,P61160,43.2,380,198,5,12,373,9,388,6.09E-109,322
P61163,P61158,36.8,405,197,8,13,367,9,404,7.40E-75,235
P61204,P84077,96.1,181,7,0,1,181,1,181,2.70E-127,352
P61224,P62834,95.1,184,9,0,1,184,1,184,1.81E-122,340
P61224,P01112,57.5,167,69,2,1,167,1,165,4.24E-64,193
P61224,P01116,57.5,167,69,2,1,167,1,165,4.24E-64,193
P61224,P01111,56.9,167,70,2,1,167,1,165,1.40E-62,189
P61224,Q15382,37.2,183,112,2,2,184,5,184,6.68E-39,129
P61224,P61026,36.7,169,104,3,4,171,10,176,2.81E-29,104
P61224,P62826,28,164,112,3,3,165,10,168,1.16E-17,74.7
P61225,P62834,60.9,184,71,1,1,183,1,184,8.07E-75,220
P61225,P01111,45.3,190,96,3,1,183,1,189,1.46E-54,169
P61225,P01116,50,164,81,1,1,164,1,163,2.93E-54,168
P61225,P01112,48.8,164,83,1,1,164,1,163,1.18E-53,166
P61225,Q15382,42,157,91,0,5,161,8,164,2.01E-40,132
P61225,P62826,25.8,163,116,4,3,164,10,168,3.13E-16,70.9
P61587,P61586,51.4,177,85,1,22,198,4,179,2.24E-65,199
P61587,P63000,46.3,177,92,2,20,196,2,175,2.34E-54,171
P61601,P62166,60.7,183,72,0,1,183,1,183,5.12E-82,239
P61601,P49619,28.7,108,74,1,83,190,162,266,7.18E-08,48.9
P61812,O14793,25.1,386,220,14,36,414,52,375,7.51E-22,93.6
P62068,O75604,29.3,351,204,13,36,363,268,597,2.20E-25,104
P62068,O94782,30.8,195,105,5,153,319,407,599,5.48E-17,79.7
P62070,P01112,55.3,190,81,2,14,203,3,188,5.08E-63,191
P62070,P01116,59.4,165,66,1,14,178,3,166,8.30E-62,188
P62070,P01111,52.6,194,82,3,14,204,3,189,5.46E-60,183
P62070,P62834,54.6,163,73,1,14,175,3,165,7.08E-57,175
P62070,Q15382,36.3,157,100,0,16,172,8,164,3.97E-31,109
P62140,P62136,88.8,330,33,4,1,326,1,330,1.12E-222,606
P62140,P36873,89.1,320,28,2,1,319,1,314,9.22E-218,593
P62140,P67775,47.7,277,143,2,28,303,22,297,1.72E-98,290
P62140,Q08209,37.7,300,166,4,3,289,38,329,8.10E-70,223
P62140,P16298,40.2,259,142,3,44,289,80,338,7.18E-68,218
P62140,P53041,45.9,222,117,3,58,277,237,457,2.00E-64,209
P62191,P43686,51.1,366,177,1,64,429,46,409,3.90E-130,379
P62191,P55072,35.8,307,187,3,112,409,396,701,3.02E-56,196
P62191,Q9ULI0,43,258,130,6,160,410,381,628,7.87E-53,188
P62191,Q6PL18,42,257,134,4,160,410,407,654,8.76E-52,185
P62195,P43686,42.9,396,212,2,5,398,31,414,5.39E-102,306
P62195,P55072,36.9,312,187,4,64,373,398,701,1.91E-58,201
P62195,Q6PL18,39.8,251,140,4,148,390,425,672,9.80E-49,175
P62195,Q9ULI0,39.3,252,142,4,148,391,399,647,3.17E-46,167
P62253,P61077,36.2,141,76,2,10,150,6,132,1.10E-33,114
P62253,P63146,33.5,155,88,3,10,164,9,148,1.46E-29,103
P62253,Q9NPD8,31.5,143,88,2,4,146,1,133,5.35E-24,90.5
P62256,P63146,33.3,147,90,4,5,146,3,146,3.88E-27,97.8
P62256,Q9NPD8,31.6,133,85,3,31,159,31,161,7.35E-20,80.1
P62256,P63279,33.9,112,70,3,40,149,47,156,8.00E-16,68.6
P62258,P63104,69.5,236,70,1,3,238,2,235,2.79E-110,315
P62258,P61981,64.6,240,83,1,1,238,1,240,4.15E-103,297
P62258,Q04917,64.3,238,83,1,1,236,1,238,1.88E-101,293
P62258,P31947,61.4,236,91,0,3,238,2,237,3.11E-98,285
P62330,P84077,70.8,168,49,0,8,175,12,179,7.99E-91,260
P62333,P43686,43.6,346,195,0,29,374,61,406,4.39E-99,298
P62333,P55072,39.2,283,156,5,84,356,424,700,2.38E-59,203
P62333,Q6PL18,40.2,249,134,4,114,356,413,652,6.27E-49,175
P62333,Q9ULI0,40.6,249,133,4,114,356,387,626,5.34E-48,172
P62491,P61026,46.8,173,92,0,8,180,6,178,1.01E-55,173
P62491,P51159,42,176,91,3,5,169,3,178,5.31E-44,144
P62491,P20340,34.8,178,113,1,12,189,14,188,1.65E-39,132
P62491,Q5HYI8,24,146,83,3,13,130,8,153,4.84E-09,52
P62714,P67775,97.4,309,8,0,1,309,1,309,2.33E-237,641
P62714,P36873,50,282,138,3,22,302,29,308,2.05E-103,303
P62714,P62136,50.4,274,134,2,22,294,29,301,4.20E-102,300
P62714,P53041,41.2,296,163,6,5,293,189,480,3.75E-74,233
P62714,Q08209,44.8,270,133,5,38,293,71,338,1.06E-71,228
P62714,P16298,44.4,270,134,4,38,293,80,347,6.22E-71,226
P62736,P61160,46.8,380,187,4,10,374,9,388,5.60E-123,358
P62736,P61158,36.9,409,217,8,9,377,7,414,2.55E-79,247
P62745,P61586,85.3,191,27,1,1,190,1,191,4.50E-119,333
P62745,P63000,60.1,173,69,0,7,179,5,177,1.77E-69,207
P62745,P60953,54,174,80,0,7,180,5,178,8.68E-65,195
P62760,P62166,58.4,185,75,1,1,185,1,183,5.72E-76,223
P62820,P61026,60,165,66,0,8,172,6,170,2.95E-72,215
P62820,P51159,41.4,181,95,3,7,176,5,185,7.24E-47,151
P62820,P20340,37.9,198,115,2,12,204,14,208,5.76E-43,140
P62820,O14966,32.5,203,127,5,9,205,5,203,3.15E-35,120
P62820,Q5HYI8,24.5,143,80,3,13,127,8,150,1.34E-10,56.2
P62837,P61077,97.3,147,4,0,1,147,1,147,5.83E-110,306
P62837,P63146,40,135,81,0,2,136,5,139,5.88E-39,126
P62837,Q9NPD8,43.2,146,79,1,5,146,6,151,2.11E-38,126
P62837,P61081,36.7,128,77,3,5,131,33,157,1.20E-25,93.6
P62979,Q15843,57.9,76,32,0,1,76,1,76,5.33E-27,94.4
P62987,Q15843,57.9,76,32,0,1,76,1,76,7.29E-28,95.5
P62995,Q15717,29.6,81,57,0,120,200,108,188,5.37E-07,47.4
P63092,Q5JWF2,98.4,364,6,0,31,394,674,1037,7.41E-257,722
P63092,P04899,38.9,391,196,9,1,389,1,350,1.76E-77,241
P63092,P29992,40.2,363,183,7,32,394,31,359,1.98E-77,241
P63096,P04899,87.9,355,42,1,1,354,1,355,1.41E-229,625
P63096,P29992,51.8,355,166,4,1,353,7,358,1.73E-112,329
P63096,Q5JWF2,39.9,371,190,5,16,353,666,1036,5.98E-72,239
P63098,P62166,35,103,59,3,58,153,68,169,2.82E-16,70.1
P63244,Q9NSI6,30.4,79,51,2,159,233,435,513,6.32E-06,45.1
P63261,P61160,47.4,380,185,4,8,372,9,388,4.55E-124,360
P63261,P61158,36.4,415,223,8,1,375,1,414,1.20E-79,248
P63267,P61160,46.6,380,188,4,9,373,9,388,2.18E-122,356
P63267,P61158,36.9,409,217,8,8,376,7,414,2.47E-79,247
P63316,P0DP23,66.7,78,25,1,10,87,3,79,2.87E-26,94.7
P63316,P27482,63.9,72,25,1,10,81,3,73,1.01E-23,88.2
P68032,P61160,46.8,387,191,4,3,374,2,388,1.21E-124,362
P68032,P61158,36.9,409,217,8,9,377,7,414,1.81E-79,247
P68036,P61077,41.5,118,67,2,31,147,29,145,3.32E-31,107
P68133,P61160,46.8,387,191,4,3,374,2,388,1.21E-124,362
P68133,P61158,36.9,409,217,8,9,377,7,414,9.10E-80,248
P68363,P07437,41.9,432,241,2,1,432,1,422,2.79E-126,371
P68363,Q13509,41.1,445,252,2,1,445,1,435,5.44E-125,368
P68363,Q9H4B7,40.3,432,248,2,1,432,1,422,1.53E-116,346
P68366,P07437,41,449,254,3,1,448,1,439,2.52E-126,371
P68366,Q13509,41,432,245,2,1,432,1,422,1.12E-123,364
P68366,Q9H4B7,40.6,433,245,3,1,432,1,422,9.80E-117,347
P68371,P07437,97.5,444,11,0,1,444,1,444,0,877
P68371,Q13509,93.2,443,30,0,1,443,1,443,7.36e-311,839
P68371,Q9H4B7,79.5,443,89,1,1,441,1,443,8.95E-264,720
P78334,Q16445,38.6,440,234,5,72,505,33,442,3.80E-100,306
P78334,P48169,48.3,294,150,1,72,363,49,342,5.80E-97,301
P78334,P31644,36.3,444,230,5,72,505,50,450,2.10E-95,294
P78334,P34903,36.8,437,249,5,72,505,68,480,3.88E-94,292
P78334,P47869,46.1,295,155,2,72,363,43,336,2.27E-91,283
P78334,P28472,32.1,461,273,9,66,505,32,473,1.71E-73,238
P78334,P23416,32.5,449,252,11,63,501,32,439,1.94E-68,224
P78334,P23415,32,472,247,13,56,502,23,445,3.08E-68,223
P78334,O75311,39.1,289,169,4,80,364,55,340,7.18E-68,223
P78334,P24046,31.2,436,265,8,68,500,72,475,4.18E-66,218
P78364,Q96JM7,47.8,69,36,0,934,1002,702,770,4.11E-12,67.4
P78364,Q9UHJ3,44.2,86,44,2,920,1002,773,857,2.23E-11,65.1
P78396,P20248,61.9,291,106,2,173,462,144,430,1.07E-115,344
P78396,P14635,37.4,257,157,3,202,456,161,415,1.40E-48,169
P78396,P30281,33.9,224,139,4,215,429,27,250,5.08E-24,99
P78396,P24864,36.6,142,89,1,213,353,114,255,5.41E-24,100
P78410,O00481,80.6,324,63,0,1,324,1,324,6.59E-176,495
P78423,P13500,44.1,59,31,2,36,92,35,93,1.22E-08,49.7
P78545,P41212,37.8,82,50,1,275,356,341,421,9.53E-15,72.4
P78545,P11308,42.5,80,44,2,275,354,313,390,4.31E-14,70.5
P78545,P50549,43,86,44,4,271,354,332,414,2.42E-12,65.1
P78559,P46821,69.6,339,101,2,1,338,223,560,7.45E-141,491
P78560,P42575,32.1,78,52,1,1,78,32,108,5.66E-07,46.2
P78562,P08473,36,738,432,17,32,749,33,750,7.46E-157,471
P78562,P42892,37.3,732,425,17,21,749,70,770,1.80E-153,462
P78562,P0DPD6,35.1,746,452,17,10,749,92,811,9.20E-148,449
P80075,P13500,69.4,98,30,0,1,98,1,98,7.82E-47,142
P80075,P51671,69.7,99,28,1,1,99,1,97,8.23E-44,135
P80075,P13501,37.4,91,55,2,1,91,1,89,2.95E-14,60.1
P80098,P13500,74.5,98,25,0,1,98,1,98,7.82E-47,142
P80098,P51671,69.4,98,28,1,1,98,1,96,3.90E-42,130
P80098,P13501,35.2,91,57,2,1,91,1,89,9.12E-16,63.9
P80162,P02776,45.3,64,35,0,46,109,38,101,1.16E-19,74.7
P82251,Q9UPY5,44.2,475,259,3,15,484,26,499,4.71E-135,397
P82251,Q01650,45.2,473,254,3,15,483,35,506,1.83E-133,393
P82987,Q9UHI8,30.1,439,240,17,76,479,560,966,1.72E-46,179
P82987,Q76LX8,27.8,510,272,23,413,880,675,1130,4.06E-41,163
P84074,P62166,60.1,183,73,0,1,183,1,183,5.63E-79,231
P84085,P84077,81.9,177,32,0,1,177,1,177,3.84E-104,294
P84095,P63000,71.9,192,53,1,1,191,1,192,1.86E-98,280
P84095,P60953,60.7,191,75,0,1,191,1,191,6.65E-87,251
P84095,P61586,55.6,187,83,0,5,191,7,193,1.39E-72,215
P84103,Q13247,46.8,79,39,1,11,89,3,78,4.96E-16,71.2
P98066,P13497,34.5,110,72,0,135,244,747,856,1.23E-19,85.9
P98066,Q9Y6L7,35.7,112,72,0,135,246,351,462,7.50E-19,83.6
P98073,O15393,36.1,379,228,8,643,1014,113,484,4.61E-74,250
P98073,Q9Y5Y6,29.9,531,317,13,522,1015,338,850,1.94E-64,231
P98073,Q9NRS4,34.8,376,211,13,656,1014,71,429,9.41E-62,214
P98073,P05981,34.4,349,193,8,690,1014,64,400,1.98E-61,213
P98073,Q16651,41.7,242,130,5,784,1016,44,283,2.55E-56,196
P98073,O60235,33.3,354,182,11,669,1015,107,413,2.09E-54,192
P98073,P00747,40.2,251,136,9,772,1018,567,807,5.31E-47,178
P98073,P17538,37.1,237,138,6,784,1018,33,260,6.32E-45,160
P98073,Q9NRR2,33.8,275,141,8,763,1018,17,269,3.89E-40,148
P98073,P00734,34.5,267,151,10,774,1018,353,617,1.45E-38,150
P98073,P35030,37.3,244,129,10,780,1018,76,300,1.57E-37,140
P98073,P00750,30.9,269,164,8,767,1015,291,557,6.58E-32,129
P98073,P00749,32.6,273,150,11,763,1016,164,421,4.49E-31,124
P98077,P29353,48,590,215,15,22,581,55,582,1.11E-160,469
P98077,P41240,34.2,76,47,2,486,558,81,156,1.74E-06,47.8
P98077,P42684,35.8,81,48,3,482,558,168,248,2.43E-06,47.8
P98095,O43897,46.3,41,22,0,604,644,574,614,2.62E-06,48.9
P98095,Q9Y6L7,48.7,39,20,0,606,644,578,616,4.51E-06,48.1
P98155,P01130,51.9,909,347,11,2,873,5,860,6.04E-103,336
P98160,P22455,27.5,193,113,5,1967,2135,162,351,4.03E-07,53.5
P98164,O75581,25,765,475,21,317,1060,599,1285,1.06E-59,226
P98164,P01130,24.2,418,240,11,2340,2695,312,714,7.29E-23,105
P98171,P62993,40,55,32,1,749,802,1,55,2.01E-07,50.1
P98177,O43524,37.9,646,224,20,16,502,16,643,1.39E-97,306
P98177,Q12778,51.4,360,129,13,82,400,139,493,1.64E-83,269
P98177,Q08050,47.4,78,36,2,105,182,240,312,1.98E-14,73.2
P98179,P09651,42.1,76,43,1,7,82,15,89,3.34E-16,71.6
P98179,Q15717,36.1,72,46,0,8,79,246,317,2.24E-11,57.8
P98187,P78329,81.2,520,98,0,1,520,1,520,0,882
P98187,Q86W10,39.9,511,289,10,7,514,4,499,1.08E-126,377
P98187,P20815,27.7,451,274,17,64,493,47,466,1.94E-40,150
P98187,P08684,28.4,412,256,11,97,493,80,467,6.98E-40,148
P98187,Q07973,23,421,268,13,99,498,107,492,9.50E-25,104
P98187,Q16850,22.7,392,268,9,101,488,114,474,9.95E-21,92.4
P98194,Q93084,34,993,526,23,29,901,7,990,2.04E-143,449
P98194,P16615,34,989,527,21,31,901,9,989,1.21E-140,442
P98194,O14983,33.1,978,523,21,45,901,23,990,6.43E-134,424
P98194,P05023,31.5,855,490,18,28,805,45,880,5.23E-103,341
P98194,P54707,28.9,847,498,20,41,806,73,896,3.56E-86,295
P98196,O14983,23.6,343,197,13,403,712,340,650,9.63E-06,47
Q00005,P63151,89.3,421,45,0,23,443,27,447,5.53E-291,788
Q00013,O14936,55.2,460,165,5,48,466,467,926,3.00E-177,518
Q00266,P31153,84.3,395,62,0,1,395,1,395,4.94E-255,693
Q00653,P19838,42.8,901,441,14,17,860,18,901,5.63E-187,561
Q00653,Q04206,41.9,334,169,7,24,352,7,320,1.15E-70,241
Q00653,P25963,31.5,146,95,3,486,630,72,213,1.33E-08,54.7
Q00722,P51178,35.4,625,329,18,194,803,192,756,5.51E-90,304
Q00722,P19174,50.6,174,78,4,292,464,299,465,2.79E-38,153
Q00722,P16885,52,152,66,3,313,464,313,457,5.54E-37,149
Q00872,Q15746,40.4,94,49,3,1046,1138,513,600,1.10E-09,60.1
Q00888,P17948,23.9,368,212,19,106,412,389,749,8.44E-07,48.5
Q01082,P46939,47.6,231,119,2,45,274,22,251,9.05E-61,229
Q01201,Q04206,52.2,301,140,3,114,413,7,304,3.77E-102,317
Q01201,P19838,41.5,330,152,6,125,416,42,368,2.44E-65,227
Q01415,P51570,29.6,429,236,9,7,428,3,372,1.02E-43,155
Q01543,P11308,62.6,484,144,6,1,452,1,479,1.60E-209,584
Q01543,P50549,58.5,94,34,1,267,360,326,414,5.32E-28,113
Q01638,P14778,29.1,553,336,17,29,555,37,559,1.94E-64,218
Q01814,P54707,27.2,989,518,29,164,1077,154,1015,3.42E-68,247
Q01814,P05023,28.6,866,429,26,157,969,134,863,5.55E-66,240
Q01814,Q93084,28.2,872,467,24,142,961,79,843,1.96E-64,235
Q01814,P16615,26.4,1032,567,27,142,1094,79,996,4.86E-64,234
Q01814,O14983,29.1,858,451,22,142,948,79,830,6.32E-64,233
Q01970,P51178,41.8,273,143,5,197,469,185,441,9.47E-50,187
Q01970,P19174,39.6,260,145,6,589,840,952,1207,2.22E-40,160
Q01970,P16885,36.3,278,159,9,589,856,929,1198,7.96E-37,148
Q01973,O15146,32.1,701,384,18,66,743,222,853,1.67E-92,310
Q01973,Q16620,45.5,290,150,4,460,747,525,808,1.15E-71,251
Q01973,P04629,47.1,272,138,4,478,747,515,782,1.97E-71,249
Q01973,Q16288,41.6,305,161,4,457,746,522,824,1.65E-65,233
Q01973,Q16832,40,300,153,6,467,746,557,849,3.66E-57,209
Q01973,P14616,39.4,277,160,3,467,742,973,1242,5.26E-56,208
Q01973,Q08345,37.8,299,164,6,467,743,604,902,6.25E-56,206
Q01973,P54762,40.9,286,139,4,465,742,611,874,9.63E-56,206
Q01973,Q9UM73,39.9,288,159,3,463,746,1106,1383,6.61E-55,205
Q01973,P21709,41.4,268,140,3,479,746,630,880,7.07E-55,203
Q01973,P08069,39.7,277,159,2,467,742,993,1262,7.34E-55,204
Q01973,P29376,40,285,157,3,467,747,504,778,1.10E-54,202
Q01973,Q05397,38.5,286,157,4,461,746,410,676,5.48E-54,201
Q01973,P54760,40.6,286,140,4,465,742,607,870,1.01E-53,200
Q01973,P29323,39.2,286,144,4,465,742,613,876,2.32E-53,199
Q01973,P22455,37.6,282,167,4,467,742,461,739,1.74E-52,194
Q01973,P54753,40.6,286,140,4,465,742,625,888,1.89E-52,196
Q01973,P07332,39,272,146,2,477,748,565,816,2.79E-52,194
Q01973,Q15375,39.9,286,140,5,465,742,625,886,5.95E-52,194
Q01973,P06213,38.5,278,161,4,467,742,1017,1286,8.90E-52,195
Q01973,P54756,40.2,286,139,5,465,742,667,928,1.21E-51,194
Q01973,P29320,41.6,281,142,5,465,742,613,874,1.77E-51,193
Q01973,P22607,34.9,318,201,4,430,742,428,744,2.55E-51,191
Q01973,P42685,34,285,164,5,467,749,228,490,1.19E-50,184
Q01973,P00519,37.5,277,151,5,467,743,236,490,1.47E-50,191
Q01974,O15146,29,717,407,16,61,746,211,856,2.69E-86,293
Q01974,Q16620,46.3,270,141,2,478,747,543,808,1.69E-71,250
Q01974,P04629,43.9,271,150,2,478,748,515,783,7.96E-69,242
Q01974,Q16288,43.2,287,148,2,478,750,543,828,1.47E-68,242
Q01974,P54762,41.8,287,141,5,466,746,612,878,7.32E-57,209
Q01974,Q16832,38.5,309,165,6,461,750,551,853,2.28E-56,207
Q01974,P06213,39.1,281,165,1,467,747,1017,1291,3.42E-56,209
Q01974,P22455,39.9,271,160,2,479,746,473,743,6.02E-56,205
Q01974,P29323,41.4,285,145,5,466,746,614,880,1.03E-55,206
Q01974,P54760,40.7,285,147,5,466,746,608,874,7.80E-55,203
Q01974,Q08345,37.9,298,163,6,471,746,608,905,1.22E-54,202
Q01974,P08069,37.7,284,165,2,467,747,993,1267,1.81E-54,203
Q01974,Q15375,40.1,279,147,4,466,742,626,886,6.21E-54,201
Q01974,P42685,36.5,282,155,5,467,746,228,487,1.44E-53,192
Q01974,P21709,41.3,269,139,4,479,746,630,880,3.17E-53,198
Q01974,P54753,40.7,285,147,5,466,746,626,892,3.50E-53,198
Q01974,P54756,39.6,283,151,4,466,746,668,932,4.05E-53,198
Q01974,P54764,40.3,283,149,4,466,746,614,878,7.88E-53,197
Q01974,Q05397,36.8,280,158,4,467,746,416,676,1.78E-52,196
Q01974,P29320,39.6,283,151,4,466,746,614,878,2.46E-52,196
Q01974,P07332,37.1,272,151,2,477,748,565,816,2.89E-52,194
Q01974,P21802,38.2,267,162,2,479,742,487,753,6.91E-52,193
Q01974,P29317,40.1,282,150,4,467,746,607,871,1.34E-51,193
Q01974,P14616,37.6,279,162,2,467,742,973,1242,3.52E-51,193
Q01974,P11362,37.7,268,162,3,479,742,484,750,5.41E-51,190
Q02108,P16066,46.3,214,112,2,432,642,827,1040,9.87E-47,176
Q02108,Q08828,32.6,193,121,1,443,626,256,448,9.39E-28,117
Q02108,O95622,30.7,199,128,1,438,626,416,614,4.25E-24,105
Q02108,P40145,30.2,202,128,1,438,626,358,559,1.54E-22,100
Q02153,P16066,43.1,246,121,6,370,611,829,1059,3.86E-46,172
Q02153,P40145,31.4,226,139,5,380,594,937,1157,3.35E-26,111
Q02153,Q08828,30.4,240,146,6,386,610,827,1060,4.17E-26,111
Q02153,O95622,29.6,233,148,6,383,605,1029,1255,3.69E-23,102
Q02388,P02751,26,868,562,38,227,1053,902,1730,1.71E-45,179
Q02446,Q13118,63.6,33,12,0,645,677,367,399,9.79E-08,52.4
Q02447,Q13118,63.6,33,12,0,619,651,367,399,1.85E-08,54.7
Q02846,P16066,37.1,857,483,23,231,1061,230,1056,9.39E-148,467
Q02846,O95622,34.6,240,132,7,837,1058,1024,1256,3.87E-26,113
Q02846,Q08828,31.3,262,157,7,789,1038,205,455,1.23E-24,108
Q02846,P40145,33.3,210,121,5,842,1038,363,566,2.29E-24,107
Q02846,P06239,25.7,261,160,8,552,800,251,489,2.57E-16,80.5
Q02846,Q15569,29.5,190,102,7,562,742,87,253,7.25E-15,76.3
Q02846,Q6VAB6,27.1,251,150,10,576,813,706,936,6.73E-12,67
Q02846,Q8IVT5,26.8,239,144,9,585,810,662,882,1.50E-11,65.9
Q02846,P07948,23.7,262,165,10,552,800,253,492,4.03E-11,63.9
Q02846,P08922,31.1,177,92,9,646,807,2059,2220,8.00E-06,47.4
Q02928,Q86W10,52.4,490,225,5,24,509,19,504,4.75E-176,503
Q02928,P78329,47,479,234,11,46,509,46,519,6.20E-138,406
Q02928,P20815,27.1,436,254,14,90,491,71,476,3.89E-35,135
Q02928,O43174,28.5,340,216,10,141,471,135,456,2.75E-24,103
Q02928,Q16850,29.3,198,132,5,290,481,286,481,6.45E-15,74.3
Q02978,P05141,27.3,139,94,3,149,282,41,177,2.20E-10,57.8
Q02978,P12236,28.6,140,93,3,149,283,41,178,5.32E-10,56.6
Q02985,P08603,60.4,303,101,7,10,306,312,601,1.11E-120,372
Q03001,P46939,45.6,239,126,3,22,256,18,256,1.58E-55,214
Q03013,P09488,86.7,218,29,0,1,218,1,218,1.18E-146,404
Q03013,P28161,83,218,37,0,1,218,1,218,7.34E-141,390
Q03013,P09211,29.2,209,135,3,4,208,5,204,7.52E-28,102
Q03060,P18846,57.6,238,81,6,108,343,51,270,8.49E-67,209
Q03113,P29992,43.3,351,193,2,31,380,13,358,1.56E-96,289
Q03113,P04899,41.6,344,189,4,39,377,15,351,1.33E-82,253
Q03113,Q5JWF2,37.9,356,183,7,59,380,685,1036,8.79E-63,214
Q03468,Q92698,34.5,566,331,12,499,1042,145,692,1.05E-79,277
Q03468,P51531,32.3,495,304,9,507,988,724,1200,1.11E-69,256
Q03468,Q14839,33.2,506,283,12,507,988,726,1200,6.17E-69,254
Q03468,P51532,32.4,497,301,11,507,988,754,1230,1.90E-68,252
Q03518,O95342,32.6,481,314,6,265,740,179,654,4.85E-66,235
Q03518,Q92887,27.2,533,332,18,234,740,1030,1532,4.66E-35,140
Q03518,P33527,24,570,396,15,187,740,977,1525,2.70E-31,129
Q03518,O15440,24.1,582,401,14,190,742,859,1428,6.23E-28,118
Q03518,O15438,24.1,493,329,12,269,740,1053,1521,1.12E-27,117
Q03518,P13569,22.3,247,181,7,501,745,1208,1445,2.19E-13,71.2
Q03519,O95342,30.8,572,341,13,140,678,743,1292,7.07E-58,209
Q03591,P08603,68.8,311,77,8,26,330,935,1231,1.54E-143,433
Q03721,Q14721,37.6,460,229,6,35,492,30,433,3.23E-81,271
Q03721,Q09470,36.4,453,211,9,33,479,34,415,3.34E-72,238
Q03721,P22459,38.3,462,197,14,36,479,176,567,1.09E-68,233
Q03721,P22001,36.2,472,216,12,19,479,90,487,8.45E-66,223
Q03721,P16389,34.9,461,213,11,33,479,30,417,1.60E-65,221
Q03721,P17658,34.5,495,207,13,34,479,39,465,1.63E-62,213
Q03721,Q9UK17,35.5,389,190,7,93,479,81,410,6.84E-62,214
Q03721,P22460,35,489,209,13,27,479,108,523,8.09E-60,208
Q03933,Q00613,38.9,478,257,10,5,457,13,480,1.66E-76,248
Q04656,P05023,27.1,225,103,4,1220,1383,581,805,2.30E-13,72.4
Q04656,P54707,26.3,217,95,3,1224,1375,602,818,4.56E-12,68.2
Q04864,Q04206,61.8,309,112,4,5,311,16,320,2.55E-125,378
Q04864,P19838,44.3,336,151,5,1,300,35,370,7.13E-74,252
Q05086,P46934,34,362,215,8,525,872,964,1315,6.78E-52,194
Q05086,Q9HCE7,33,367,224,8,522,874,398,756,1.46E-51,191
Q05707,P02751,24.6,997,619,36,30,995,907,1801,1.22E-52,202
Q05707,P56199,32.2,180,106,5,1028,1194,168,344,4.02E-17,85.1
Q05901,P43681,59.9,347,135,3,6,350,15,359,4.58E-136,402
Q05901,P32297,44.9,492,221,6,3,450,14,499,3.59E-133,391
Q05901,P02708,44.2,434,229,5,26,450,21,450,1.46E-117,349
Q05901,P17787,40.5,476,233,7,27,458,27,496,4.66E-116,347
Q05901,Q07001,36.1,466,249,8,29,446,25,489,4.48E-88,275
Q05901,P36544,41.9,329,180,4,27,350,24,346,7.81E-85,266
Q05901,Q04844,32.3,477,281,9,8,449,8,477,6.11E-77,246
Q05901,P46098,28.6,469,290,10,9,443,9,466,6.90E-57,192
Q05923,P28562,53.5,312,131,5,9,312,8,313,1.26E-103,305
Q05923,Q13115,48.2,336,144,7,3,312,4,335,3.03E-92,277
Q05923,Q16828,36.7,324,154,10,25,308,32,344,1.03E-44,154
Q05923,Q9Y6W6,32.6,291,182,5,28,308,173,459,1.82E-41,147
Q05923,O95147,42.7,143,82,0,169,311,23,165,1.81E-29,108
Q05923,Q9BV47,40.6,143,78,4,175,311,64,205,7.53E-23,91.7
Q05923,Q9NRW4,34.3,137,89,1,172,308,4,139,5.36E-19,80.5
Q06481,P05067,49.5,765,324,10,40,762,25,769,2.51E-223,642
Q06520,P49888,38.8,255,150,2,28,276,31,285,2.51E-61,193
Q06546,P11308,35.6,267,126,6,179,399,124,390,9.14E-43,154
Q06546,P50549,43.1,130,69,2,301,425,311,440,1.84E-27,111
Q06945,Q9UJU2,31.9,72,49,0,58,129,298,369,2.74E-06,46.6
Q07157,P78352,27.2,448,232,13,414,800,304,718,1.06E-30,128
Q07617,Q13451,29.7,138,81,1,203,324,262,399,4.66E-07,50.4
Q07890,Q07889,68.4,1353,384,13,1,1330,1,1332,0,1725
Q07954,O75581,32.7,1308,814,33,1269,2556,21,1282,6.02E-133,458
Q07954,P01130,26.5,309,198,10,550,843,418,712,1.11E-17,88.2
Q07955,Q13247,40.6,202,97,6,17,207,3,192,4.93E-34,122
Q08043,P46939,37.9,269,149,6,47,299,33,299,2.18E-47,181
Q08116,P57771,52.3,132,62,1,74,204,45,176,2.94E-43,140
Q08116,P49798,51.1,137,66,1,74,209,51,187,1.21E-42,140
Q08116,Q9UGC6,40.6,133,78,1,76,207,75,207,8.13E-32,112
Q08170,Q13247,81.1,190,30,2,1,184,1,190,2.21E-102,308
Q08211,Q7Z478,33.3,855,508,17,335,1136,520,1365,2.29E-128,426
Q08211,Q7L2E3,34.6,737,414,14,381,1093,427,1119,4.14E-117,391
Q08380,Q96JB6,41.3,150,78,3,2,144,4,150,1.35E-26,112
Q08380,Q9Y4K0,53,100,46,1,24,123,326,424,1.38E-26,112
Q08380,P21757,50,102,49,2,24,124,350,450,1.13E-25,107
Q08380,P58215,47.3,93,49,0,34,126,55,147,4.95E-23,100
Q08397,P28300,68.3,246,72,2,330,571,171,414,1.33E-118,355
Q08397,P58215,54,202,90,3,371,571,530,729,7.13E-65,223
Q08397,Q9Y4K0,50,204,97,4,370,571,548,748,2.25E-62,216
Q08397,Q96JB6,52.2,201,93,3,370,569,533,731,8.89E-62,214
Q08431,P00451,38.8,160,89,2,228,387,2038,2188,1.43E-27,112
Q08431,Q16832,32.9,164,96,6,230,387,30,185,9.62E-17,79.3
Q08431,Q08345,34.1,164,93,8,230,387,31,185,2.91E-12,65.5
Q08462,O95622,41.1,977,499,14,132,1077,324,1255,1.77E-221,666
Q08462,P40145,38.9,947,529,17,135,1076,269,1170,7.34E-200,609
Q08462,Q08828,38.6,977,496,20,128,1076,154,1054,1.20E-187,573
Q08462,P16066,29.3,239,140,6,236,468,841,1056,1.72E-25,111
Q08477,P78329,87.7,520,64,0,1,520,1,520,0,935
Q08477,Q86W10,40.2,500,283,8,16,512,11,497,9.73E-122,364
Q08477,Q16850,23.3,369,254,9,121,488,134,474,2.34E-19,88.2
Q08999,P06400,27,341,144,11,829,1136,640,908,1.59E-20,95.1
Q08ET2,Q9Y286,51.3,374,163,5,1,369,1,360,5.05E-112,333
Q09FC8,Q92918,77.1,35,8,0,61,95,799,833,4.29E-09,56.6
Q09FC8,P51957,71.4,35,10,0,61,95,463,497,2.65E-07,50.8
Q0VF96,P35579,39.4,109,63,1,1109,1214,1770,1878,2.97E-11,65.5
Q0WX57,Q6R6M4,94.9,530,27,0,1,530,1,530,0,1014
Q0WX57,O75604,29.5,332,193,11,80,372,267,596,1.92E-32,128
Q0WX57,Q9UK80,29.2,346,188,11,81,372,213,555,1.60E-27,113
Q0WX57,Q13107,25.5,192,107,6,69,227,293,481,1.75E-10,60.8
Q11206,Q11203,38.9,293,168,9,46,332,86,373,2.18E-62,200
Q11206,Q11201,36.2,185,101,5,113,297,135,302,5.02E-28,108
Q12756,O60333,67.3,1832,435,15,1,1687,1,1813,0,2288
Q12756,Q15058,41.3,688,334,15,4,678,357,987,3.07E-129,441
Q12756,O15066,42.9,392,192,9,5,389,9,375,7.91E-80,278
Q12756,Q9Y496,44.4,383,187,8,5,383,14,374,5.87E-79,274
Q12756,P33176,38.5,400,194,9,1,381,4,370,1.00E-67,246
Q12756,O60282,40.4,361,183,7,2,361,5,334,7.18E-64,234
Q12756,Q9NS87,39.6,389,206,9,3,383,24,391,3.26E-63,235
Q12756,Q12840,39.9,358,182,7,5,361,9,334,3.24E-62,229
Q12756,P52732,36.8,405,208,11,3,386,16,393,6.55E-61,226
Q12756,Q7Z4S6,35.7,440,208,13,4,394,8,421,2.80E-58,219
Q12756,Q02224,37.4,382,208,9,5,383,6,359,1.94E-56,214
Q12756,Q99661,36.8,359,184,10,8,354,261,588,2.18E-43,167
Q12756,Q9BW19,38.3,298,155,7,68,353,382,662,3.06E-42,163
Q12798,P0DP23,46.7,45,24,0,124,168,31,75,5.25E-06,41.6
Q12860,P22455,28,236,122,10,318,511,134,363,6.29E-13,70.1
Q12873,Q14839,70.1,1819,450,18,131,1916,147,1905,0,2305
Q12873,P51532,41.5,508,255,7,734,1219,752,1239,1.15E-105,372
Q12873,P51531,41.1,508,257,7,734,1219,722,1209,2.38E-105,370
Q12873,Q92698,30.6,509,303,10,736,1209,153,646,1.46E-58,214
Q12873,O15164,45.7,46,25,0,378,423,825,870,4.89E-10,62
Q12873,Q9UPN9,43.5,46,26,0,378,423,886,931,3.31E-09,59.3
Q12873,P29375,52.2,46,19,1,459,501,296,341,3.61E-09,59.3
Q12889,Q9BZP6,49.5,400,195,3,1,394,1,399,5.82E-128,384
Q12889,Q13231,47.7,392,193,4,7,393,7,391,6.07E-118,358
Q12891,Q12794,42.6,413,228,4,29,439,25,430,1.74E-114,341
Q12904,P54577,54.1,157,66,3,146,296,357,513,1.24E-47,164
Q12929,P16333,44.9,49,27,0,538,586,9,57,1.63E-09,57.8
Q12946,Q08050,45.8,83,41,2,47,128,235,314,1.44E-18,84.7
Q12946,Q12778,39.3,107,57,3,26,126,137,241,3.29E-15,74.3
Q12946,O43524,46.3,80,36,2,52,126,161,238,1.06E-14,72.8
Q12947,Q08050,47,83,40,2,99,180,235,314,2.11E-18,85.1
Q12947,O43524,45,80,37,2,104,178,161,238,3.06E-14,72
Q12947,Q12778,43.8,80,38,2,104,178,164,241,1.24E-13,70.1
Q12948,Q08050,47.6,82,39,2,78,158,236,314,2.29E-17,82.8
Q12951,O43524,46.3,80,36,2,127,201,161,238,2.48E-15,74.7
Q12951,Q12778,45,80,37,2,127,201,164,241,1.83E-14,72
Q12952,Q08050,48.3,89,42,2,40,127,227,312,2.82E-19,86.3
Q12959,P78352,73.3,720,156,3,194,904,32,724,0,1028
Q12959,O14936,25.9,421,286,10,491,899,515,921,1.28E-30,127
Q12959,Q12923,46.9,96,47,1,475,566,1103,1198,3.24E-13,71.2
Q12965,P35579,37.5,738,417,11,17,721,79,805,5.51E-133,442
Q12965,P35580,37.2,745,421,12,17,725,83,816,3.88E-132,440
Q12965,Q9UKN7,37,722,415,14,20,719,1223,1926,4.35E-131,439
Q12965,Q9UKX2,37.1,739,416,13,17,718,84,810,1.02E-124,419
Q12965,Q7Z406,35.5,743,433,13,17,725,103,833,5.51E-120,405
Q12965,Q8WXR4,34.5,719,392,16,22,679,346,1046,3.06E-113,380
Q12965,Q8NEV4,33.2,766,429,16,21,724,340,1084,1.47E-108,370
Q12979,P11274,69.4,820,243,4,47,859,453,1271,0,1108
Q12979,P52757,33,191,124,2,644,833,274,461,9.24E-26,108
Q12979,Q7Z628,23.5,251,146,8,130,356,209,437,1.40E-08,55.5
Q13009,P15498,27.9,208,129,6,1035,1239,189,378,1.49E-14,76.3
Q13009,Q7Z628,25.7,206,135,6,1031,1232,163,354,1.47E-09,59.7
Q13017,P11274,31.8,173,114,3,1250,1420,1044,1214,1.92E-21,99
Q13018,P22897,29.2,1396,913,37,41,1400,25,1381,9.19E-203,634
Q13018,P08253,47,66,35,0,163,228,276,341,2.14E-15,78.6
Q13018,P14780,46.8,62,33,0,166,227,276,337,3.13E-13,71.6
Q13075,P98170,34.6,188,113,3,54,236,157,339,2.32E-30,124
Q13075,Q13489,36.5,197,111,4,47,243,156,338,3.65E-30,125
Q13075,Q13490,35.9,195,102,5,67,252,188,368,2.14E-28,119
Q13075,Q96CA5,43.5,124,59,4,159,280,87,201,9.69E-22,94.7
Q13075,Q96P09,46.8,77,38,1,160,236,5,78,4.67E-18,82.4
Q13087,P07237,50.2,460,218,5,40,495,22,474,3.04E-161,465
Q13105,Q14145,29.2,113,70,2,6,108,59,171,3.53E-07,50.8
Q13151,P09651,59.4,180,73,0,2,181,9,188,2.83E-70,219
Q13151,Q14576,27,148,101,2,9,155,41,182,1.93E-11,61.2
Q13158,Q92851,35.7,70,45,0,11,80,27,96,5.06E-07,46.6
Q13162,Q06830,68.5,197,61,1,74,269,1,197,3.22E-100,288
Q13202,Q9Y6W6,36.3,292,169,5,26,300,171,462,5.34E-51,181
Q13202,Q13115,33.3,309,185,7,25,315,43,348,3.31E-46,165
Q13202,Q16828,33.7,323,158,8,28,302,35,349,3.24E-45,162
Q13202,P28562,35.5,304,177,8,11,297,8,309,3.25E-45,162
Q13202,Q9NRW4,33.6,140,89,2,160,298,4,140,3.11E-21,89
Q13202,O95147,35.4,144,86,2,160,300,26,165,2.01E-20,87
Q13202,Q9BV47,34.3,143,88,3,164,301,65,206,7.28E-15,71.2
Q13206,P26196,33,351,223,6,71,419,98,438,4.87E-50,181
Q13206,Q86XP3,33,376,223,8,71,432,255,615,2.30E-47,179
Q13206,Q92841,33.6,354,226,6,84,432,186,535,3.77E-46,174
Q13206,O00571,32.3,371,206,9,68,408,179,534,4.11E-43,164
Q13206,P38919,29,348,236,7,71,416,40,378,8.10E-38,144
Q13217,P31689,48.8,80,35,1,395,474,7,80,6.83E-12,64.3
Q13232,P22392,65.5,148,51,0,22,169,5,152,7.72E-74,216
Q13232,O00746,61.4,145,56,0,21,165,37,181,3.40E-66,197
Q13232,O60361,62.4,133,50,0,37,169,5,137,5.76E-61,182
Q13239,P51451,47.4,173,80,3,15,176,49,221,2.27E-39,140
Q13239,P08631,44.5,173,86,3,21,183,77,249,1.04E-37,136
Q13239,P06239,39.6,192,106,2,2,183,41,232,1.54E-35,130
Q13239,P07948,43.7,167,82,4,29,183,68,234,1.58E-35,130
Q13239,P07947,42.6,176,88,4,15,177,82,257,1.84E-33,125
Q13239,P06241,44.6,166,81,3,21,175,81,246,4.57E-33,124
Q13239,P09769,39.4,193,101,4,21,197,76,268,1.42E-31,119
Q13239,P12931,41.4,162,84,3,27,177,89,250,5.23E-28,109
Q13239,P42685,35.9,220,113,6,7,206,20,231,5.45E-27,106
Q13239,P62993,33.1,139,79,6,25,160,8,135,5.54E-13,63.9
Q13239,P19174,38.9,95,43,5,81,163,551,642,3.27E-06,45.4
Q13242,Q13247,43.4,173,73,7,15,168,3,169,6.39E-33,119
Q13242,Q15717,36.4,66,39,2,13,75,105,170,2.04E-07,47.8
Q13243,Q13247,65.2,184,60,2,5,184,3,186,1.65E-73,226
Q13263,Q9UPN9,42.8,362,193,5,61,411,121,479,2.62E-85,292
Q13263,O15164,38.4,385,209,6,53,411,44,426,2.42E-77,268
Q13268,P28845,28.8,198,131,5,30,221,28,221,8.10E-14,67.4
Q13308,O15146,26.2,891,535,32,225,1057,27,852,1.22E-65,236
Q13308,P11362,29.7,590,350,18,524,1061,178,754,1.24E-62,226
Q13308,Q16620,28.9,615,363,17,510,1061,204,807,4.09E-62,224
Q13308,P22607,30.9,599,327,23,524,1061,176,748,4.51E-62,224
Q13308,P22455,27,811,452,29,308,1061,16,743,3.48E-61,221
Q13308,P21802,28.5,593,355,17,524,1061,179,757,7.98E-61,221
Q13308,P04629,30.1,548,327,15,555,1061,249,781,4.73E-60,218
Q13308,Q16288,28.1,619,358,20,520,1065,227,831,1.50E-58,214
Q13308,Q9UM73,32.7,376,229,9,698,1067,1032,1389,1.67E-54,205
Q13308,P08922,39.1,279,159,6,791,1061,1940,2215,1.55E-53,202
Q13308,P29376,39.1,274,159,5,799,1067,513,783,5.30E-53,197
Q13308,P08069,36,278,174,4,787,1061,990,1266,1.44E-51,195
Q13308,Q16832,38.3,290,154,7,791,1057,558,845,3.73E-51,192
Q13308,P14616,36.7,278,172,4,787,1061,970,1246,5.36E-51,193
Q13308,P06213,35.7,280,176,4,787,1063,1014,1292,5.89E-51,193
Q13308,P42681,35.3,275,162,4,787,1061,262,520,4.50E-48,177
Q13308,P42684,37.5,275,158,4,787,1061,279,539,4.78E-48,184
Q13308,P00519,36.7,275,160,5,787,1061,233,493,5.76E-48,183
Q13308,P42685,35.5,293,167,8,776,1063,214,489,9.97E-48,176
Q13308,P30530,38.7,271,148,7,801,1061,541,803,1.88E-47,181
Q13308,Q08345,34,309,174,6,788,1066,602,910,2.75E-47,180
Q13308,P07949,35.4,291,170,5,788,1061,716,1005,3.92E-47,181
Q13308,P17948,22.5,1006,532,31,173,1063,284,1156,4.91E-46,177
Q13308,P07332,36.7,264,147,6,802,1061,567,814,2.73E-45,173
Q13308,P35916,23.6,1052,566,39,134,1063,236,1171,3.48E-45,175
Q13310,Q14576,23,378,225,7,12,374,40,366,4.22E-25,104
Q13319,Q15078,50.3,328,127,10,1,328,1,292,1.07E-85,259
Q13342,Q14839,45.7,46,24,1,689,733,448,493,2.97E-07,51.6
Q13349,P20701,33.9,1176,678,37,5,1137,7,1126,3.00E-168,526
Q13349,P17301,26.8,1220,747,40,8,1141,13,1172,1.64E-94,325
Q13349,P13612,26.8,840,541,31,352,1139,199,1016,3.46E-53,200
Q13351,Q13118,78.1,32,7,0,279,310,369,400,1.69E-11,62.4
Q13356,P62937,49.6,131,61,3,289,415,18,147,1.25E-29,111
Q13356,P30405,48.9,131,62,3,289,415,60,189,1.36E-28,110
Q13362,Q15172,69.7,433,121,3,27,453,56,484,1.59E-215,602
Q13363,P56545,80.3,426,84,0,14,439,20,445,3.42E-256,700
Q13368,O14936,29.7,607,331,11,28,584,365,925,9.99E-85,280
Q13402,Q9UKN7,41.3,720,400,8,66,773,1223,1931,1.06E-159,549
Q13402,Q8WXR4,38.1,783,419,12,42,768,312,1084,1.83E-146,490
Q13402,Q8NEV4,39.5,754,400,11,62,768,335,1079,2.58E-145,493
Q13402,P35579,39.1,777,420,15,26,772,54,807,2.97E-136,471
Q13402,P35580,38.2,772,423,12,27,766,59,808,1.07E-135,469
Q13402,Q9UKX2,38.6,747,407,14,58,767,79,810,2.70E-131,455
Q13402,Q7Z406,36.8,741,427,12,56,766,96,825,4.60E-125,436
Q13410,O00481,46.9,495,227,4,16,474,18,512,3.14E-138,407
Q13424,P29074,32.9,70,46,1,88,156,518,587,3.95E-08,53.1
Q13424,P26045,35.7,70,44,1,88,156,511,580,3.57E-07,50.1
Q13425,P78352,48.2,83,41,2,114,196,312,392,1.01E-11,64.7
Q13425,P29074,37.1,70,43,1,116,184,518,587,1.62E-09,57.8
Q13425,P26045,38.6,70,42,1,116,184,511,580,6.40E-09,55.8
Q13427,Q08752,63.5,170,61,1,8,177,16,184,1.26E-66,222
Q13427,P23284,54.4,169,69,1,9,177,45,205,1.62E-55,187
Q13427,P62937,52.4,170,72,2,8,177,4,164,6.86E-50,169
Q13427,P30405,52.3,172,69,3,8,177,46,206,1.18E-47,165
Q13444,O43184,41.5,644,359,11,52,684,51,687,6.90E-162,493
Q13444,Q9BZ11,42.6,676,358,15,21,684,23,680,7.33E-158,479
Q13444,Q13443,36.3,622,374,14,73,687,70,676,5.48E-122,385
Q13444,P78325,36.9,669,363,15,66,718,54,679,2.04E-117,374
Q13444,Q9UNA0,32.2,261,149,10,173,412,221,474,2.83E-17,84
Q13444,O14672,25,344,192,15,150,448,162,484,1.28E-11,65.5
Q13444,Q76LX8,30.9,149,80,7,323,457,202,341,8.38E-07,50.1
Q13459,Q9UKN7,35.4,855,387,10,149,997,1225,1920,4.73E-138,480
Q13459,Q8NEV4,34.8,864,448,15,147,997,339,1100,2.41E-133,457
Q13459,Q8WXR4,34.2,859,444,13,149,991,346,1099,1.62E-131,446
Q13459,P35579,38.8,557,316,10,142,681,77,625,1.52E-98,352
Q13459,Q9UKX2,36.5,551,323,9,142,674,82,623,3.24E-90,325
Q13459,Q7Z406,36.5,545,326,9,142,674,101,637,3.68E-88,318
Q13461,Q08050,42.7,82,43,2,71,151,236,314,3.16E-15,73.6
Q13585,P48039,52,298,141,1,33,328,32,329,3.26E-108,327
Q13585,P49286,50,296,142,2,24,315,36,329,9.04E-102,311
Q13585,Q99705,29.8,272,176,8,43,304,124,390,5.06E-20,90.1
Q13585,P35368,24.8,307,180,8,43,305,60,359,1.93E-17,82.8
Q13585,P32238,21.5,367,220,6,13,315,29,391,2.83E-14,72.4
Q13585,P14416,29.1,175,117,4,39,212,45,213,1.24E-13,70.5
Q13585,P35462,28,193,127,4,24,212,28,212,4.27E-13,68.6
Q13585,P25100,24,308,180,8,45,305,113,413,5.19E-13,68.9
Q13585,P21462,24.1,328,209,12,29,334,27,336,1.35E-12,66.6
Q13585,P41968,25.5,278,178,7,40,305,50,310,1.48E-12,66.2
Q13585,P25090,23.9,289,188,8,37,304,35,312,5.71E-12,64.7
Q13585,P49238,24.6,280,185,8,41,309,44,308,1.38E-11,63.5
Q13585,P49682,23.2,284,181,9,43,308,68,332,1.97E-11,63.2
Q13585,P21918,23.2,327,195,8,33,305,45,369,2.67E-10,60.1
Q13585,P41595,33.1,139,88,3,45,179,71,208,2.69E-10,60.1
Q13585,P35367,25.7,175,123,2,46,215,45,217,1.77E-08,54.3
Q13585,P47898,23.8,302,186,9,46,309,58,353,3.03E-08,53.1
Q13588,P62993,59.7,216,85,1,1,216,1,214,4.44E-100,286
Q13588,P16333,34.9,172,79,5,5,145,197,366,1.91E-26,102
Q13588,P00519,38.8,139,79,3,4,137,67,204,2.31E-26,103
Q13588,P42685,33.8,201,110,7,4,190,48,239,6.97E-26,101
Q13588,P42684,38.1,139,80,3,4,137,113,250,7.95E-26,102
Q13588,P09769,38.2,144,77,5,4,135,83,226,5.21E-23,93.6
Q13588,P06241,36.1,144,80,5,4,135,88,231,1.34E-22,92.4
Q13588,P06239,38.6,145,74,6,4,135,67,209,2.34E-22,91.7
Q13588,P07947,33.8,145,82,6,4,135,97,240,8.56E-22,90.1
Q13588,P08631,36.3,146,78,6,4,136,84,227,1.14E-21,89.7
Q13588,P07948,35.6,146,79,6,4,136,69,212,1.77E-20,86.3
Q13588,P51451,32.4,142,86,4,4,135,64,205,8.82E-15,69.7
Q13588,Q06124,31.1,122,72,3,44,154,96,216,5.88E-11,58.5
Q13588,Q13322,33.7,83,49,3,60,136,493,575,1.27E-08,51.6
Q13595,Q15717,37.3,67,42,0,121,187,108,174,1.16E-08,52.4
Q13608,P55072,37.2,471,282,10,466,930,241,703,8.38E-88,296
Q13608,P43686,40.1,232,132,6,700,927,160,388,2.62E-43,160
Q13608,Q6PL18,37.3,271,157,5,701,961,422,689,2.15E-40,159
Q13608,Q9ULI0,36.5,271,159,5,701,961,396,663,4.67E-39,155
Q13615,Q9Y2I7,40.3,67,39,1,1109,1174,147,213,2.06E-11,65.9
Q13635,O15118,25.4,831,435,22,387,1180,571,1253,1.26E-44,174
Q13635,Q9UHC9,24.7,811,407,24,443,1192,637,1304,1.36E-35,145
Q13636,P51159,34.1,167,97,3,6,160,10,175,3.46E-28,102
Q13636,Q5HYI8,28.2,110,70,2,2,102,3,112,6.46E-07,45.4
Q13637,O14966,56.6,175,75,1,21,195,3,176,3.38E-72,216
Q13637,P61026,39.8,176,100,3,18,193,2,171,2.47E-39,132
Q13637,P62826,32.7,168,104,5,26,193,11,169,5.32E-22,87.4
Q13637,Q5HYI8,21.5,144,90,3,27,147,8,151,2.34E-06,44.3
Q13683,P06756,28.5,1158,647,53,5,1116,6,1028,7.88E-83,290
Q13683,P13612,27.9,845,474,39,34,851,34,770,3.50E-60,222
Q13683,P20701,30,533,294,27,306,812,403,882,5.91E-36,145
Q13683,P17301,24.7,660,370,24,164,806,342,891,5.81E-31,129
Q13683,P56199,25.8,372,216,15,750,1111,850,1171,3.99E-15,77.8
Q13733,P05023,79.6,1000,202,2,32,1029,24,1023,0,1569
Q13733,P54707,62.9,998,367,3,35,1029,42,1039,0,1215
Q13733,Q93084,30.4,1040,598,32,52,1018,5,991,1.21E-104,348
Q13733,P16615,29.4,1036,612,29,52,1018,5,990,2.50E-103,345
Q13733,O14983,28.5,1044,612,26,52,1018,5,991,1.40E-99,334
Q13797,P13612,41.4,1031,571,17,13,1031,16,1025,3.82E-264,766
Q13797,P56199,27.6,862,522,33,195,1016,379,1178,5.62E-62,227
Q13797,P20701,30.2,620,367,25,196,783,352,937,7.78E-54,202
Q13797,P17301,25.1,850,544,38,195,1014,380,1166,1.00E-52,198
Q13838,O00148,90,428,42,1,1,428,1,427,4.18E-284,769
Q13838,Q14240,38.9,370,221,5,47,415,35,400,9.44E-82,254
Q13838,Q92841,28.8,400,254,9,10,395,144,526,3.68E-44,161
Q13884,P78352,40,115,65,3,82,196,285,395,9.25E-11,61.6
Q13884,P29074,34.3,70,45,1,113,181,518,587,7.61E-08,52.4
Q13884,P26045,35.7,70,44,1,113,181,511,580,5.20E-07,49.7
Q13885,P07437,95.9,439,18,0,1,439,1,439,8.14e-318,856
Q13885,Q13509,91.9,446,35,1,1,445,1,446,1.17E-307,831
Q13885,Q9H4B7,80.7,430,83,0,1,430,1,430,7.33E-263,717
Q13887,Q13118,63.4,41,13,1,365,403,359,399,3.70E-10,58.9
Q13905,Q07889,31.9,270,154,8,821,1065,756,1020,3.60E-30,126
Q13905,Q8WZA2,30.3,244,157,4,834,1064,766,1009,1.17E-27,118
Q13905,O95398,33.9,177,109,3,843,1011,665,841,3.53E-23,103
Q13972,Q07889,29.7,344,208,9,953,1272,688,1021,1.37E-35,144
Q14003,Q14721,37.1,480,219,9,87,559,30,433,2.13E-76,261
Q14003,P17658,36,506,198,13,87,546,40,465,6.44E-62,214
Q14003,P22460,35.2,486,204,12,89,546,121,523,3.22E-60,211
Q14003,Q09470,45.5,292,121,6,270,546,147,415,9.63E-59,204
Q14003,P22459,35.2,460,204,11,102,546,187,567,5.36E-58,206
Q14003,P22001,45.5,286,135,6,270,546,214,487,8.90E-54,192
Q14003,P16389,45.6,287,128,8,273,546,146,417,6.29E-52,186
Q14003,Q9UK17,37.6,271,140,4,276,546,169,410,3.88E-42,160
Q14005,Q12923,30.5,203,116,6,1124,1307,1378,1574,9.29E-11,63.9
Q14005,O14640,38.7,75,43,2,227,299,262,335,4.00E-07,51.6
Q14011,P09651,43,86,48,1,7,92,15,99,9.49E-16,70.9
Q14011,Q15717,33.3,72,48,0,8,79,246,317,8.09E-09,50.8
Q14028,O95259,22.5,481,287,15,659,1069,220,684,6.63E-19,90.1
Q14088,P61026,44.5,164,86,3,36,199,9,167,3.23E-43,142
Q14088,Q5HYI8,29.6,115,68,4,38,141,8,120,2.90E-08,50.1
Q14103,P09651,43.9,171,90,1,98,262,15,185,3.21E-46,159
Q14108,P16671,34.5,441,272,10,33,461,34,469,4.08E-86,270
Q14112,P04233,51.7,60,25,2,937,996,210,265,2.30E-13,69.7
Q14114,P01130,54.9,572,207,9,336,892,314,849,2.85E-143,446
Q14141,Q9UHD8,43.8,292,156,3,21,305,277,567,1.16E-79,254
Q14147,Q7Z478,35.6,637,326,11,143,695,553,1189,3.42E-100,344
Q14147,Q7L2E3,35.7,546,319,10,158,678,430,968,2.67E-84,296
Q14151,Q9NWH9,31.7,545,237,20,28,513,20,488,6.17E-42,163
Q14155,P15498,32.6,129,64,4,6,129,6,116,8.96E-07,49.7
Q14160,P78352,31.8,424,215,10,722,1127,61,428,1.21E-34,140
Q14160,O14745,38.2,55,34,0,757,811,176,230,6.72E-06,47.4
Q14168,O14936,39,626,281,17,9,576,344,926,1.43E-124,386
Q14184,P17252,47.1,87,44,2,143,229,173,257,1.93E-17,81.6
Q14184,P05129,43.7,87,47,2,143,229,173,257,8.20E-16,76.6
Q14184,P05771,38,100,60,2,139,238,169,266,3.27E-14,71.6
Q14185,Q92608,64.2,1646,573,10,1,1636,1,1640,0,2080
Q14186,Q14188,60.6,434,130,7,2,396,3,434,3.40E-158,451
Q14190,Q16665,41.7,350,187,5,2,346,19,356,1.03E-77,262
Q14190,Q99814,32.3,461,273,8,2,439,16,460,3.79E-63,222
Q14315,P46939,31.1,225,145,5,37,257,32,250,3.09E-26,116
Q14332,Q99835,25.5,549,325,19,39,562,70,559,1.75E-44,166
Q14344,P29992,45.2,356,186,2,18,373,9,355,7.89E-104,308
Q14344,P04899,40.4,356,205,3,17,372,2,350,3.24E-88,268
Q14344,Q5JWF2,38,374,195,6,31,373,666,1033,2.98E-66,224
Q14393,P00742,37.9,161,75,3,36,195,28,164,1.69E-25,107
Q14393,P04070,36.9,160,82,4,38,195,33,175,1.90E-21,95.1
Q14393,P00740,36.4,176,84,5,22,196,23,171,6.01E-21,93.6
Q14393,P08709,36.1,155,71,4,45,195,57,187,6.22E-21,93.6
Q14393,P00734,52.9,51,24,0,45,95,40,90,7.09E-08,52.8
Q14410,P32189,87.5,559,64,1,1,553,1,559,0,995
Q14449,Q13322,60.6,467,176,6,75,540,135,594,3.57E-198,563
Q14449,Q14451,50.9,483,224,5,66,540,55,532,5.59E-169,486
Q14449,P62993,33.3,84,50,3,438,521,59,136,5.59E-08,50.8
Q14449,Q06124,36.4,107,52,3,430,526,103,203,1.49E-07,51.2
Q14449,P16333,32.1,84,50,2,438,521,281,357,4.45E-07,49.3
Q14449,P43405,39.6,53,32,0,438,490,14,66,4.65E-07,49.7
Q14449,P42684,31.7,82,50,3,439,520,173,248,2.86E-06,47.4
Q14494,Q16236,31.6,632,352,15,162,754,7,597,6.44E-65,224
Q14500,P63252,71.2,430,115,5,6,433,5,427,3.86E-221,610
Q14500,P48050,72.5,357,80,4,33,371,7,363,1.90E-185,521
Q14500,Q14654,51.7,331,156,4,40,369,29,356,7.95E-113,334
Q14500,P48048,49.5,325,158,5,37,358,35,356,1.54E-107,320
Q14500,P78508,45,313,169,3,43,353,27,338,2.86E-90,276
Q14500,O60928,36.6,320,190,7,45,358,19,331,5.34E-55,184
Q14520,Q04756,34.6,497,297,14,75,555,162,646,5.18E-90,288
Q14520,P00748,31.8,538,272,22,80,551,102,610,5.21E-64,218
Q14520,P00747,35.5,375,188,14,192,556,479,809,5.26E-59,207
Q14520,P00750,31.7,366,175,9,161,456,93,453,6.98E-45,164
Q14520,O15393,38.7,266,138,10,300,557,243,491,3.58E-42,155
Q14520,Q15661,38.8,255,120,12,314,550,31,267,1.23E-40,145
Q14520,P20231,38.4,255,121,12,314,550,31,267,2.27E-39,142
Q14520,Q92876,37.1,256,129,12,307,557,16,244,4.92E-38,137
Q14520,P35030,37.3,268,135,11,297,558,64,304,2.18E-37,137
Q14520,O60259,39,251,124,13,313,557,32,259,3.73E-37,135
Q14520,Q9NRS4,38.4,271,125,14,300,557,195,436,1.57E-36,138
Q14520,Q9UKR3,38.4,250,120,14,316,555,38,263,2.83E-36,134
Q14520,P05981,34.7,277,141,12,301,558,153,408,2.89E-36,137
Q14520,P04070,33.6,271,148,11,304,559,201,454,3.70E-35,135
Q14520,P49863,37.1,251,129,12,314,554,27,258,1.32E-34,129
Q14520,Q9NRR2,35.5,273,138,15,301,559,26,274,1.35E-34,130
Q14520,P07478,36.9,252,126,11,313,558,23,247,3.10E-34,127
Q14520,Q9Y337,32.6,264,148,11,301,558,54,293,5.61E-32,122
Q14520,P20151,34.9,269,139,11,300,554,11,257,4.65E-31,119
Q14520,Q9Y5K2,31.5,254,148,9,306,556,23,253,9.17E-30,115
Q14520,P07288,33.8,260,132,12,311,554,22,257,8.52E-28,109
Q14520,P24158,32.4,250,140,10,310,555,24,248,4.31E-26,104
Q14527,P51532,29,262,164,5,479,728,807,1058,2.62E-21,97.8
Q14527,P51531,28.6,262,165,5,479,728,777,1028,1.32E-20,95.5
Q14527,Q14839,24.5,265,159,8,479,721,779,1024,3.65E-13,71.2
Q14527,Q92698,23.5,204,117,4,479,655,215,406,4.36E-08,54.3
Q14541,P19793,42.9,322,177,3,11,325,134,455,8.43E-82,256
Q14541,P28702,43.2,324,174,4,11,325,204,526,8.13E-80,253
Q14541,P48443,41.9,322,183,3,8,325,135,456,4.13E-79,249
Q14541,P10589,37.7,332,189,6,12,330,86,412,1.45E-63,207
Q14541,Q9Y466,32.9,365,192,8,12,324,16,379,1.23E-51,175
Q14541,P62508,29.3,328,219,4,11,325,127,454,6.51E-47,164
Q14541,O95718,29.8,336,207,5,11,325,102,429,1.09E-46,163
Q14541,P10826,29.6,351,220,6,12,345,88,428,4.46E-43,154
Q14541,P11474,30.2,344,208,5,11,325,78,418,2.48E-41,148
Q14541,P13631,28.6,353,231,5,12,347,90,438,2.11E-39,144
Q14541,P10276,27.7,357,225,6,12,339,88,440,4.57E-39,143
Q14541,P43354,28.5,337,215,7,11,326,262,593,6.28E-36,136
Q14541,P10828,27.6,326,198,5,11,298,106,431,3.42E-34,129
Q14541,P22736,27.7,336,213,8,12,326,267,593,3.06E-33,128
Q14541,Q14994,29.5,349,201,9,12,324,11,350,4.12E-33,124
Q14541,P10827,27.8,324,196,3,12,297,53,376,8.28E-33,126
Q14541,Q92570,27.1,343,209,9,12,326,292,621,3.41E-31,122
Q14541,Q13133,27,352,217,7,9,324,95,442,1.08E-30,119
Q14541,P49116,54.9,82,37,0,12,93,117,198,4.71E-27,110
Q14541,P55055,25.9,378,208,10,11,324,86,455,2.54E-26,107
Q14541,Q03181,24.9,361,204,9,8,310,70,421,2.93E-26,107
Q14541,Q96RI1,26.9,324,197,5,11,297,136,456,4.19E-26,107
Q14541,P37231,25.7,350,206,9,12,310,139,485,4.73E-26,107
Q14541,P06401,27.4,329,195,8,11,302,566,887,5.55E-26,107
Q14541,Q07869,26.7,360,198,11,8,310,98,448,3.11E-25,104
Q14558,O60256,78.4,357,76,1,1,356,13,369,1.63E-202,558
Q14558,P60891,43.5,345,161,3,9,352,5,316,4.76E-84,255
Q14562,Q7Z478,28.1,733,402,15,558,1170,565,1292,9.08E-83,294
Q14562,Q7L2E3,30.8,668,396,17,558,1176,427,1077,1.42E-74,268
Q14565,Q06609,54,326,147,2,16,340,16,339,9.45E-114,331
Q14566,P33991,35,549,309,12,114,656,263,769,7.02E-88,294
Q14568,P07900,95.9,344,13,1,1,343,1,344,8.04E-196,554
Q14568,P08238,88.2,331,35,2,14,343,9,336,5.40E-171,490
Q14568,Q58FF8,59.1,318,50,2,14,331,9,246,1.31E-84,258
Q14568,P14625,45.9,338,156,4,15,343,71,390,3.66E-68,225
Q14568,Q12931,44.8,203,103,4,22,220,90,287,1.16E-46,165
Q14571,Q14643,68.2,2783,764,33,1,2695,1,2751,0,3577
Q14571,Q14573,64.7,2730,848,31,4,2687,3,2663,0,3327
Q14571,P21817,32.5,286,144,4,2343,2627,4787,5024,5.25E-36,148
Q14571,Q92736,31.9,285,147,3,2343,2627,4716,4953,4.48E-35,145
Q14623,Q15465,57.8,453,132,8,13,407,7,458,1.13E-165,470
Q14669,Q9HCE7,30.2,298,162,10,1697,1984,489,750,1.60E-25,112
Q14677,Q9Y6I3,53.8,143,65,1,16,158,12,153,1.63E-42,159
Q14679,Q8NG68,31.6,212,121,9,711,912,140,337,1.24E-18,86.7
Q14738,Q15172,69.2,432,128,3,82,512,34,461,7.28E-217,609
Q14765,P42224,54.2,736,315,11,1,722,1,728,5.99E-260,734
Q14765,P40763,48.5,734,360,7,1,722,1,728,1.27E-235,673
Q14765,P51692,31.2,733,432,18,1,694,1,700,9.43E-88,290
Q14765,P42229,30.5,715,427,18,1,676,1,684,1.00E-80,271
Q14765,P42226,27.4,731,413,25,1,698,1,646,3.16E-51,189
Q14807,Q9NS87,37.6,351,201,6,44,379,27,374,3.21E-56,204
Q14807,O15066,38,345,196,8,44,376,10,348,2.68E-55,198
Q14807,Q9Y496,41.4,297,162,6,88,376,61,353,1.35E-54,196
Q14807,P52732,37.4,361,200,9,44,383,19,374,2.06E-53,195
Q14807,P33176,34.7,340,204,5,44,378,9,335,6.16E-51,187
Q14807,O60333,36,364,199,9,42,376,4,362,2.14E-50,187
Q14807,Q02224,37.5,315,181,7,88,394,47,353,4.40E-50,186
Q14807,O60282,37.4,297,174,5,88,378,47,337,1.27E-48,181
Q14807,Q12840,37,297,175,5,88,378,47,337,6.55E-48,179
Q14807,Q7Z4S6,33.1,387,198,11,39,376,5,379,7.70E-46,173
Q14807,Q15058,32,375,213,8,43,387,358,720,2.56E-43,165
Q14807,Q9BW19,33.2,365,194,11,44,369,311,664,3.68E-39,150
Q14807,O95235,33.3,213,130,3,171,372,300,511,1.72E-24,106
Q14916,Q9NRA2,38.2,466,267,5,13,464,33,491,5.10E-94,290
Q14943,Q9HCN6,38.8,214,104,5,123,331,27,218,3.57E-30,115
Q14953,Q9HCN6,37.9,214,106,5,28,236,27,218,7.46E-31,115
Q14954,Q9HCN6,36.5,244,121,8,1,236,1,218,1.04E-30,115
Q14964,P61026,43.1,167,89,3,9,175,10,170,7.56E-45,145
Q14964,Q5HYI8,33.9,112,62,5,8,111,6,113,3.03E-10,55.5
Q15019,Q9UHD8,47.3,300,154,3,16,313,277,574,1.24E-91,283
Q15027,Q9HB21,29.3,116,75,4,266,376,192,305,1.69E-06,48.1
Q15031,P41252,20.5,704,405,23,79,703,36,663,8.37E-13,69.7
Q15084,P07237,44.2,113,60,2,153,263,16,127,1.29E-21,94.4
Q15102,P68402,65.3,216,75,0,3,218,4,219,3.67E-110,313
Q15111,P51178,38.9,745,425,13,118,847,25,754,8.20E-148,458
Q15111,P16885,35.7,409,226,13,158,544,65,458,9.18E-50,189
Q15111,P19174,30.6,448,261,11,125,544,41,466,5.09E-46,177
Q15113,O43897,34.2,269,141,4,36,270,461,727,1.37E-45,167
Q15113,Q9Y6L7,34,268,141,4,37,270,464,729,8.37E-45,164
Q15113,P13497,34.2,269,141,4,36,270,434,700,6.74E-44,162
Q15147,P51178,33.7,732,375,19,114,821,110,755,1.54E-106,350
Q15147,P19174,34.8,299,182,6,528,818,916,1209,6.88E-44,171
Q15147,P16885,34,424,236,17,60,467,65,460,8.81E-44,171
Q15149,P46939,47.3,243,124,4,174,413,26,267,1.04E-56,218
Q15173,Q15172,75.4,426,104,1,26,450,19,444,3.44E-241,666
Q15262,P28827,61.2,1444,526,7,23,1438,14,1451,0,1827
Q15262,P10586,32.5,1208,601,32,353,1438,787,1901,1.40E-152,506
Q15262,Q13332,35.9,976,519,28,495,1438,1042,1942,4.97E-151,502
Q15262,P18433,39.4,616,355,12,833,1438,187,794,3.21E-140,447
Q15262,P23469,40,583,332,10,867,1437,115,691,9.14E-131,418
Q15262,P23471,37.7,599,336,14,866,1438,1698,2285,5.76E-109,380
Q15262,P23470,36.2,608,332,13,866,1438,827,1413,1.67E-105,365
Q15262,P08575,37.4,561,309,11,905,1431,672,1224,1.17E-98,343
Q15262,P23467,43.2,278,152,4,867,1138,1683,1960,6.68E-63,234
Q15262,Q12913,43,279,152,5,867,1140,1021,1297,3.48E-61,228
Q15262,Q06124,40.8,306,159,8,855,1138,213,518,9.33E-59,211
Q15262,P29350,37.8,331,176,8,886,1186,243,573,4.74E-57,206
Q15262,P35236,45.7,230,119,4,912,1138,121,347,3.57E-55,194
Q15262,P54829,45.6,228,116,5,913,1135,325,549,1.71E-52,192
Q15262,Q05209,39.9,243,138,3,904,1140,52,292,2.82E-52,195
Q15262,Q9Y2R2,40.2,244,136,4,904,1140,48,288,1.19E-51,194
Q15262,P43378,34.4,331,193,7,827,1140,250,573,4.12E-51,188
Q15262,P17706,39.1,256,140,6,904,1149,36,285,1.35E-50,182
Q15262,P29074,42.8,243,126,4,905,1140,674,910,5.26E-50,190
Q15262,Q15256,44,241,126,6,913,1147,418,655,1.19E-49,185
Q15262,P18031,35.3,258,151,6,904,1149,34,287,5.64E-47,172
Q15262,Q12923,40.9,242,130,5,904,1139,2231,2465,1.27E-46,181
Q15262,P26045,38.2,241,137,4,905,1139,665,899,6.59E-45,174
Q15262,Q15678,33.5,254,151,5,904,1140,927,1179,4.41E-37,149
Q15262,Q99952,28.9,277,170,11,1173,1434,26,290,3.22E-25,108
Q15286,P61026,53.3,169,78,1,3,170,4,172,9.15E-63,191
Q15286,P51159,37.4,179,100,2,4,170,5,183,2.02E-45,147
Q15286,O14966,37.8,172,99,4,6,170,5,175,1.55E-34,119
Q15286,P62834,34,156,99,3,9,161,4,158,2.87E-22,86.7
Q15286,Q5HYI8,31.4,102,61,3,10,102,8,109,1.00E-11,59.3
Q15311,P11274,34.5,165,101,2,189,350,1051,1211,1.02E-22,100
Q15326,Q9ULU4,35,286,163,6,88,358,77,354,2.20E-52,191
Q15365,Q96AE4,29.8,141,95,3,25,162,112,251,1.47E-12,65.9
Q15366,Q96AE4,27.7,141,98,3,25,162,112,251,8.63E-11,60.5
Q15399,O60603,31.4,621,382,15,180,776,182,782,5.45E-90,297
Q15399,Q9NR97,25.8,403,267,12,397,782,638,1025,2.33E-24,106
Q15399,Q9NYK1,26.4,265,169,7,524,776,783,1033,1.19E-15,78.6
Q15399,Q9NR96,26.4,273,178,12,516,776,752,1013,1.23E-13,72
Q15406,O00482,26.8,463,254,13,48,451,74,510,1.13E-39,147
Q15406,Q13285,26.1,452,264,13,48,451,1,430,2.79E-33,128
Q15406,Q9Y466,25.7,424,230,15,60,462,16,375,4.17E-27,109
Q15406,P49116,25,456,270,13,60,456,117,559,4.89E-27,111
Q15406,P13631,56.6,76,33,0,58,133,88,163,4.11E-26,107
Q15406,P19793,48.6,105,50,2,60,160,135,239,1.98E-25,105
Q15406,P48443,54.1,85,39,0,49,133,128,212,1.99E-25,105
Q15406,P10826,48.9,92,47,0,42,133,70,161,2.52E-25,105
Q15406,Q92753,40.9,132,72,2,36,166,2,128,2.84E-25,105
Q15406,P10276,53.9,76,35,0,58,133,86,161,4.85E-25,104
Q15406,P28702,57,79,34,0,55,133,200,278,1.01E-24,104
Q15406,P35398,52.4,84,40,0,60,143,73,156,5.61E-24,102
Q15406,P51449,51.2,84,41,0,60,143,31,114,5.70E-23,99
Q15406,Q07869,51.6,93,42,2,45,136,87,177,5.85E-23,98.6
Q15406,Q92570,49.4,83,42,0,59,141,291,373,1.41E-22,98.2
Q15406,P10589,50.6,77,38,0,60,136,86,162,2.49E-22,96.3
Q15406,P43354,48.8,82,42,0,60,141,263,344,7.48E-22,95.9
Q15406,P37231,51.8,85,38,2,60,143,139,221,1.78E-21,94.4
Q15406,O95718,47.1,85,45,0,57,141,100,184,5.16E-21,92.4
Q15406,P62508,47.1,85,45,0,57,141,125,209,6.05E-21,92.4
Q15406,P22736,46.3,82,44,0,60,141,267,348,7.46E-21,92.8
Q15406,P11474,47.1,85,45,0,57,141,76,160,8.66E-21,91.7
Q15406,Q03181,49.4,85,40,2,60,143,74,156,9.79E-21,91.7
Q15406,Q96RI1,57.6,66,28,0,60,125,137,202,2.98E-20,90.5
Q15406,Q14995,52.6,78,36,1,60,136,103,180,7.10E-20,89.7
Q15413,Q92736,67.3,5015,1445,34,1,4869,1,4966,0,6653
Q15413,P21817,64.1,5072,1577,38,4,4869,2,5037,0,6351
Q15413,Q14643,31.3,288,148,3,4619,4856,2397,2684,9.89E-38,155
Q15413,Q14573,33.4,287,142,5,4619,4856,2317,2603,1.10E-36,151
Q15424,Q9NWH9,32,544,237,18,13,496,4,474,8.50E-37,147
Q15438,Q99418,83.3,395,66,0,3,397,2,396,4.12E-249,679
Q15438,O43739,85.9,389,55,0,8,396,12,400,5.86E-249,678
Q15464,P42684,34.8,89,58,0,399,487,162,250,1.56E-09,57.8
Q15464,P00519,32.6,89,60,0,399,487,116,204,6.11E-09,55.8
Q15464,P16591,34.3,102,61,4,404,504,454,550,1.54E-07,51.2
Q15464,P16333,32.3,96,60,3,410,504,282,373,3.07E-07,49.7
Q15477,P42285,37.1,960,534,16,304,1244,133,1041,7.78E-179,553
Q15596,Q15788,34.7,1598,695,53,1,1462,1,1386,4.74E-192,605
Q15596,Q99814,23.1,307,212,9,100,394,71,365,4.74E-11,64.7
Q15599,O14745,51.9,360,142,6,2,337,6,358,1.65E-105,310
Q15653,P25963,31.7,186,85,3,54,238,70,214,1.55E-16,76.6
Q15653,P19838,28.7,247,128,4,56,298,541,743,1.28E-15,75.5
Q15669,P60953,42.2,187,101,1,2,181,1,187,1.16E-48,154
Q15669,P63000,41.8,177,96,1,2,171,1,177,1.19E-48,154
Q15669,P61586,43.3,178,93,2,6,176,7,183,3.97E-47,150
Q15669,O14966,34.4,125,66,4,6,119,9,128,3.10E-15,68.2
Q15669,P51159,30.1,173,101,6,5,164,10,175,4.08E-15,68.2
Q15669,P61026,36.3,102,55,3,6,102,11,107,1.10E-14,66.6
Q15700,P78352,58.7,870,207,6,5,870,3,724,0,961
Q15700,O14936,27.1,432,278,12,446,865,515,921,1.29E-35,142
Q15700,Q12923,45.5,88,46,1,191,278,1366,1451,3.49E-14,74.3
Q15723,P41212,42,88,50,1,210,297,341,427,1.36E-18,85.9
Q15723,P50549,43.1,102,47,4,196,289,316,414,2.01E-17,82.4
Q15723,P11308,46.3,80,41,2,210,289,313,390,1.48E-16,79.7
Q15735,O15357,27.5,327,191,11,423,728,424,725,1.13E-24,108
Q15751,Q8TD19,30.4,293,182,7,4088,4359,375,666,9.61E-30,127
Q15771,P61026,49.7,167,84,0,1,167,1,167,2.08E-54,169
Q15771,P20340,42.9,161,92,0,10,170,14,174,9.67E-41,135
Q15771,P51159,38.1,181,96,4,1,166,1,180,6.65E-35,120
Q15771,O14966,33.8,210,120,7,3,200,1,203,3.48E-30,107
Q15772,Q9UIK4,36.8,307,178,6,1590,1880,12,318,1.23E-56,199
Q15772,Q15746,25.2,726,435,19,1188,1880,1098,1748,2.76E-54,208
Q15772,P53355,34.8,305,181,5,1593,1880,5,308,4.06E-54,207
Q15772,O43293,34.9,272,168,3,1593,1855,5,276,3.42E-53,192
Q15772,Q86YV6,37.6,263,156,6,1597,1853,100,360,3.86E-49,178
Q15772,Q32MK0,36.3,295,174,7,1597,1879,509,801,2.45E-48,185
Q15772,O94768,34.5,275,156,8,1597,1855,28,294,9.64E-46,168
Q15772,Q9H1R3,35.5,287,173,6,1607,1883,291,575,4.25E-45,172
Q15772,Q9UEE5,36.8,269,158,7,1605,1864,65,330,4.80E-45,167
Q15772,Q13555,31.1,264,175,5,1596,1853,9,271,5.06E-35,140
Q15772,Q13557,30.1,292,192,6,1596,1876,9,299,5.44E-35,139
Q15772,Q9UQM7,30.5,292,191,6,1596,1876,8,298,7.09E-35,139
Q15772,O14936,32.5,317,195,7,2966,3267,12,324,5.07E-34,140
Q15772,Q13554,30.5,292,191,6,1596,1876,9,299,1.95E-33,137
Q15772,P57059,27.5,258,178,4,2966,3219,27,279,1.28E-27,119
Q15772,Q15139,28.5,267,180,6,1597,1855,577,840,2.31E-23,106
Q15772,O75676,31,245,154,7,1607,1839,417,658,3.22E-23,105
Q15772,O94806,27.7,267,182,6,1597,1855,570,833,1.98E-22,103
Q15772,O95382,32.2,267,164,10,2966,3219,645,907,4.50E-22,102
Q15772,P24941,27.4,288,173,7,2966,3220,4,288,7.48E-22,96.3
Q15772,Q86UX6,27.3,267,174,5,2966,3218,93,353,1.47E-21,98.6
Q15772,Q9BZL6,27.5,255,176,5,1607,1855,557,808,2.26E-21,99.8
Q15772,Q9Y243,25.2,318,210,10,1555,1854,98,405,7.68E-21,96.3
Q15772,P51957,25.8,264,187,5,2962,3219,2,262,9.76E-20,94.4
Q15772,P31751,27.7,271,173,9,1597,1854,149,409,1.78E-19,92
Q15782,Q13231,52.4,382,173,4,12,387,7,385,5.91E-146,419
Q15782,Q9BZP6,49.2,390,189,5,6,388,1,388,5.87E-133,387
Q15811,P16333,28.2,266,133,9,1008,1222,8,266,7.44E-26,108
Q15811,Q92888,27.3,348,237,7,1228,1562,407,751,1.21E-22,102
Q15811,Q9H4M9,42,88,51,0,13,100,436,523,1.24E-16,82.4
Q15811,Q16584,48.1,52,22,1,1163,1209,49,100,2.54E-09,59.3
Q15822,P43681,58.2,607,130,6,47,529,21,627,1.05E-222,626
Q15822,P32297,58,483,178,5,56,526,32,501,3.95E-185,526
Q15822,P17787,51.5,470,212,6,56,523,26,481,5.30E-151,439
Q15822,P02708,46.4,466,209,6,56,520,21,446,1.82E-137,403
Q15822,P36544,40.8,480,250,7,57,519,24,486,1.14E-109,333
Q15822,Q07001,36.8,486,264,7,59,521,25,490,2.45E-99,307
Q15822,Q04844,35.1,482,270,9,59,524,24,478,2.40E-84,267
Q15822,P46098,31.4,347,225,6,46,382,15,358,1.81E-55,191
Q15825,P32297,67.7,473,132,4,34,490,35,502,1.02E-227,633
Q15825,P43681,45.8,589,187,6,34,490,37,625,5.75E-164,475
Q15825,P17787,47.2,468,241,3,26,490,21,485,8.18E-141,412
Q15825,P02708,45.6,461,222,5,29,488,19,451,4.10E-135,395
Q15825,Q07001,38.8,480,267,6,27,485,18,491,3.35E-99,305
Q15825,P36544,36.5,485,290,5,16,485,8,489,1.22E-98,303
Q15825,Q04844,35.3,473,273,7,29,484,19,475,8.16E-82,259
Q15825,P46098,28,447,290,9,36,473,36,459,1.61E-56,192
Q15842,Q14654,73,366,88,3,1,365,1,356,7.77E-186,519
Q15842,P63252,50.1,335,155,3,33,365,44,368,2.21E-108,323
Q15842,P48050,49,339,157,4,35,360,20,355,6.95E-106,318
Q15842,P48048,43.7,332,177,3,33,361,39,363,2.47E-92,281
Q15842,P78508,39.5,319,183,4,35,351,29,339,1.66E-73,232
Q15842,O60928,32,316,199,6,35,346,19,322,2.65E-42,150
Q15849,Q13336,66.3,350,118,0,555,904,33,382,1.17E-175,511
Q15907,P61026,42.3,208,107,2,8,215,6,200,2.48E-54,170
Q15907,P51159,41.5,176,92,3,5,169,3,178,8.98E-43,141
Q15907,P20340,37.6,157,98,0,12,168,14,170,4.42E-40,134
Q15907,Q5HYI8,24,146,83,3,13,130,8,153,4.98E-09,52
Q16082,P02511,43,135,75,2,16,148,15,149,1.78E-33,114
Q16082,P04792,41,161,74,5,22,164,26,183,4.62E-28,101
Q16082,P02489,40.3,134,79,1,21,154,19,151,7.17E-26,95.1
Q16099,Q16478,70.7,928,248,5,24,933,23,944,0,1291
Q16099,Q13002,44.5,869,457,13,3,856,14,872,2.13E-237,691
Q16099,Q13003,43.1,860,461,13,14,856,25,873,8.58E-228,666
Q16099,P39086,43.1,858,444,14,16,842,28,872,2.07E-222,652
Q16099,P42263,43,661,358,8,190,832,192,851,3.63E-168,511
Q16099,P42261,37.4,851,486,20,16,842,16,843,3.92E-167,509
Q16099,P42262,37.9,796,453,15,75,843,69,850,6.76E-165,503
Q16099,P48058,42.4,651,348,13,203,832,197,841,1.58E-160,492
Q16099,Q05586,26.9,724,432,18,197,872,201,875,2.21E-63,229
Q16099,Q14957,26.5,608,324,27,314,834,275,846,4.13E-44,171
Q16099,Q13224,29.9,418,237,15,445,833,458,848,1.53E-43,169
Q16143,P37840,58.6,145,44,3,1,134,1,140,1.74E-07,44.7
Q16181,Q9UHD8,50.5,289,140,3,29,314,277,565,2.21E-97,301
Q16322,Q09470,67.1,392,127,2,86,476,37,427,5.04E-171,489
Q16322,P16389,70,414,116,3,66,473,15,426,1.74E-167,480
Q16322,P22001,67,394,123,2,86,473,104,496,3.07E-166,480
Q16322,P22459,63.5,408,128,4,86,476,176,579,4.77E-163,474
Q16322,P22460,66.7,414,111,3,85,472,119,531,2.18E-162,471
Q16322,P17658,63.4,435,113,4,85,473,40,474,7.52E-153,444
Q16322,Q14721,37.4,431,221,11,73,473,17,428,1.20E-57,202
Q16322,Q9UK17,33,418,238,7,76,474,26,420,1.10E-56,197
Q16348,P46059,49.7,698,297,13,42,710,12,684,2.07E-213,613
Q16515,P78348,66.1,528,163,5,1,512,1,528,2.90E-254,702
Q16515,Q9UHC3,52.6,473,198,5,7,463,7,469,3.88E-177,506
Q16515,P37088,21.1,337,199,10,18,289,60,394,8.31E-08,52
Q16537,Q15172,79,453,94,1,12,463,19,471,5.73E-265,725
Q16621,Q16236,59.3,145,59,0,224,368,455,599,2.93E-51,177
Q16629,Q13247,48.1,79,37,2,12,90,3,77,5.93E-14,67.4
Q16671,Q13873,34.2,509,301,9,10,508,20,504,2.20E-83,278
Q16671,Q13705,31.7,461,264,16,61,508,59,481,8.89E-61,207
Q16671,P27037,29.1,498,315,12,14,508,20,482,3.41E-58,200
Q16671,P36896,34.6,324,191,7,189,509,193,498,6.26E-49,174
Q16671,P36897,34.2,310,183,8,203,509,205,496,1.03E-46,168
Q16671,P37173,33.3,324,184,9,199,510,240,543,2.83E-46,168
Q16671,Q04771,33.6,327,188,9,189,508,194,498,1.37E-44,162
Q16671,P36894,31.4,328,204,7,189,513,220,529,1.07E-41,155
Q16671,Q13418,25.9,305,161,12,199,495,189,436,2.06E-14,72.8
Q16671,O43353,27.3,227,118,10,277,495,93,280,9.28E-12,64.7
Q16676,Q08050,47.6,82,39,2,125,205,236,314,1.83E-17,82.4
Q16676,Q12778,39.8,108,47,3,129,220,164,269,1.53E-15,76.3
Q16676,O43524,42.1,95,45,3,129,218,161,250,1.97E-14,72.8
Q16690,P28562,44.9,394,178,11,1,384,3,367,1.14E-93,282
Q16690,Q13115,46.3,378,167,10,19,384,41,394,6.60E-91,276
Q16690,Q16828,32.9,331,181,9,22,322,33,352,4.56E-43,151
Q16690,Q9Y6W6,27,307,194,7,24,317,173,462,1.07E-34,130
Q16690,O95147,37.8,143,89,0,175,317,23,165,2.21E-24,96.7
Q16690,Q9BV47,40.6,143,78,4,181,317,64,205,2.53E-21,88.6
Q16690,Q9NRW4,36.5,137,86,1,178,314,4,139,2.63E-21,87.8
Q16696,P11509,93.5,494,32,0,1,494,1,494,0,928
Q16696,P33261,52,485,233,0,9,493,5,489,4.67E-181,514
Q16696,P10632,51.3,485,236,0,9,493,5,489,6.61E-176,501
Q16696,P11712,50.4,486,241,0,8,493,4,489,1.08E-174,498
Q16696,P51589,41.4,483,275,2,10,485,20,501,7.18E-131,386
Q16696,P10635,38.5,480,278,7,25,494,25,497,3.15E-104,318
Q16696,P08686,26.2,474,311,15,1,460,1,449,4.06E-40,148
Q16720,Q93084,29.4,912,485,25,82,935,33,843,4.23E-81,285
Q16720,P16615,26.5,1083,607,26,69,1068,20,996,1.48E-76,272
Q16720,O14983,29.1,917,485,21,66,922,19,830,4.16E-76,270
Q16720,P54707,30.1,804,409,23,167,918,154,856,1.52E-71,257
Q16720,P05023,29.4,847,456,25,160,962,134,882,1.74E-71,256
Q16760,Q9Y6T7,36.4,330,155,4,162,446,243,562,7.20E-58,212
Q16760,P49619,40.5,301,151,6,162,446,270,558,4.78E-57,209
Q16760,P23743,38.2,309,159,8,162,448,204,502,7.57E-57,208
Q16760,Q13574,33.4,299,152,9,194,450,130,423,1.28E-38,153
Q16763,P63146,36.4,140,89,0,14,153,7,146,2.54E-32,112
Q16763,P63279,35.9,131,77,2,26,149,19,149,8.85E-24,90.5
Q16772,P08263,90.5,222,21,0,1,222,1,222,2.44E-141,391
Q16772,P09210,88.7,222,25,0,1,222,1,222,7.82E-138,382
Q16777,Q07889,32.1,84,56,1,11,94,90,172,1.23E-06,43.5
Q16798,P48163,72.7,556,152,0,48,603,13,568,3.52e-311,852
Q16799,Q9NQC3,67.4,193,63,0,584,776,1000,1192,2.56E-73,257
Q16819,Q16820,41,715,347,12,34,741,28,674,4.74E-181,531
Q16822,P35558,71.6,610,172,1,31,640,14,622,0,942
Q16825,Q15678,53.1,1215,499,27,3,1174,1,1187,0,1140
Q16825,P26045,37.5,283,155,6,887,1166,637,900,3.13E-51,193
Q16825,P29350,36.5,263,148,6,919,1172,268,520,1.31E-46,174
Q16825,P29074,36.2,279,151,8,894,1166,653,910,2.05E-46,178
Q16825,P43378,34.6,292,176,7,890,1174,298,581,5.89E-45,169
Q16825,Q06124,35.4,263,148,6,920,1170,272,524,8.75E-43,163
Q16825,Q13332,36.6,273,150,6,906,1170,1685,1942,1.55E-42,167
Q16825,P18031,35.4,260,153,5,910,1166,29,276,1.64E-42,159
Q16825,P18433,33.7,276,162,6,899,1170,536,794,1.08E-40,159
Q16825,P10586,35.9,259,148,5,915,1170,1658,1901,8.13E-40,158
Q16825,P17706,35.1,251,150,6,916,1166,37,274,9.21E-39,147
Q16825,P08575,38.3,256,139,7,916,1167,672,912,9.25E-39,154
Q16825,P23467,36.2,268,147,9,913,1173,1719,1969,3.78E-38,153
Q16825,Q12913,31.2,333,203,8,840,1172,997,1303,4.36E-37,149
Q16825,P23471,33.8,266,146,7,919,1171,1748,1996,1.06E-36,148
Q16825,P23470,35.1,262,141,8,919,1166,872,1118,1.39E-36,147
Q16825,Q99952,35.1,271,151,8,909,1171,42,295,2.48E-36,141
Q16825,P35236,34.7,248,145,7,918,1164,116,347,1.40E-35,136
Q16825,P23469,33.9,277,161,6,899,1168,429,690,8.15E-35,140
Q16825,P28827,34.5,255,146,6,915,1166,917,1153,1.10E-34,141
Q16825,Q15256,33.7,249,147,6,918,1164,412,644,4.22E-32,131
Q16825,P54829,34.3,251,144,8,918,1164,319,552,6.40E-32,129
Q16825,Q12923,28.1,313,197,10,27,316,576,883,4.33E-24,107
Q16827,P23467,46.8,329,162,5,894,1214,1662,1985,1.56E-82,295
Q16827,Q12913,45.3,309,156,7,910,1214,1016,1315,1.20E-76,275
Q16827,P10586,42.8,278,153,4,917,1192,1331,1604,4.90E-60,224
Q16827,Q13332,42.4,278,154,4,917,1192,1372,1645,2.00E-59,222
Q16827,P28827,42.2,277,153,4,918,1192,880,1151,2.91E-58,218
Q16827,P08575,39.6,280,163,3,917,1192,632,909,2.87E-57,214
Q16827,P23470,41.5,289,149,5,918,1189,828,1113,1.85E-56,212
Q16827,P35236,41.9,258,142,5,940,1194,97,349,3.31E-54,191
Q16827,P23471,39.2,293,152,6,918,1189,1699,1986,2.22E-53,202
Q16827,P18433,36.8,302,178,4,901,1192,200,498,2.53E-52,195
Q16827,P18031,38.3,261,145,7,942,1192,20,274,3.54E-49,178
Q16827,Q15256,43.2,236,125,6,958,1189,411,641,5.19E-49,183
Q16827,P17706,36.8,266,156,6,933,1192,13,272,2.55E-48,175
Q16827,P29350,40.2,266,138,8,939,1189,250,509,4.01E-48,179
Q16827,P23469,38.8,245,141,3,956,1193,445,687,7.06E-47,177
Q16827,Q9Y2R2,38.9,244,143,3,953,1192,45,286,2.55E-46,177
Q16827,P43378,38.2,249,136,5,960,1192,325,571,3.47E-45,170
Q16827,Q06124,39.8,249,131,7,962,1193,273,519,3.66E-44,167
Q16827,P54829,38.8,260,145,8,941,1194,303,554,2.58E-43,164
Q16827,P29074,39.1,258,144,5,941,1192,658,908,1.31E-42,166
Q16827,Q99952,37,246,147,4,956,1196,50,292,1.55E-42,159
Q16827,Q12923,40.5,237,126,7,962,1192,2237,2464,1.50E-40,161
Q16827,Q15678,34.4,250,148,7,956,1190,927,1175,2.62E-33,137
Q16829,Q16828,71.9,367,98,5,55,419,18,381,1.21E-188,526
Q16829,Q13115,36,333,180,9,69,397,42,345,1.35E-52,178
Q16829,Q9Y6W6,33.4,314,184,4,73,385,173,462,2.36E-52,179
Q16829,P28562,36.1,330,181,9,70,397,22,323,2.72E-52,176
Q16829,Q9NRW4,40.1,137,79,1,247,383,7,140,1.15E-23,94.7
Q16829,O95147,36.7,139,86,1,247,385,29,165,5.33E-22,90.5
Q16842,Q11201,49.7,336,155,3,15,349,17,339,2.83E-123,355
Q16849,P18433,35.8,282,175,5,693,972,517,794,7.76E-48,181
Q16849,Q13332,40.8,240,139,3,732,971,1414,1650,3.51E-46,178
Q16849,Q12913,41.1,248,126,7,734,972,1065,1301,5.88E-46,177
Q16849,P23470,35.4,285,167,6,700,970,839,1120,8.46E-46,176
Q16849,P23471,36,278,157,6,711,970,1719,1993,1.17E-45,176
Q16849,P10586,40.5,237,138,3,732,968,1373,1606,1.39E-45,176
Q16849,P28827,37.8,241,146,4,728,968,917,1153,1.04E-44,173
Q16849,Q06124,34.1,323,184,11,684,979,211,531,1.79E-44,167
Q16849,P18031,36.2,287,165,8,699,974,3,282,1.80E-44,164
Q16849,Q9Y2R2,38.3,261,140,9,719,968,38,288,7.83E-44,168
Q16849,Q99952,35.8,260,159,5,714,968,34,290,3.29E-43,161
Q16849,P17706,37.1,245,142,7,734,973,42,279,6.10E-43,159
Q16849,P23469,34.5,293,181,6,687,971,402,691,6.23E-43,164
Q16849,P29074,38.8,255,140,7,719,966,663,908,2.98E-42,164
Q16849,P29350,38,255,146,8,734,977,270,523,8.94E-42,159
Q16849,P08575,38.5,239,139,6,734,968,677,911,1.39E-39,156
Q16849,P43378,36.1,252,141,7,733,968,326,573,2.35E-38,149
Q16849,P26045,35.8,260,140,8,719,966,654,898,2.93E-38,151
Q16849,P54829,37.6,234,134,9,733,961,321,547,1.05E-35,140
Q16877,P16118,75.8,466,108,3,6,468,7,470,6.84E-263,719
Q16877,Q16875,71.3,450,124,4,4,451,2,448,1.63E-240,665
Q16877,O60825,71.8,432,121,1,21,451,20,451,4.38E-232,643
Q16880,O75795,36.9,498,292,8,33,511,34,528,1.05E-108,332
Q16880,Q9HAW7,35.9,488,287,9,6,477,11,488,1.36E-102,316
Q16880,O60656,35.5,485,293,8,6,477,11,488,2.96E-101,313
Q16880,Q9HAW8,35.2,489,295,9,3,477,8,488,2.31E-100,310
Q16880,P16662,34.2,488,300,6,33,502,34,518,2.97E-97,302
Q16880,P19224,34.3,484,296,9,7,477,16,490,3.85E-95,297
Q16880,P22309,34.1,472,296,6,17,477,24,491,2.81E-91,287
Q17R89,P11274,36.9,149,92,1,267,413,1066,1214,1.27E-19,91.7
Q1EHB4,Q8WWX8,26.9,487,312,12,10,462,28,504,3.49E-31,126
Q29980,P04439,31.3,294,182,8,23,308,24,305,9.20E-40,142
Q29983,P04439,31.6,291,181,9,6,288,9,289,1.28E-39,142
Q2M1P5,Q7Z4S6,46.6,373,171,3,12,356,6,378,1.70E-88,314
Q2M1P5,O15066,42.6,352,183,6,16,359,10,350,1.14E-69,247
Q2M1P5,Q9Y496,41,356,183,9,16,359,15,355,1.17E-66,237
Q2M1P5,O60282,40.4,349,183,8,13,356,6,334,7.55E-61,224
Q2M1P5,Q12840,39.7,368,189,10,13,368,7,353,7.32E-60,221
Q2M1P5,Q02224,40.6,347,193,6,11,356,2,336,1.09E-57,217
Q2M1P5,P33176,39.3,349,185,9,13,356,6,332,1.34E-57,214
Q2M1P5,P52732,39.6,359,188,9,16,356,19,366,1.37E-57,214
Q2M1P5,Q15058,38.4,367,191,7,12,356,355,708,5.44E-53,201
Q2M1P5,Q9NS87,39.3,359,199,9,9,356,20,370,7.35E-53,201
Q2M1P5,O60333,36,372,205,7,14,361,4,366,4.09E-52,199
Q2M1P5,Q9BW19,34.7,366,186,14,16,345,311,659,8.91E-37,146
Q2M1P5,Q96Q89,34.7,216,127,4,141,349,271,479,1.11E-25,112
Q2M1Z3,P52757,32.5,200,127,4,19,216,275,468,1.36E-28,118
Q2M3G0,P08183,54.9,1261,548,6,14,1255,17,1275,0,1353
Q2M3G0,O95342,46.6,1275,630,7,31,1255,45,1318,0,1085
Q2M3G0,O15438,22.7,922,589,24,404,1248,644,1518,1.01E-43,171
Q2M3G0,O60706,32.6,261,154,4,380,622,1291,1547,2.36E-30,127
Q2M3M2,P31639,53.6,673,291,6,21,681,9,672,2.86E-251,707
Q2M3M2,P13866,54.7,653,278,5,34,681,25,664,1.42E-249,702
Q2M3M2,Q8WWX8,51,657,311,3,32,681,23,675,4.68E-233,660
Q2M3M2,Q9NY91,51.5,654,292,5,34,681,25,659,2.18E-232,658
Q2M3T9,Q12794,42.5,409,232,3,39,446,23,429,8.85E-117,347
Q2MKA7,Q92824,33.6,116,60,6,38,147,1181,1285,1.11E-11,62
Q2NKX8,Q92698,32,566,327,15,92,638,149,675,2.59E-67,239
Q2NKX8,P51532,33.3,516,286,17,96,601,754,1221,3.65E-57,214
Q2NKX8,P51531,30.6,526,295,13,92,601,720,1191,2.61E-54,205
Q2NKX8,Q14839,29,569,305,16,96,633,726,1226,1.56E-50,193
Q2Q1W2,O15164,29.2,178,107,2,188,365,152,310,2.93E-19,90.5
Q2TB90,P19367,71.4,911,260,1,1,910,1,911,0,1332
Q2TB90,P52789,67.8,914,293,1,1,913,1,914,0,1289
Q2TB90,P35557,52.9,446,207,1,465,907,11,456,5.42E-166,489
Q2UY09,P56199,27.4,215,132,9,777,977,156,360,1.65E-15,79
Q2UY09,P05067,37.3,51,32,0,1072,1122,291,341,1.14E-07,53.1
Q2VIQ3,Q7Z4S6,46.3,458,205,8,10,431,10,462,9.00E-99,344
Q2VIQ3,Q9Y496,47.4,363,175,8,10,362,15,371,2.81E-79,273
Q2VIQ3,O15066,44.3,366,188,6,10,365,10,369,2.60E-76,266
Q2VIQ3,O60333,41.9,389,192,9,5,365,1,383,2.83E-72,263
Q2VIQ3,Q9NS87,44.8,382,194,9,6,374,23,400,6.32E-71,258
Q2VIQ3,P52732,41.9,382,194,8,2,358,11,389,4.79E-70,253
Q2VIQ3,Q02224,41.8,368,190,7,10,363,7,364,5.59E-68,249
Q2VIQ3,P33176,43,337,180,7,10,345,9,334,5.40E-67,242
Q2VIQ3,Q15058,41.3,383,193,9,4,362,353,727,4.05E-66,243
Q2VIQ3,O60282,44.7,338,175,7,10,345,9,336,5.28E-66,239
Q2VIQ3,Q12840,43.6,349,180,8,1,345,1,336,7.70E-66,239
Q2VIQ3,Q9BW19,40,305,159,9,45,335,368,662,1.38E-42,164
Q2VIQ3,O95235,36.7,218,130,3,130,340,295,511,1.35E-25,111
Q30154,P01911,88.7,266,30,0,1,266,1,266,1.86E-176,484
Q30154,P79483,86.8,266,35,0,1,266,1,266,1.15E-170,469
Q30201,P04439,36.4,346,209,9,7,345,6,347,8.59E-64,204
Q32M45,Q5XXA6,41.3,923,431,13,102,937,45,943,3.60E-220,649
Q32M45,Q9NQ90,41.2,910,433,17,99,936,79,958,4.25E-220,649
Q38SD2,P80192,31.6,288,150,10,1247,1520,149,403,1.99E-23,105
Q38SD2,Q5TCX8,31.9,298,151,11,1247,1520,129,398,2.48E-23,105
Q38SD2,Q02779,32,309,161,13,1228,1521,84,358,9.01E-23,103
Q38SD2,Q16584,30.2,288,156,11,1247,1521,122,377,4.77E-21,97.8
Q38SD2,Q9NYL2,28.4,243,156,8,1297,1533,43,273,1.82E-18,89.4
Q38SD2,O43318,26.2,305,179,12,1224,1520,18,284,8.83E-18,86.7
Q38SD2,Q12852,28.1,278,133,10,1248,1511,131,355,1.97E-16,82.8
Q38SD2,P15056,27.9,294,157,12,1245,1521,460,715,9.25E-16,80.5
Q38SD2,P43403,28.5,305,166,13,1230,1521,329,594,1.70E-15,79.3
Q38SD2,O43283,27.3,282,130,11,1248,1511,174,398,4.19E-15,78.6
Q38SD2,P17252,38.4,125,59,4,1367,1478,444,563,1.27E-14,76.6
Q38SD2,Q96S53,30.5,174,107,5,1292,1459,86,251,3.18E-14,75.1
Q38SD2,Q15569,31.9,163,93,5,1306,1459,99,252,4.65E-14,74.7
Q38SD2,P53667,32.4,173,89,6,1304,1458,381,543,1.89E-13,72.8
Q38SD2,O14965,29.8,178,112,4,1303,1478,177,343,6.57E-13,70.1
Q38SD2,P04049,27.9,247,157,9,1286,1521,371,607,1.28E-12,70.1
Q38SD2,P31751,30.9,165,91,7,1307,1463,200,349,2.78E-12,68.6
Q38SD2,Q15418,36.9,122,67,5,1369,1488,170,283,5.48E-12,68.2
Q38SD2,P51812,36.1,122,68,5,1369,1488,176,289,2.82E-11,65.9
Q38SD2,Q96BR1,38.4,99,54,2,1367,1463,267,360,3.50E-11,65.1
Q38SD2,Q9UK32,34.4,122,70,4,1369,1488,181,294,3.71E-11,65.5
Q38SD2,P10398,25.7,284,170,12,1248,1521,316,568,1.27E-10,63.5
Q38SD2,Q04912,24,288,174,9,1247,1521,1087,1342,1.81E-10,63.5
Q38SD2,Q15349,32.8,122,72,4,1369,1488,167,280,2.47E-10,62.8
Q38SD2,O75582,30.9,123,74,3,1366,1479,524,644,4.45E-10,62
Q3KNS1,O15118,25.9,711,414,22,326,951,570,1252,3.39E-41,161
Q3KNS1,Q9UHC9,31.6,187,124,4,769,951,1107,1293,5.21E-17,83.6
Q3KNW5,Q12908,48.3,319,157,2,30,348,30,340,9.28E-108,317
Q3KNW5,Q14973,38.4,294,162,7,31,313,24,309,4.41E-61,197
Q3KRB8,P11274,29.3,191,121,7,46,228,1051,1235,2.02E-11,61.2
Q3L8U1,Q14839,38.5,863,401,23,715,1476,542,1375,2.90E-145,500
Q3L8U1,P51531,41.5,499,246,11,860,1333,724,1201,2.67E-98,350
Q3L8U1,P51532,40.5,538,269,13,860,1375,754,1262,1.46E-96,345
Q3MJ16,P0C869,43.4,804,405,10,69,860,11,776,1.75E-218,634
Q3MJ16,P47712,32.2,597,355,17,317,866,133,726,6.83E-86,287
Q3MJ16,P05771,27.3,154,91,5,69,201,172,325,8.17E-06,46.6
Q3SXM5,P37058,38.7,253,148,4,63,314,44,290,5.32E-47,158
Q3SXM5,P15428,25.1,199,126,6,67,255,5,190,7.25E-08,50.1
Q3SXY8,P84077,35.1,168,98,4,20,186,16,173,1.70E-24,97.1
Q3SXZ7,Q8NG68,30.6,206,110,7,161,345,144,337,8.74E-20,87.8
Q3SY56,Q13118,64.5,31,11,0,254,284,369,399,1.25E-07,50.4
Q3SY69,O94788,49.9,477,232,3,446,921,41,511,4.99E-156,466
Q3SY69,P00352,49.5,485,237,4,439,921,16,494,6.23E-155,462
Q3SY69,P30837,49.3,483,237,4,441,921,34,510,4.18E-154,461
Q3SY69,P47895,49.1,477,236,3,446,921,35,505,9.93E-154,460
Q3SY69,P05091,48.9,479,238,3,444,921,38,510,3.99E-151,453
Q3SY69,P51649,35.1,478,295,9,446,919,64,530,1.06E-79,266
Q3SY69,P30838,26.5,437,304,9,479,913,1,422,2.77E-36,140
Q3SYB3,Q08050,41.6,101,54,3,89,188,218,314,3.87E-17,80.9
Q3ZCM7,P07437,89.9,435,44,0,1,435,1,435,1.36E-302,818
Q3ZCM7,Q13509,87.8,433,53,0,1,433,1,433,6.45E-291,788
Q3ZCM7,Q9H4B7,77.8,441,98,0,1,441,1,441,9.09E-259,707
Q495M3,Q7Z2H8,75.2,439,109,0,41,479,34,472,2.38E-216,602
Q495T6,P08473,54.9,696,309,2,88,779,56,750,1.26E-292,819
Q495T6,P42892,39.7,707,397,8,78,779,88,770,1.19E-188,554
Q495T6,P0DPD6,40.8,693,387,9,89,779,140,811,5.17E-180,533
Q495W5,Q6P4F1,42.9,413,216,9,71,479,77,473,5.62E-109,329
Q496M5,Q9H4B4,33.7,403,187,12,1,334,250,641,1.43E-45,161
Q496M5,Q9NYY3,33.6,253,137,6,1,222,270,522,9.27E-30,117
Q496M5,P53350,32.7,223,115,4,1,222,241,429,4.22E-22,94.4
Q49A17,Q86SR1,70.7,611,154,3,1,596,1,601,0,931
Q49A17,Q10472,39.7,529,285,12,73,589,49,555,7.55E-128,384
Q49A17,Q8IUC8,40.3,524,277,13,81,591,54,554,8.57E-126,379
Q49A17,Q96FL9,38.5,499,269,12,100,582,71,547,1.38E-109,337
Q49A17,Q14435,37.2,522,290,14,85,583,122,628,1.68E-105,329
Q49A17,Q8NCL4,38.8,505,272,16,100,584,134,621,6.88E-105,327
Q49A17,Q10471,35.8,556,290,17,65,584,41,565,9.49E-105,325
Q4G0S4,O15528,41.8,467,257,6,83,541,49,508,8.58E-127,378
Q4G0S4,Q02318,37.3,456,274,6,94,542,80,530,1.35E-116,352
Q4G0S4,Q07973,32.6,463,292,6,82,541,69,514,8.39E-84,267
Q4G0S4,P19099,30.8,451,300,6,83,531,52,492,2.64E-62,210
Q4G0S4,P15538,30.3,436,293,5,83,516,52,478,7.53E-59,201
Q4G0S4,P20815,29.5,455,279,13,104,541,66,495,6.93E-40,149
Q4G0S4,P08684,28.3,449,293,10,104,541,66,496,3.38E-39,147
Q4G0S4,P11511,28.5,246,151,7,286,513,224,462,1.94E-21,94.7
Q4G0S4,O43174,28.5,214,143,5,333,540,283,492,5.86E-19,87
Q4G0S4,Q9NR63,22,431,287,13,98,513,72,468,5.12E-14,71.6
Q4G176,O95573,23.1,516,292,21,59,502,128,610,2.61E-11,63.5
Q4JDL3,Q12923,48.8,240,122,1,178,416,2232,2471,2.29E-70,238
Q4JDL3,Q13332,41.4,266,135,7,164,413,1680,1940,1.25E-52,187
Q4JDL3,P26045,40.5,237,133,4,181,412,668,901,2.33E-52,185
Q4JDL3,P29074,34,300,193,3,117,412,613,911,7.34E-51,181
Q4JDL3,P23471,39.4,254,133,5,177,413,1744,1993,6.36E-49,176
Q4JDL3,P10586,39.8,249,135,6,175,413,1656,1899,1.12E-48,175
Q4JDL3,Q15678,35.9,290,158,5,148,414,898,1182,2.42E-48,174
Q4JDL3,P23467,41.4,244,130,5,181,414,1725,1965,2.82E-48,174
Q4JDL3,P17706,36.7,237,142,4,181,411,40,274,1.89E-47,165
Q4JDL3,P28827,33.6,324,192,8,98,411,843,1153,2.17E-47,171
Q4JDL3,Q12913,37.8,262,151,5,161,414,1043,1300,2.86E-47,171
Q4JDL3,Q99952,41.3,247,129,7,177,412,50,291,3.32E-47,165
Q4JDL3,P43378,35.7,277,156,3,159,415,303,577,5.30E-47,167
Q4JDL3,P23470,37.3,255,136,5,179,413,870,1120,3.30E-46,168
Q4JDL3,Q05209,36.8,253,146,5,177,419,52,300,9.76E-46,166
Q4JDL3,P18031,36.5,241,141,5,181,411,38,276,1.08E-45,160
Q4JDL3,Q06124,35.8,274,125,7,178,416,268,525,1.33E-45,163
Q4JDL3,P35236,38.3,235,129,6,181,406,117,344,4.43E-45,157
Q4JDL3,P29350,37.6,287,147,14,152,413,237,516,6.39E-44,159
Q4JDL3,P08575,32.1,308,193,6,112,411,612,911,1.82E-43,160
Q4JDL3,Q9Y2R2,37,246,141,5,180,415,51,292,3.32E-42,155
Q4JDL3,P18433,34.7,262,156,5,161,411,243,500,1.28E-40,151
Q4JDL3,P23469,35.6,261,154,5,161,411,137,393,3.98E-40,149
Q4JDL3,Q15256,39.8,236,125,7,181,406,413,641,3.69E-39,146
Q4JDL3,P54829,35.7,235,133,5,186,409,325,552,2.38E-36,137
Q4KMG0,P17948,26.4,235,152,5,83,305,521,746,6.13E-13,70.9
Q4KMQ2,Q5XXA6,38.4,914,434,22,60,877,53,933,3.10E-180,544
Q4KMQ2,Q9NQ90,37.2,895,465,17,60,884,90,957,1.78E-172,525
Q4KWH8,P51178,36.8,462,276,8,19,472,19,472,7.83E-82,284
Q4KWH8,P19174,35.8,419,226,13,56,446,63,466,1.20E-61,229
Q4KWH8,P16885,34.4,422,228,11,56,446,55,458,1.93E-61,229
Q4LDE5,P08603,26,1305,765,80,2141,3345,16,1219,1.97E-85,306
Q4LDE5,P16109,27.4,599,382,19,1755,2311,168,755,8.41E-70,251
Q4LDE5,P16581,27.9,387,242,11,2715,3070,178,558,1.80E-50,188
Q52LW3,P52757,29.5,302,166,7,604,886,195,468,1.13E-28,118
Q53G59,Q14145,33.2,367,221,7,15,369,59,413,4.88E-52,185
Q53GQ0,P37058,43.6,273,149,3,19,290,18,286,2.14E-65,205
Q53GS9,O75604,24.6,349,221,12,223,549,265,593,7.00E-20,90.5
Q53GS9,Q9Y2K6,25.7,249,157,9,105,334,8,247,1.11E-10,61.6
Q53H76,P11150,33.4,440,240,16,15,415,12,437,1.10E-52,182
Q53H96,P32322,46.4,267,136,3,11,271,3,268,3.13E-68,211
Q53QZ3,P52757,33.2,196,129,2,277,470,273,468,1.52E-33,129
Q53QZ3,P11274,37.6,194,115,3,257,448,1032,1221,1.86E-30,122
Q58EX2,P10586,26.1,1099,683,39,217,1259,36,1061,1.45E-66,248
Q58EX2,P02751,21.4,1366,820,57,647,1911,772,1985,1.22E-24,110
Q58EX2,Q15746,22.9,406,275,12,115,492,416,811,1.75E-16,83.6
Q58EX2,Q15375,28.6,210,127,8,1609,1805,320,519,3.08E-10,62.8
Q5EG05,P29466,78.4,148,11,1,1,127,1,148,9.23E-70,215
Q5F1R6,P31689,47.2,89,43,1,4,92,7,91,4.42E-15,74.3
Q5FVE4,Q9ULC5,24.7,639,420,24,52,665,76,678,3.69E-40,154
Q5FVE4,P33121,25.2,644,411,24,52,665,91,693,1.43E-38,149
Q5FVE4,Q9UKU0,24,649,422,25,47,665,86,693,3.91E-34,135
Q5FYB1,P08842,39.2,143,74,6,47,176,27,169,1.28E-21,95.9
Q5GLZ8,P46934,30.5,354,228,7,714,1054,967,1315,1.39E-42,166
Q5GLZ8,Q86SG6,35.4,223,128,5,120,328,426,646,1.47E-24,107
Q5H9I0,Q14188,53.1,356,142,5,2,335,3,355,2.05E-111,331
Q5HYK7,P15498,41.6,77,41,3,556,631,768,841,5.08E-07,50.4
Q5JS13,Q8IV61,28.3,265,162,7,42,297,146,391,4.67E-16,78.6
Q5JSP0,P98174,47.4,736,304,15,11,706,232,924,1.04E-203,597
Q5JT25,P20340,69.1,188,57,1,29,215,11,198,2.87E-88,256
Q5JT25,P51159,33.7,175,99,3,33,193,11,182,1.16E-26,99.8
Q5JT25,P62834,32.9,155,101,3,33,185,5,158,2.86E-19,79.3
Q5JTZ9,P49588,45.2,973,483,20,39,981,7,959,7.50E-265,764
Q5JU85,Q99418,38.8,196,114,3,751,946,59,248,4.56E-40,151
Q5JU85,O43739,39.9,188,107,3,759,946,72,253,2.30E-38,146
Q5JZY3,Q15375,53.9,985,429,9,33,1008,30,998,0,1066
Q5JZY3,P54756,47.1,1022,491,17,5,999,33,1031,0,915
Q5JZY3,P29320,47.7,974,481,13,30,997,24,975,0,912
Q5JZY3,P54764,46,1019,501,15,5,1008,2,986,8.06e-311,883
Q5JZY3,Q9UF33,43.5,1058,520,17,6,1008,2,1036,1.36E-300,859
Q5JZY3,P29322,45.7,994,491,13,35,1003,31,1000,1.38E-300,858
Q5JZY3,P54762,43.6,980,523,15,33,1000,17,978,1.18E-282,811
Q5JZY3,P29323,42.7,989,544,14,22,1002,9,982,2.20E-276,798
Q5JZY3,P54753,42.8,975,532,12,33,1000,37,992,2.61E-268,775
Q5JZY3,P29317,42.2,992,529,18,20,998,9,969,7.58E-259,750
Q5JZY3,P54760,40.8,1003,545,17,10,997,3,971,4.93E-245,715
Q5JZY3,P21709,41.2,990,537,23,23,995,14,975,2.16E-234,687
Q5JZY3,O15197,38.8,1017,541,19,33,1000,31,1015,1.41E-222,658
Q5JZY3,Q05397,39.6,268,161,1,639,906,416,682,2.80E-55,206
Q5JZY3,P08631,38.3,266,154,6,637,900,254,511,2.04E-51,187
Q5JZY3,Q16620,36.4,286,164,7,636,905,529,812,3.07E-51,191
Q5JZY3,P04629,37.3,284,156,6,643,907,508,788,4.49E-50,187
Q5JZY3,P07948,38,266,156,5,637,900,239,497,1.98E-49,181
Q5JZY3,P07332,39.5,266,155,3,640,903,556,817,2.36E-49,186
Q5JZY3,P06241,37.7,273,160,7,639,909,265,529,1.04E-48,179
Q5JZY3,P51451,38.5,265,151,7,639,900,235,490,1.94E-48,177
Q5JZY3,P42679,38.2,267,151,4,640,905,230,483,3.68E-48,177
Q5JZY3,P42681,33,267,173,2,639,905,265,525,9.67E-48,176
Q5JZY3,P06213,38.5,275,155,5,639,900,1017,1290,1.42E-47,182
Q5JZY3,P09769,36,292,174,5,619,909,242,521,3.33E-47,174
Q5K4E3,Q9NRR2,46.4,267,121,10,38,296,26,278,1.01E-61,209
Q5K4E3,Q8IU80,43.5,255,132,4,37,290,567,810,5.20E-57,207
Q5K4E3,Q9Y5Y6,43.8,249,125,6,45,288,613,851,5.27E-55,202
Q5K4E3,Q15661,42.6,251,127,6,47,290,31,271,5.01E-52,180
Q5K4E3,P20231,42.2,251,128,6,47,290,31,271,4.58E-51,177
Q5K4E3,O60235,40.4,245,130,6,46,289,186,415,1.19E-46,169
Q5K4E3,O15393,38.6,246,140,5,45,290,254,488,1.76E-45,168
Q5K4E3,P10323,34.3,303,164,10,6,290,4,289,2.75E-45,166
Q5K4E3,P00747,38.1,257,135,7,36,286,565,803,1.98E-41,160
Q5K4E3,P00748,43.5,255,123,8,46,291,372,614,3.42E-41,157
Q5K4E3,Q9NRS4,34.7,251,149,5,36,286,194,429,4.85E-41,154
Q5K4E3,P00746,39.8,251,129,7,38,286,18,248,1.53E-39,144
Q5K4E3,Q04756,37.6,250,140,7,46,290,407,645,1.75E-37,147
Q5K4E3,P00740,34.7,248,142,5,46,289,226,457,2.37E-34,134
Q5K4E3,Q9UKR3,35.2,273,144,9,44,311,33,277,1.55E-33,127
Q5K4E3,Q99895,35.4,257,145,8,41,290,24,266,1.69E-33,127
Q5K4E3,Q92876,34.6,246,135,7,46,290,21,241,7.94E-33,124
Q5K4E3,P20151,35.7,258,131,7,45,290,23,257,8.94E-33,125
Q5K4E3,P07288,34.5,261,136,7,45,293,23,260,8.94E-33,125
Q5K4E3,Q9P0G3,34.1,273,143,10,20,288,23,262,6.50E-32,122
Q5K4E3,P49863,33.3,249,146,9,47,291,27,259,6.98E-31,119
Q5K4E3,P24158,36.7,248,125,8,44,287,25,244,1.96E-30,118
Q5K4E3,P14210,34.5,235,131,7,60,291,507,721,3.58E-25,108
Q5K4E3,P00742,27.9,276,173,6,21,286,203,462,2.65E-24,104
Q5K4E3,P08246,33.2,259,136,10,44,297,27,253,2.60E-23,97.8
Q5K4L6,O14975,47.1,520,275,0,164,683,101,620,1.33E-173,507
Q5K4L6,Q6PCB7,44.2,527,272,8,165,679,126,642,6.18E-136,411
Q5K4L6,Q6P1M0,44.1,531,270,8,164,680,123,640,5.98E-132,400
Q5KSL6,P23743,37.5,317,172,8,326,627,204,509,5.69E-52,193
Q5KSL6,Q9Y6T7,30.9,363,192,7,297,616,216,562,6.73E-49,185
Q5KSL6,P49619,35.4,308,171,8,326,620,270,562,1.39E-46,177
Q5KSL6,Q13574,23.2,637,235,11,430,1033,207,622,2.02E-39,156
Q5KU26,P16581,28.1,121,72,5,619,730,24,138,2.01E-08,54.7
Q5M775,P46939,30.6,98,66,2,968,1064,156,252,5.42E-09,57.8
Q5ST30,P26640,51.6,992,456,11,81,1052,277,1264,0,978
Q5ST30,Q9NSE4,24,793,478,20,145,869,115,850,1.70E-47,181
Q5SVS4,Q9BQT8,29,286,184,10,7,284,15,289,5.24E-25,99
Q5SYC1,P49638,38.3,201,122,1,51,251,49,247,1.95E-39,137
Q5SZQ8,P09651,45,60,32,1,95,153,14,73,5.00E-09,55.1
Q5T160,P54136,31.9,480,290,11,125,578,192,660,1.41E-57,201
Q5T1M5,P26885,38.3,94,53,2,197,290,49,137,9.15E-11,58.5
Q5T1M5,P68106,35.6,90,53,3,197,286,20,104,8.38E-07,46.2
Q5T1V6,Q86XP3,33.6,432,270,5,156,577,206,630,1.60E-67,234
Q5T1V6,O00571,35.2,406,238,7,202,585,179,581,8.90E-67,228
Q5T1V6,P38919,33.2,358,232,4,205,560,40,392,2.07E-61,207
Q5T1V6,Q14240,30.7,375,251,6,202,572,31,400,2.73E-57,196
Q5T1V6,P60842,31.1,363,241,6,202,560,30,387,9.95E-57,194
Q5T1V6,P26196,31.8,381,252,4,204,580,97,473,3.03E-56,195
Q5T1V6,Q92499,45.3,53,28,1,210,262,10,61,3.13E-06,47.4
Q5T2T1,O14936,32.6,602,310,12,31,575,364,926,2.88E-93,303
Q5T2W1,O14745,35.2,290,136,4,133,373,12,298,1.40E-41,150
Q5T2W1,O60307,43.4,76,35,1,17,84,957,1032,1.13E-08,55.1
Q5T3U5,O15438,35.1,1267,690,19,275,1466,301,1510,1.29E-212,663
Q5T3U5,P33527,33.6,1266,727,17,264,1469,306,1517,3.40E-206,646
Q5T3U5,Q92887,32.8,1267,740,16,273,1474,310,1529,1.45E-200,631
Q5T3U5,O15440,31.9,1365,783,24,225,1485,111,1433,6.77E-184,584
Q5T3U5,O60706,30.3,1315,759,23,273,1481,285,1548,9.11E-171,551
Q5T3U5,Q09428,30.1,1267,744,18,312,1474,344,1573,1.94E-164,535
Q5T3U5,P13569,24.9,626,421,12,226,811,17,633,1.01E-49,191
Q5T442,P17302,32.4,376,180,6,6,363,4,323,1.65E-52,178
Q5T442,P29033,31.4,287,122,5,4,289,1,213,1.24E-43,150
Q5T4F7,Q8N474,58.6,302,116,6,8,303,8,306,1.52E-120,346
Q5T5U3,P52757,39,182,111,0,1158,1339,287,468,4.00E-32,129
Q5T6X5,P41180,33.9,878,522,19,10,845,7,868,4.44E-148,463
Q5T6X5,Q14832,27.6,851,522,27,34,844,37,833,5.70E-80,275
Q5T6X5,Q14416,27.7,839,547,25,31,847,27,827,2.89E-74,259
Q5T6X5,P41594,27.6,855,554,30,22,849,21,837,3.21E-68,245
Q5T6X5,Q13255,26.6,852,553,28,30,849,39,850,3.83E-63,229
Q5T6X5,O15303,26.4,864,537,31,34,846,37,852,1.14E-58,214
Q5T7B8,Q99661,54.3,337,141,5,220,546,255,588,5.15E-99,331
Q5T7B8,O60333,32.2,351,210,7,224,547,6,355,1.94E-39,157
Q5T7B8,Q7Z4S6,34.3,329,162,8,274,550,49,375,1.42E-37,151
Q5T890,Q92698,29.1,604,345,14,98,676,111,656,1.73E-64,232
Q5T890,P51532,31.3,553,309,13,114,659,733,1221,5.67E-59,221
Q5T890,P51531,29.9,599,345,14,72,659,657,1191,7.04E-59,221
Q5T890,Q14839,27.2,596,309,12,134,697,726,1228,4.18E-55,209
Q5TCH4,Q86W10,52.2,483,227,3,24,504,19,499,7.16E-173,494
Q5TCH4,P78329,45.1,503,253,11,27,509,20,519,8.09E-133,393
Q5TCH4,P20815,27.1,436,254,15,90,491,71,476,3.89E-35,135
Q5TCH4,O43174,28.5,354,223,12,127,469,120,454,3.52E-25,105
Q5TCH4,Q16850,29.3,198,132,5,290,481,286,481,2.08E-15,75.9
Q5VST9,Q15746,34.6,298,193,2,6462,6757,1458,1755,3.53E-50,196
Q5VST9,Q32MK0,36.1,305,186,5,6468,6764,513,816,1.16E-45,178
Q5VST9,Q9H1R3,34.5,290,181,5,6471,6753,288,575,6.68E-44,169
Q5VST9,Q9UEE5,37.1,259,156,4,6473,6724,66,324,1.90E-43,164
Q5VST9,Q86YV6,35.2,261,165,3,6464,6720,100,360,4.74E-43,162
Q5VST9,O94768,37.2,266,157,6,6464,6720,28,292,3.67E-42,159
Q5VST9,Q96NX5,29.1,337,212,7,6462,6780,20,347,1.08E-37,148
Q5VST9,Q9NRP7,33.9,257,159,5,6468,6720,4,253,1.03E-31,135
Q5VST9,P51956,32.2,255,163,7,6468,6717,4,253,8.46E-27,116
Q5VST9,O00444,32.4,259,159,6,6474,6724,18,268,1.11E-26,118
Q5VST9,Q9NYY3,31,255,165,5,6474,6723,88,336,2.97E-26,116
Q5VST9,Q86SG6,26.2,263,185,4,6468,6725,4,262,3.38E-24,109
Q5VST9,Q9Y243,27.8,266,181,4,6449,6709,129,388,1.16E-23,106
Q5VST9,Q6P3R8,27.2,265,183,6,6468,6726,4,264,4.25E-23,106
Q5VST9,Q9BYT3,29.1,282,181,6,7672,7937,116,394,4.99E-23,104
Q5VST9,Q96PY6,27.5,258,176,6,6472,6723,8,260,1.37E-22,105
Q5VST9,P57059,25.5,290,203,5,7650,7931,5,289,1.34E-21,101
Q5VST9,Q15831,30.8,286,173,9,6461,6730,42,318,1.74E-21,99
Q5VST9,P31751,28.6,259,169,6,6474,6722,158,410,3.66E-21,98.6
Q5VST9,P31749,27,259,176,6,6457,6709,140,391,1.43E-18,90.5
Q5VST9,Q9UL54,27.5,265,170,8,6473,6726,33,286,5.00E-18,90.5
Q5VST9,Q05655,25.9,255,176,6,6474,6721,355,603,2.07E-17,87.8
Q5VST9,P33981,24.8,298,196,9,6468,6744,525,815,3.47E-17,87.4
Q5VST9,Q7L7X3,26.4,265,173,8,6473,6726,33,286,6.64E-17,86.7
Q5VST9,Q9H2K8,26.8,265,172,8,6473,6726,29,282,8.10E-17,86.3
Q5VTT5,Q15746,25.1,339,226,11,268,591,1095,1420,4.97E-10,61.6
Q5VUG0,Q9UHJ3,53.4,879,386,8,26,894,2,866,9.84E-301,848
Q5VUG0,Q9Y468,30,430,252,16,143,554,265,663,1.22E-36,145
Q5VUG0,Q96JM7,35.3,119,67,5,363,477,220,332,4.10E-11,63.9
Q5VV41,Q92888,23.8,286,206,7,268,543,400,683,2.37E-11,64.3
Q5VVY1,Q9BV86,50.9,222,108,1,57,277,1,222,2.23E-82,244
Q5VXI9,P38571,54.4,388,177,0,10,397,11,398,1.43E-157,447
Q5VYJ5,O14786,29.2,154,95,8,1313,1462,660,803,2.96E-10,62.8
Q5XLA6,P29466,80.9,110,21,0,1,110,1,110,2.70E-53,169
Q5XPI4,Q92736,30.8,130,84,2,125,250,1091,1218,8.01E-17,84
Q66K74,P46821,48,488,213,6,17,466,39,523,4.26E-127,426
Q66K79,P15169,50.8,380,177,5,183,558,21,394,1.20E-127,382
Q66K79,P14384,39.5,390,204,8,185,570,20,381,1.58E-81,262
Q68CZ1,P51957,72.3,47,13,0,1098,1144,456,502,1.81E-11,65.9
Q68CZ1,Q92918,69.4,36,11,0,1103,1138,797,832,1.25E-06,50.1
Q68DD2,P0C869,41.8,803,427,11,46,844,12,778,1.27E-198,583
Q68DD2,P47712,32,656,376,16,232,834,74,712,1.34E-90,300
Q68DD2,Q9UP65,31.6,484,271,12,320,767,12,471,2.96E-53,191
Q68DX3,Q12923,30,1643,677,31,15,1200,3,1629,1.16E-175,574
Q68DX3,Q15678,27.6,326,203,10,326,640,1,304,6.64E-24,106
Q68EM7,P11274,33.5,161,105,1,250,408,1052,1212,2.15E-20,94.4
Q68G74,P53667,37.2,113,66,3,74,185,24,132,4.51E-16,76.6
Q68J44,Q9BV47,54.3,164,73,1,39,202,46,207,2.30E-55,173
Q68J44,Q9Y6W6,32.4,148,91,4,55,200,322,462,3.47E-13,65.1
Q695T7,Q9H2J7,44,593,297,7,27,598,56,634,8.37E-173,507
Q695T7,Q9Y345,36.2,649,297,11,4,605,159,737,3.38E-127,391
Q695T7,P48067,35.2,623,301,10,22,615,90,638,7.21E-126,385
Q695T7,P30531,36.8,524,271,6,32,548,44,514,2.04E-122,373
Q695T7,Q99884,33.9,602,310,9,24,607,29,560,3.27E-121,371
Q695T7,P48065,35.4,602,308,8,21,607,25,560,3.82E-120,367
Q695T7,P31641,35,580,290,9,23,581,28,541,4.66E-116,357
Q695T7,Q9NSD5,34,600,314,7,21,605,21,553,7.84E-116,356
Q695T7,P31645,33.2,620,324,12,6,606,50,598,8.67E-116,357
Q695T7,P48066,32.6,617,334,6,32,632,50,600,5.06E-115,355
Q695T7,Q01959,35.2,603,302,10,28,614,56,585,7.18E-115,354
Q695T7,P23975,35.1,601,294,10,28,606,52,578,1.56E-112,348
Q695T7,Q9UN76,32.9,648,318,10,25,627,29,604,2.20E-112,348
Q6AI14,Q9UBY0,65.1,610,209,2,54,662,65,671,1.40E-279,789
Q6AI14,P19634,49.4,591,284,5,53,632,85,671,4.57E-175,521
Q6AI14,P48764,45.2,511,275,4,56,562,41,550,5.04E-139,429
Q6AI14,Q14940,44.2,534,288,7,52,577,29,560,1.03E-136,424
Q6AWC2,P46934,62.5,32,12,0,11,42,893,924,8.25E-08,53.9
Q6AWC2,Q5TCQ9,44.9,49,26,1,11,59,294,341,9.60E-07,50.4
Q6AZZ1,O00481,52,177,80,2,303,479,340,511,5.10E-49,173
Q6B8I1,Q9BV47,58.9,168,66,2,17,183,41,206,3.46E-64,194
Q6B8I1,P51452,44.6,175,88,4,20,186,8,181,4.33E-41,134
Q6B8I1,O95147,39.2,148,82,3,38,184,27,167,1.07E-21,85.1
Q6B8I1,P28562,34.7,190,104,7,5,182,131,312,1.17E-20,85.1
Q6B8I1,Q13115,35.8,176,98,5,15,182,166,334,9.38E-20,82.8
Q6B8I1,Q9NRW4,36,139,80,4,38,175,5,135,2.73E-17,73.2
Q6B8I1,Q9Y6W6,34,144,87,4,41,182,325,462,1.29E-15,71.2
Q6B8I1,Q9H1R2,32.4,136,83,4,41,175,5,132,2.21E-14,67
Q6B8I1,Q76I76,31.4,137,86,3,40,175,310,439,2.84E-13,64.7
Q6BAA4,P12314,40.3,290,156,6,1,285,1,278,6.01E-56,186
Q6BAA4,P12318,35.4,195,111,4,3,191,21,206,2.04E-33,125
Q6DKI2,O00182,94.1,356,20,1,1,356,1,355,9.01E-254,687
Q6DKI2,P56470,38.1,352,173,10,9,355,11,322,1.22E-64,205
Q6DKI2,P17931,41.7,139,74,3,219,352,107,243,1.39E-28,108
Q6DKI2,P09382,26.3,99,70,1,52,147,36,134,7.32E-12,59.7
Q6DN90,Q99418,42.2,199,109,3,519,717,56,248,8.28E-45,164
Q6DN90,O43739,41.7,199,110,3,519,717,61,253,1.45E-42,157
Q6EIG7,Q8WTT0,54,213,94,2,1,209,1,213,7.51E-84,245
Q6FI13,Q07889,32.1,84,56,1,11,94,90,172,1.26E-06,43.5
Q6HA08,Q9Y6L7,38.6,207,111,7,88,285,153,352,2.97E-33,130
Q6HA08,P13497,39.3,201,106,7,94,285,130,323,5.30E-33,129
Q6HA08,O43897,37.3,212,117,7,83,285,146,350,3.19E-32,127
Q6IAN0,P56937,26.3,232,127,5,54,245,4,231,1.27E-08,52.8
Q6IE81,O95696,32.5,456,265,14,87,516,111,549,1.09E-50,190
Q6IE81,P55201,32.3,433,230,11,136,524,210,623,4.39E-50,188
Q6IE81,Q9ULD4,30.7,456,239,12,136,529,149,589,3.14E-48,182
Q6IMI6,P49888,52.3,283,134,1,22,304,13,294,1.41E-105,307
Q6IQ22,P61026,52.6,171,80,1,40,210,7,176,1.48E-62,192
Q6IQ22,O14966,34,191,120,3,40,225,5,194,4.60E-36,124
Q6IQ22,P62826,26.8,164,116,3,42,205,10,169,3.11E-21,85.9
Q6IS24,Q8IUC8,36.5,515,296,11,93,595,56,551,7.37E-106,327
Q6IS24,Q10472,36.8,516,293,12,93,595,57,552,8.02E-106,327
Q6IS24,Q86SR1,37.8,495,274,12,93,570,88,565,1.84E-97,307
Q6IS24,Q10471,37,489,274,16,114,591,98,563,8.80E-92,291
Q6IS24,Q96FL9,40.3,395,204,10,114,494,73,449,3.13E-90,286
Q6IS24,Q14435,39.2,426,232,13,92,498,122,539,8.43E-84,272
Q6IWH7,Q9NQ90,39.1,797,421,17,141,886,159,942,4.43E-169,516
Q6IWH7,Q5XXA6,39.5,836,415,21,135,898,122,938,8.46E-168,513
Q6J9G0,P22607,33.4,290,174,4,101,376,460,744,2.15E-45,165
Q6J9G0,P11362,31.7,290,179,4,101,376,466,750,9.20E-44,160
Q6J9G0,P21802,29.2,349,219,6,73,397,430,774,7.84E-43,157
Q6J9G0,P22455,30.5,347,223,7,62,390,407,753,1.00E-42,157
Q6J9G0,P42684,37.6,234,127,5,143,372,313,531,3.09E-41,153
Q6J9G0,P35590,30.8,328,194,9,71,380,795,1107,8.28E-37,140
Q6J9G0,P41240,34,268,154,6,115,381,196,441,6.00E-36,134
Q6J9G0,Q02763,31.3,262,164,6,120,372,830,1084,7.32E-35,134
Q6J9G0,P04629,29.9,271,181,5,119,382,515,783,6.48E-34,131
Q6J9G0,P06239,31.9,276,168,7,107,381,239,495,7.64E-34,129
Q6J9G0,P42685,31.9,276,167,8,115,386,235,493,1.00E-33,129
Q6J9G0,Q16288,28.2,280,177,6,119,376,543,820,1.67E-33,130
Q6J9G0,Q16620,27.8,255,167,5,119,363,543,790,2.21E-33,130
Q6J9G0,Q9UM73,29.1,285,188,7,95,372,1098,1375,3.98E-33,129
Q6J9G0,P08631,30.7,267,165,7,107,372,256,503,5.86E-33,127
Q6J9G0,P07949,32,244,150,4,143,371,754,996,6.40E-33,129
Q6J9G0,P08581,30,317,196,9,82,386,1041,1343,1.26E-32,128
Q6J9G0,P51451,30.7,267,165,7,107,372,235,482,4.28E-32,124
Q6J9G0,P42679,35.3,215,126,4,173,387,284,485,4.36E-32,124
Q6J9G0,P07948,29.6,267,169,6,107,372,241,489,2.15E-31,122
Q6J9G0,P07332,32.4,262,150,7,118,372,565,806,8.53E-31,122
Q6J9G0,P16591,31.3,268,159,7,118,380,567,814,2.08E-30,121
Q6J9G0,Q04912,30.7,257,160,5,146,396,1113,1357,2.64E-30,121
Q6J9G0,Q06187,30.1,249,157,5,144,391,427,659,2.94E-30,120
Q6J9G0,P06241,31.6,272,156,9,107,372,265,512,1.05E-29,118
Q6KCM7,P05141,29.4,296,177,11,188,461,10,295,3.01E-30,116
Q6KCM7,P12236,29.7,296,176,11,188,461,10,295,5.69E-30,115
Q6KF10,P12644,50,124,61,1,332,455,286,408,6.09E-38,140
Q6KF10,P12643,53.1,113,50,2,345,455,285,396,3.42E-37,137
Q6MZM0,P00451,36.8,774,407,14,15,738,10,751,2.53E-142,473
Q6MZM0,P12259,35.5,696,361,17,378,1047,30,663,2.12E-113,387
Q6NS38,Q96Q83,37,192,114,4,67,256,91,277,1.85E-31,115
Q6NT55,P78329,66,506,170,2,23,527,15,519,1.09E-247,686
Q6NT55,Q86W10,39.7,486,277,8,38,520,25,497,2.76E-118,355
Q6NT55,P08684,27.1,432,287,14,105,525,80,494,2.06E-36,139
Q6NT55,P20815,26.6,443,276,16,104,525,79,493,9.85E-34,131
Q6NT55,Q07973,23.7,379,233,14,136,491,131,476,3.18E-17,81.6
Q6NTF7,Q9HC16,32.9,170,95,6,7,163,15,178,7.53E-22,89
Q6NUI2,Q9HCL2,32.1,786,487,19,40,793,56,826,7.76E-100,325
Q6NUJ5,Q9Y6K1,37.5,96,52,3,483,574,285,376,7.63E-12,65.5
Q6NUJ5,Q9UBC3,41.2,97,49,4,483,575,218,310,1.17E-10,61.6
Q6NUK1,P12236,31.9,295,177,9,196,472,10,298,2.39E-38,139
Q6NUK1,P05141,30.7,293,179,9,196,470,10,296,4.42E-36,132
Q6NUK1,Q9BQT8,27.1,280,190,8,196,466,15,289,1.11E-19,86.7
Q6P0Q8,Q9Y2H9,69.7,1320,338,21,148,1440,13,1297,0,1658
Q6P0Q8,O60307,62,1283,391,23,157,1411,14,1227,0,1373
Q6P0Q8,Q9Y243,39.7,320,171,4,499,814,135,436,1.74E-67,234
Q6P0Q8,P17612,37.7,321,175,5,502,818,34,333,3.19E-66,226
Q6P0Q8,Q9Y2H1,37.3,327,181,4,510,814,88,412,4.58E-66,229
Q6P0Q8,P22694,37.7,321,175,5,502,818,34,333,5.89E-66,225
Q6P0Q8,P31749,39.8,309,163,6,511,814,149,439,1.72E-65,228
Q6P0Q8,P31751,37.4,337,187,5,482,814,124,440,2.38E-65,228
Q6P0Q8,P22612,35.8,321,181,5,502,818,34,333,1.09E-63,218
Q6P0Q8,Q15208,37.8,331,174,5,510,814,87,411,5.17E-63,220
Q6P0Q8,Q9UBS0,36.5,345,191,8,512,847,67,392,1.96E-62,219
Q6P0Q8,P51817,35.3,354,197,6,476,818,6,338,1.33E-61,213
Q6P0Q8,P23443,35.6,368,207,9,510,868,89,435,2.46E-61,217
Q6P0Q8,Q04759,38.5,309,165,6,510,814,378,665,4.36E-61,221
Q6P0Q8,O95835,38.5,356,184,5,512,833,705,1059,1.16E-60,226
Q6P0Q8,P24723,36.5,329,183,6,493,814,336,645,3.16E-60,218
Q6P0Q8,Q09013,36.5,315,175,6,510,814,69,368,9.62E-60,215
Q6P0Q8,P51812,38.5,327,168,10,495,814,58,358,1.07E-59,218
Q6P0Q8,Q15418,39.3,331,171,10,493,815,45,353,1.33E-59,217
Q6P0Q8,Q15349,37.7,318,170,8,504,814,53,349,4.19E-59,216
Q6P0Q8,Q9UK32,36,361,195,10,463,814,28,361,5.01E-59,216
Q6P0Q8,Q16513,37.6,314,166,8,510,814,655,947,2.24E-58,217
Q6P0Q8,Q13464,39.7,317,166,9,510,818,74,373,2.75E-58,219
Q6P0Q8,Q9NRM7,38.3,337,173,6,512,814,668,1003,3.12E-57,214
Q6P0Q8,O75116,37.2,317,166,8,510,814,90,385,4.55E-57,215
Q6P158,Q7Z478,38.9,887,445,20,525,1386,553,1367,4.63E-172,548
Q6P158,Q7L2E3,33,839,438,17,537,1361,427,1155,4.11E-119,399
Q6P2P2,Q9NVM4,26.7,303,188,13,156,448,38,316,1.04E-18,88.2
Q6P2P2,Q99873,23.7,329,205,11,132,453,42,331,5.81E-16,77.8
Q6P2P2,O60678,27.1,310,187,14,153,458,230,504,1.62E-14,74.3
Q6P2P2,Q96LA8,35.3,153,81,5,153,304,57,192,2.55E-14,72.8
Q6P2P2,Q9NR22,21.4,369,234,13,130,484,65,391,1.60E-13,70.5
Q6P9A2,Q8IUC8,40.1,424,237,12,105,519,65,480,2.19E-95,300
Q6P9A2,Q10472,38.3,423,245,9,105,519,67,481,6.58E-95,299
Q6P9A2,Q10471,42.1,387,199,11,122,499,104,474,5.60E-87,279
Q6P9A2,Q8NCL4,37.6,484,260,18,117,576,137,602,4.21E-84,273
Q6P9A2,Q86SR1,39.2,372,208,8,121,484,112,473,1.08E-82,268
Q6P9A2,Q14435,35.3,490,279,16,105,572,133,606,6.35E-80,262
Q6P9A2,Q96FL9,37.3,394,222,10,79,461,32,411,1.73E-74,245
Q6PCB0,P56199,33.3,177,101,6,34,197,172,344,2.96E-14,72.4
Q6PCT2,Q8NHM5,42.3,761,311,17,30,692,604,1334,6.40E-160,493
Q6PCT2,Q9Y2K7,38.8,672,318,17,13,670,545,1137,1.04E-122,390
Q6PEY2,P07437,41.1,428,242,2,1,428,1,418,6.36E-122,360
Q6PEY2,Q13509,40.7,428,244,2,1,428,1,418,1.98E-119,353
Q6PH85,Q96GG9,78.2,257,56,0,1,257,1,257,2.35E-155,430
Q6PI48,Q15046,31.5,178,113,7,129,301,185,358,1.34E-12,67.8
Q6PIF6,Q9UKN7,41.3,722,398,9,66,783,1223,1922,6.29E-156,536
Q6PIF6,Q8WXR4,39.5,739,391,15,68,768,346,1066,5.00E-149,496
Q6PIF6,Q8NEV4,38.2,751,425,14,62,781,335,1077,1.82E-140,478
Q6PIF6,P35580,36.9,791,468,13,10,786,36,809,2.54E-137,473
Q6PIF6,P35579,36.8,787,471,12,10,786,32,802,9.65E-137,471
Q6PIF6,Q9UKX2,36.6,787,449,16,24,785,48,809,5.53E-130,451
Q6PIF6,Q7Z406,36.2,745,435,12,59,783,99,823,4.39E-127,442
Q6PIL6,P62166,45.1,182,100,0,69,250,9,190,2.93E-56,176
Q6PIU1,Q14721,46.8,447,208,8,43,479,35,461,1.72E-108,339
Q6PIU1,Q9UK17,34.7,412,213,8,39,435,40,410,1.10E-54,191
Q6PIU1,P22459,31,490,240,8,43,496,180,607,2.42E-51,182
Q6PIU1,Q09470,32,450,231,10,43,465,41,442,7.17E-51,178
Q6PIU1,P22001,31,436,224,7,32,435,97,487,2.57E-48,172
Q6PIU1,P16389,31.1,425,217,7,43,435,37,417,3.58E-46,165
Q6PIU1,P22460,30,450,208,7,43,435,124,523,1.67E-44,162
Q6PIU1,P17658,30.3,466,207,9,43,435,45,465,4.55E-42,154
Q6PIW4,P43686,33.9,280,162,7,379,651,143,406,2.98E-38,144
Q6PIW4,Q9ULI0,35.8,232,139,4,398,621,397,626,7.14E-32,130
Q6PIW4,Q6PL18,34.5,232,142,4,398,621,423,652,1.62E-31,129
Q6PXP3,P22732,59.9,491,197,0,15,505,9,499,6.82E-203,570
Q6PXP3,P11166,40.4,460,271,2,18,477,7,463,2.01E-118,355
Q6PXP3,P14672,41.8,483,265,7,5,481,11,483,2.39E-118,355
Q6PXP3,P11169,40.3,464,274,2,18,481,5,465,4.49E-112,338
Q6PXP3,Q9NY64,29.1,433,248,11,82,484,74,477,5.85E-34,131
Q6Q0C1,O43772,33.5,310,166,7,2,301,13,292,5.33E-45,152
Q6Q4G3,P15144,37.6,870,510,17,93,948,71,921,1.13E-185,560
Q6Q4G3,Q07075,30.6,875,545,22,91,950,86,913,1.50E-130,416
Q6Q4G3,Q9NZ08,29.3,915,566,23,90,968,46,915,7.13E-119,384
Q6Q4G3,Q9UIQ6,29.6,893,549,25,92,960,162,998,5.45E-110,362
Q6Q4G3,Q6P179,30.2,896,553,22,92,952,63,921,7.88E-110,360
Q6Q4G3,P55786,28,879,552,26,97,951,53,874,5.90E-84,288
Q6QHC5,O15121,65.3,314,109,0,1,314,1,314,7.40E-170,472
Q6QN14,Q6R6M4,95.5,398,18,0,1,398,1,398,5.24E-286,777
Q6QN14,O75604,29.5,332,193,11,80,372,267,596,3.59E-33,128
Q6QN14,Q9UK80,29.2,346,188,11,81,372,213,555,2.38E-28,114
Q6QN14,Q13107,25.5,192,107,6,69,227,293,481,9.46E-11,60.8
Q6QNK2,P30988,24.2,330,209,10,503,820,105,405,3.19E-20,92
Q6RI45,Q9NSI6,62.6,1462,461,15,8,1435,14,1423,0,1695
Q6RI45,Q58F21,26.6,124,84,2,1127,1243,8,131,3.65E-07,52.4
Q6S5L8,P29353,47.1,639,228,19,27,619,7,581,7.16E-155,456
Q6S5L8,Q06124,35.8,109,55,5,523,617,109,216,5.66E-07,49.7
Q6S8J3,P61160,47,381,187,4,707,1072,8,388,1.69E-113,354
Q6S8J3,P61158,33.9,407,228,8,709,1075,9,414,3.80E-64,221
Q6SA08,Q96PF2,42.9,287,147,5,18,301,5,277,2.04E-70,220
Q6SA08,Q9BXA7,44.1,279,142,5,18,293,5,272,2.63E-70,220
Q6SA08,Q96PN8,42.7,253,129,4,24,275,9,246,5.72E-68,211
Q6SA08,Q9BXA6,38.1,278,153,5,19,293,6,267,3.35E-62,196
Q6SA08,O60285,34.6,283,158,4,16,293,46,306,2.34E-44,158
Q6SA08,Q9H093,33.8,278,166,4,16,293,44,303,2.95E-42,152
Q6SA08,Q9NRH2,34,282,163,7,25,302,16,278,1.09E-40,148
Q6SA08,Q9BYT3,28.3,325,199,11,2,309,92,399,3.02E-34,128
Q6SA08,P57058,31.2,269,167,6,29,293,66,320,3.47E-34,129
Q6SA08,P53350,31.5,270,165,5,25,292,53,304,3.35E-32,123
Q6SA08,Q04759,29.4,255,161,6,29,281,384,621,2.24E-28,112
Q6SA08,Q05513,29,217,137,4,25,240,252,452,1.12E-27,110
Q6SA08,P31751,28.1,278,175,7,7,281,136,391,3.07E-27,108
Q6SA08,Q86SG6,30.5,256,153,7,25,275,4,239,8.26E-27,108
Q6SA08,Q9Y243,27.7,271,173,6,8,275,131,381,1.05E-26,107
Q6SA08,Q13464,28.7,258,161,5,25,275,76,317,8.63E-26,105
Q6SA08,P31749,28.7,282,169,11,7,281,134,390,1.27E-25,103
Q6SA08,Q05655,28.2,266,166,8,29,289,353,598,1.65E-25,104
Q6SA08,O75116,26.8,257,167,4,25,275,92,333,2.35E-24,101
Q6SA08,Q13976,25.8,279,178,6,31,299,366,625,8.11E-24,99.4
Q6SA08,Q9Y2H1,25.4,280,185,5,25,281,90,368,6.28E-22,93.2
Q6SA08,O95835,24.7,288,171,8,29,276,709,990,5.60E-20,88.2
Q6SA08,P51955,27.5,262,162,7,25,275,8,252,7.37E-20,87
Q6SA08,Q9UEE5,23.6,296,194,11,19,302,55,330,2.88E-19,85.1
Q6SA08,Q9NYL2,27,270,149,9,32,288,23,257,3.98E-19,85.5
Q6SPF0,Q9UHJ3,37,73,45,1,457,529,791,862,3.27E-08,53.5
Q6SPF0,Q96JM7,40.4,57,33,1,461,516,707,763,4.97E-07,49.7
Q6TGC4,Q9UM07,44.6,688,354,7,9,694,1,663,8.92E-205,588
Q6TGC4,Q9ULC6,44.4,693,348,11,9,694,1,663,1.89E-190,552
Q6TGC4,Q9ULW8,43.3,689,363,9,9,694,1,664,3.90E-190,551
Q6TGC4,Q9Y2J8,44.2,686,350,11,15,694,7,665,6.80E-183,533
Q6UB28,P53582,46,276,141,2,63,330,98,373,1.85E-83,255
Q6UB35,P11586,61.9,926,330,6,74,978,12,935,0,1113
Q6UVW9,Q07108,44.7,114,63,0,57,170,84,197,1.03E-35,120
Q6UVY6,P09172,32.4,598,361,12,6,584,30,603,1.02E-92,295
Q6UW60,P09958,58.2,655,262,6,33,683,29,675,2.54E-269,760
Q6UW60,P29122,44.7,734,315,14,27,684,63,781,3.15E-198,585
Q6UW60,Q92824,47,679,320,10,30,670,31,707,7.92E-189,583
Q6UW60,P29120,47.3,590,292,7,34,604,31,620,8.12E-181,533
Q6UW60,P16519,45.1,576,290,11,26,578,22,594,5.96E-158,470
Q6UW60,Q16549,40.4,606,319,13,5,577,18,614,1.15E-130,404
Q6UWB4,P07477,34.3,233,135,7,67,296,23,240,3.19E-44,150
Q6UWB4,P00740,35,246,142,8,65,301,224,460,2.51E-40,145
Q6UWB4,P00734,31.5,289,151,10,51,298,334,616,4.49E-40,146
Q6UWB4,P06870,31.9,248,137,10,66,296,23,255,1.21E-28,109
Q6UWR7,P22413,33.1,414,243,13,27,428,213,604,2.39E-58,203
Q6UWR7,O14638,30.3,413,255,13,27,428,162,552,1.78E-55,194
Q6UWR7,Q13822,27.6,416,260,14,23,428,163,547,5.05E-51,182
Q6UWV6,O14638,31.9,389,233,10,33,404,161,534,3.69E-52,186
Q6UWV6,P22413,31.8,387,235,9,34,404,213,586,1.15E-51,184
Q6UWV6,Q13822,31.3,416,219,15,33,420,166,542,1.49E-48,175
Q6UWW8,O00748,47.5,554,268,7,12,557,10,548,1.75E-161,469
Q6UWW8,P23141,45.3,554,263,9,26,554,16,554,1.80E-149,439
Q6UWW8,P22303,34.3,554,321,18,26,552,31,568,3.71E-77,253
Q6UWW8,P06276,32,544,329,16,36,556,34,559,9.94E-67,225
Q6UWW8,P19835,33,552,296,24,15,529,7,521,6.39E-64,220
Q6UWY2,P49863,38.3,235,130,10,33,258,26,254,1.02E-41,142
Q6UWY2,P24158,34.5,258,154,5,10,264,4,249,3.25E-41,140
Q6UWY2,P08311,37.4,257,143,8,10,263,2,243,1.89E-39,135
Q6UWY2,Q9UNI1,35.4,246,137,11,32,262,17,255,7.56E-35,124
Q6UWY2,P10323,30.5,249,149,9,31,258,40,285,1.05E-29,113
Q6UWY2,Q9NRS4,32.6,236,145,9,33,261,204,432,1.52E-27,107
Q6UX04,P62937,43.1,116,61,3,22,133,18,132,1.84E-22,91.3
Q6UX06,Q99972,30.7,293,191,5,219,505,215,501,2.27E-34,132
Q6UX15,P22897,30.4,138,73,5,50,185,807,923,2.37E-12,65.9
Q6UX41,O00481,34.1,499,280,13,7,461,19,512,1.80E-84,267
Q6UXG8,O00481,39.5,504,279,6,22,504,14,512,1.09E-111,339
Q6UXH8,O43897,48.8,41,20,1,134,174,730,769,1.09E-07,51.2
Q6UXH8,P13497,46.3,41,21,1,134,174,703,742,1.32E-06,47.8
Q6UXS9,P49662,48.1,368,148,3,14,341,13,377,1.23E-105,311
Q6UXS9,P51878,59.3,241,96,1,101,341,196,434,2.02E-90,275
Q6UXS9,P29466,52.4,271,117,4,75,341,142,404,8.48E-88,267
Q6UXS9,P42574,29.4,306,165,13,52,336,1,276,8.92E-20,85.1
Q6UXS9,P42575,26.9,245,148,6,114,341,219,449,4.47E-18,82
Q6UXS9,P31944,27.2,180,113,4,114,291,29,192,3.52E-14,68.6
Q6UXS9,P55212,25.6,203,137,5,111,310,61,252,1.55E-08,52.4
Q6UY09,P20273,24.6,399,236,18,69,444,243,599,1.73E-14,73.9
Q6UY14,Q9UHI8,27.7,448,230,19,360,783,589,966,1.70E-37,149
Q6UY14,Q9UNA0,34.4,215,123,6,360,558,597,809,4.32E-30,125
Q6V0L0,Q9NR63,52.6,504,221,3,5,508,5,490,8.38E-182,518
Q6V0L0,O43174,45.4,496,236,8,24,508,19,490,2.81E-128,380
Q6VB84,Q08050,41.6,101,54,3,89,188,218,314,3.87E-17,80.9
Q6VVX0,P51589,43.2,495,273,4,4,498,12,498,3.04E-137,403
Q6VVX0,P10635,40.5,499,268,9,17,501,14,497,1.15E-109,332
Q6VVX0,P10632,35.8,486,293,8,19,497,13,486,4.38E-101,310
Q6VVX0,P33261,36.7,458,280,4,18,471,7,458,2.35E-97,300
Q6VVX0,P11509,34.6,483,306,6,17,494,10,487,5.78E-96,296
Q6VVX0,P11712,36.8,459,278,6,18,471,7,458,4.04E-95,294
Q6VVX0,P04798,27.8,496,329,11,14,490,14,499,1.11E-65,218
Q6VVX0,P05177,28,492,332,8,14,490,16,500,1.26E-64,215
Q6VVX0,P05093,28.9,467,319,7,20,476,7,470,2.06E-64,214
Q6VVX0,P08686,29.3,505,309,15,18,501,6,483,3.75E-52,181
Q6VVX0,O15528,23.1,497,332,16,24,492,24,498,2.67E-23,100
Q6VVX0,Q02318,30.2,242,152,6,237,469,264,497,7.23E-21,92.8
Q6WRI0,O15146,32.4,213,125,8,2259,2466,47,245,2.00E-20,96.3
Q6WRI0,Q15109,27.1,247,146,12,1697,1922,73,306,4.94E-08,55.1
Q6XE24,Q14576,36.9,179,99,4,59,229,37,209,7.49E-25,102
Q6XE24,Q15717,35.6,174,98,4,58,223,17,184,5.05E-24,99.4
Q6XPS3,P60484,37.4,358,172,9,200,519,4,347,1.68E-67,220
Q6XZB0,Q9Y5X9,37.5,317,158,10,70,372,79,369,3.23E-54,186
Q6XZB0,P16233,33.2,352,204,9,41,373,51,390,4.29E-54,185
Q6XZB0,P11150,34.1,343,190,11,41,360,48,377,2.31E-48,170
Q6XZF7,Q7Z628,28.4,190,119,4,784,965,174,354,2.25E-13,72
Q6XZF7,P15498,26.4,201,128,7,777,969,187,375,5.96E-08,54.7
Q6YBV0,Q7Z2H8,54,439,189,4,60,498,48,473,1.34E-151,439
Q6YHK3,P01023,28.5,1514,863,49,26,1397,29,1465,1.21E-149,491
Q6YHK3,P01031,23.4,996,604,36,537,1401,549,1516,2.52E-47,183
Q6YN16,P22307,35.8,106,61,3,314,413,437,541,1.10E-10,60.5
Q6ZMB0,Q9Y2A9,55.4,325,139,4,60,383,52,371,1.84E-120,351
Q6ZMJ2,P21757,36.8,489,246,8,15,492,13,449,1.34E-45,162
Q6ZMJ2,Q96JB6,46.1,102,54,1,393,493,32,133,6.16E-26,108
Q6ZMJ2,Q9Y4K0,43.4,106,59,1,389,493,54,159,2.67E-24,103
Q6ZMJ2,P58215,43.5,92,52,0,401,492,53,144,8.23E-24,102
Q6ZMM2,Q9UNA0,33,294,174,9,41,313,563,854,4.73E-38,145
Q6ZMP0,Q76LX8,25.1,745,455,26,291,968,423,1131,4.40E-43,168
Q6ZMQ8,Q96Q04,50.6,534,235,9,18,536,25,544,4.94E-152,495
Q6ZMQ8,P08922,35.6,270,148,7,131,387,1951,2207,5.04E-37,150
Q6ZMQ8,Q16832,33.9,319,170,10,108,395,541,849,8.29E-37,147
Q6ZMQ8,P30530,30.2,328,204,9,115,432,526,838,1.49E-32,134
Q6ZMQ8,Q16288,28.2,344,200,9,89,398,497,827,4.72E-31,129
Q6ZMQ8,Q08345,29.7,313,175,8,119,396,604,906,1.49E-29,124
Q6ZMQ8,Q07912,32.6,273,163,9,120,387,121,377,1.09E-25,112
Q6ZMQ8,Q15303,28.8,299,187,13,97,391,694,970,1.31E-19,92.8
Q6ZMQ8,P21860,28,304,191,10,128,428,712,990,2.28E-19,92
Q6ZMQ8,P00533,27.4,307,197,12,97,399,688,972,6.44E-19,90.5
Q6ZMQ8,Q13470,29.8,292,168,13,131,405,122,393,5.61E-17,83.6
Q6ZMQ8,P10721,30.7,176,110,4,221,395,760,924,1.73E-16,82.4
Q6ZMQ8,P04626,28.1,299,189,11,97,391,696,972,4.37E-16,81.3
Q6ZMQ8,P15056,29.8,225,140,7,129,351,461,669,5.10E-15,77.4
Q6ZMR5,O60235,40.2,418,249,1,2,418,1,418,3.09E-118,348
Q6ZMR5,P05981,42.8,250,129,5,175,412,153,400,1.35E-61,202
Q6ZMR5,Q16651,38.8,268,143,7,162,415,24,284,9.17E-55,182
Q6ZMR5,Q9Y5Y6,36.9,244,141,4,186,418,614,855,2.57E-53,187
Q6ZMR5,Q9NRR2,39.4,251,138,7,170,412,21,265,4.48E-52,174
Q6ZMR5,P03951,36.8,250,143,6,175,416,380,622,1.23E-50,177
Q6ZMR5,P00748,35.8,257,150,6,174,416,358,613,1.74E-46,166
Q6ZMR5,P08709,35.1,259,151,6,170,412,190,447,4.74E-42,151
Q6ZMR5,Q15661,32.5,255,125,10,187,412,31,267,9.29E-40,140
Q6ZMR5,P20231,32.5,255,125,10,187,412,31,267,9.29E-40,140
Q6ZMR5,Q04756,35.8,240,136,8,186,412,407,641,1.21E-38,144
Q6ZMR5,P00750,35.2,264,139,10,175,412,299,556,2.72E-38,142
Q6ZMR5,P00742,34.9,238,141,6,183,412,231,462,5.61E-38,140
Q6ZMR5,P40313,35.5,234,135,9,186,412,33,257,5.42E-37,133
Q6ZMR5,P48740,32,253,149,6,186,418,448,697,9.55E-36,136
Q6ZMR5,P07478,34.8,233,132,8,185,412,22,239,2.65E-34,125
Q6ZMR5,P17538,33.8,237,138,9,184,412,31,256,7.53E-34,124
Q6ZMR5,P07477,33.5,233,135,8,185,412,22,239,1.37E-32,120
Q6ZMR5,P35030,32.6,233,137,8,185,412,79,296,6.56E-31,117
Q6ZMR5,P04070,30.3,244,144,9,186,412,211,445,7.94E-31,120
Q6ZMR5,Q92876,33.3,231,138,8,185,412,20,237,1.25E-30,115
Q6ZMR5,P00734,34.3,254,137,11,186,412,363,613,2.01E-29,117
Q6ZMR5,O60259,35.5,228,123,10,199,417,45,257,2.42E-29,112
Q6ZMR5,P00751,24.7,235,126,11,199,390,494,720,4.47E-12,65.1
Q6ZMR5,P06681,21.6,227,138,8,199,390,479,700,2.82E-09,56.2
Q6ZMU5,O00481,29.3,184,116,6,274,455,329,500,4.34E-20,90.1
Q6ZNL6,P98174,27.1,583,372,12,890,1456,371,916,6.48E-56,209
Q6ZP82,Q15746,35.2,91,59,0,1408,1498,622,712,3.12E-10,62.4
Q6ZPD8,Q6E213,51.2,332,158,1,5,336,5,332,1.28E-126,363
Q6ZPD8,Q96PD7,50.7,337,160,3,1,336,56,387,5.35E-124,358
Q6ZPD8,Q58HT5,54.8,323,136,5,14,334,11,325,3.12E-121,349
Q6ZPD8,Q3SYC2,44.5,326,174,3,10,334,12,331,8.53E-92,275
Q6ZQN7,Q9Y6L6,30.3,664,406,13,101,719,24,675,5.41E-104,330
Q6ZQN7,Q9NPD5,31.6,624,369,12,99,676,22,633,5.64E-102,325
Q6ZQN7,O94956,30.3,623,367,15,107,676,51,659,2.18E-86,284
Q6ZRP7,O00391,41.3,598,327,10,47,629,25,613,4.06E-150,451
Q6ZRS2,P51531,42.6,324,170,7,599,908,702,1023,1.01E-67,252
Q6ZRS2,P51532,43,316,169,5,603,908,739,1053,1.91E-67,251
Q6ZRS2,Q14839,35,346,194,5,616,941,724,1058,2.95E-49,192
Q6ZRS2,Q92698,29.9,321,204,8,613,912,148,468,9.09E-32,132
Q6ZS10,P06734,42.2,128,71,3,253,378,162,288,3.08E-28,110
Q6ZSB9,P41182,35.7,126,75,2,7,126,14,139,4.65E-15,76.3
Q6ZSM3,O15427,35.3,442,251,6,43,479,16,427,5.34E-72,234
Q6ZSZ5,Q92888,31.8,349,217,5,446,781,415,755,2.95E-43,168
Q6ZT62,P11274,31.5,197,128,2,281,470,1051,1247,8.50E-23,101
Q6ZT89,O43772,32.2,307,171,7,6,300,11,292,1.86E-42,145
Q6ZU15,Q9UHD8,39.4,327,181,5,3,313,240,565,1.42E-75,244
Q6ZUM4,P11274,40.9,208,113,5,659,865,1024,1222,3.93E-33,135
Q6ZUM4,P52757,35.8,190,120,2,693,880,273,462,5.43E-33,130
Q6ZV73,P98174,30.8,569,354,12,868,1421,370,913,1.72E-74,266
Q6ZVT0,Q8NG68,28.2,252,140,13,296,533,127,351,4.19E-18,84
Q6ZW31,P52757,36.4,151,93,1,412,562,289,436,7.33E-23,99.8
Q6ZW49,Q92547,31.3,150,85,6,43,181,140,282,4.95E-13,70.9
Q6ZWL3,P78329,34.8,509,307,13,22,518,22,517,4.91E-91,285
Q6ZWL3,Q86W10,33,460,286,11,70,519,56,503,3.92E-69,228
Q6ZWL3,P20815,27,455,282,13,91,522,70,497,1.19E-46,167
Q6ZWL3,P08684,25.9,499,312,13,57,522,25,498,3.18E-46,166
Q6ZWL3,P11509,24.6,480,310,17,44,501,24,473,3.19E-30,120
Q6ZWL3,O43174,25.6,446,299,11,49,487,43,462,8.12E-30,119
Q6ZWL3,P51589,28,368,229,15,134,488,125,469,1.71E-28,115
Q6ZWL3,P10635,32.2,199,133,2,291,488,267,464,3.97E-23,99.8
Q6ZWL3,P05177,23,448,309,12,57,486,48,477,5.93E-21,93.2
Q6ZWL3,Q9NR63,23.1,442,295,14,49,480,48,454,4.29E-19,87.4
Q6ZWL3,Q16678,30.6,180,120,4,311,487,312,489,1.04E-16,80.1
Q6ZWL3,P08686,31.7,167,103,5,327,488,289,449,1.16E-15,76.6
Q70CQ1,Q9UK80,27.8,439,195,18,248,654,207,555,1.60E-24,105
Q70CQ1,Q9Y2K6,28.6,273,137,8,423,654,427,682,1.67E-22,100
Q70CQ1,O75604,27.4,296,121,8,249,524,263,484,3.19E-18,85.9
Q70CQ1,P40818,26.7,288,128,9,250,523,774,992,7.27E-16,79
Q70CQ1,Q13107,25.3,261,128,4,250,498,299,504,4.45E-12,66.6
Q70CQ1,P45974,41.4,58,30,1,245,302,318,371,2.45E-07,51.2
Q70CQ2,Q93008,27.4,621,334,14,1733,2261,1374,1969,2.56E-53,206
Q70CQ3,O75604,26.1,303,179,12,48,331,232,508,1.36E-10,60.8
Q70CQ3,Q9UK80,26.8,298,169,12,69,345,213,482,6.92E-10,58.5
Q70CQ3,P40818,22.7,278,160,9,69,330,778,1016,5.66E-08,52.8
Q70CQ4,Q13107,30.6,677,380,13,125,764,299,922,6.01E-74,264
Q70CQ4,P40818,37.3,169,80,2,596,762,962,1106,1.80E-31,131
Q70CQ4,Q9Y2K6,35.7,168,87,1,597,764,538,684,2.37E-26,114
Q70CQ4,O75604,34.7,196,104,4,126,312,265,445,3.18E-22,100
Q70CQ4,Q9UK80,31.7,167,89,2,597,763,415,556,5.84E-21,95.9
Q70CQ4,Q6R6M4,26.6,192,90,4,128,312,80,227,3.69E-10,61.2
Q70EK9,O75604,30.1,372,191,11,361,703,265,596,8.98E-40,152
Q70EK9,P40818,28.5,372,203,7,362,707,776,1110,3.22E-39,153
Q70EK9,Q9UK80,27.6,381,197,10,364,703,213,555,2.43E-29,120
Q70EK9,Q9Y2K6,27.3,242,144,7,236,467,30,249,5.13E-13,69.7
Q70EK9,P45974,20.8,331,211,9,355,651,318,631,3.60E-10,60.5
Q70EL2,Q13107,22.1,719,364,25,191,812,303,922,8.73E-18,85.5
Q70EL2,P40818,25.8,198,130,4,188,384,775,956,2.16E-08,55.1
Q70EL3,P40818,37,322,192,2,28,338,757,1078,6.60E-64,216
Q70EL3,O75604,34.4,314,189,6,36,337,259,567,2.45E-43,155
Q70EL3,Q9UK80,32.4,324,178,9,42,333,210,524,1.07E-36,136
Q70EL3,Q9Y2K6,31.7,123,77,3,31,152,132,248,7.75E-10,57.4
Q70EL4,Q13107,29.3,662,380,14,98,709,299,922,5.34E-71,253
Q70EL4,P40818,36.3,168,84,2,540,707,962,1106,7.34E-32,132
Q70EL4,Q9UK80,33.3,174,90,2,541,714,415,562,9.17E-24,104
Q70EL4,O75604,35.2,213,121,7,76,275,240,448,3.95E-21,96.3
Q70EL4,Q9Y2K6,35.3,85,55,0,541,625,538,622,4.01E-10,61.2
Q70JA7,Q8TDX6,40.5,274,144,5,621,882,263,529,3.83E-60,211
Q70Z35,Q7Z628,25.9,293,179,9,30,313,181,444,5.83E-20,93.2
Q70Z35,Q8WZA2,35.6,73,46,1,496,567,221,293,2.49E-09,59.3
Q70Z44,P46098,30.5,446,250,14,50,453,46,473,6.94E-38,141
Q70Z44,P02708,21.9,329,196,11,53,350,39,337,6.91E-13,67.4
Q70Z44,P36544,25.3,249,169,7,55,288,43,289,1.29E-11,63.5
Q712K3,P63146,41.3,143,70,2,7,149,3,131,5.61E-32,112
Q712K3,P61077,35,117,63,1,37,153,29,132,1.94E-23,89.7
Q71U36,P07437,41.4,432,243,2,1,432,1,422,3.17E-125,368
Q71U36,Q13509,40.7,445,254,2,1,445,1,435,6.18E-124,365
Q71U36,Q9H4B7,39.8,432,250,2,1,432,1,422,1.73E-115,343
Q71UM5,P42677,96.4,84,3,0,1,84,1,84,1.96E-58,171
Q75V66,Q5XXA6,39.7,921,439,18,59,883,41,941,8.24E-196,585
Q75V66,Q9NQ90,41.6,829,424,17,95,885,153,959,9.04E-193,577
Q76N89,P46934,35.7,779,422,17,830,1603,611,1315,2.89E-126,425
Q76N89,Q9HCE7,48.5,390,189,6,1223,1606,374,757,3.70E-105,351
Q7KYR7,O00481,41.3,506,267,5,17,502,18,513,9.75E-117,352
Q7L014,Q86XP3,45.3,468,244,5,318,779,200,661,8.32E-119,385
Q7L014,Q92841,45.3,426,225,6,331,752,130,551,2.39E-112,362
Q7L014,O00571,39.9,436,239,8,360,778,168,597,1.46E-87,293
Q7L014,P38919,34.4,358,225,5,378,734,44,392,3.77E-62,214
Q7L014,P26196,31.3,374,246,5,379,751,103,466,3.81E-58,205
Q7L014,O00148,31.3,374,241,9,383,750,55,418,1.24E-51,185
Q7L0J3,O15244,23.2,267,156,6,202,464,144,365,1.57E-12,67.8
Q7L0J3,Q4U2R8,24.8,314,184,11,165,466,85,358,5.32E-10,59.7
Q7L0Q8,P60953,58.8,187,73,1,50,236,4,186,5.23E-77,229
Q7L0Q8,P63000,60.5,172,68,0,50,221,4,175,1.25E-70,213
Q7L0Q8,P61586,48.3,174,90,0,51,224,7,180,1.19E-55,174
Q7L0Q8,O14966,33.6,122,73,4,51,165,9,129,8.53E-12,60.1
Q7L266,Q9H6P5,36.9,306,150,8,4,268,43,346,8.23E-39,139
Q7L513,P12314,42.6,195,107,1,68,262,93,282,1.49E-44,154
Q7L513,P12318,38,92,57,0,54,145,98,189,2.92E-16,75.9
Q7L5N7,P62166,33.7,98,59,3,367,459,31,127,6.54E-09,53.1
Q7L622,Q9UMN6,27.2,114,74,3,14,127,1581,1685,6.80E-09,56.6
Q7L7L0,Q07889,32.1,84,56,1,11,94,90,172,5.00E-07,44.7
Q7L7V1,Q7Z478,34.8,230,140,4,31,250,539,768,4.63E-32,131
Q7LDG7,Q8IV61,54.4,566,246,6,3,562,2,561,4.86E-207,592
Q7LDG7,O95267,46.8,553,278,8,7,554,56,597,1.70E-170,502
Q7LG56,P31350,83.8,321,52,0,31,351,69,389,2.91E-204,563
Q7RTR0,Q96P20,36,848,495,10,146,978,220,1034,3.35E-160,496
Q7RTX0,P41180,28.9,878,547,21,12,827,8,870,9.16E-112,364
Q7RTX0,Q14416,27.9,861,529,29,9,824,11,824,4.87E-62,223
Q7RTX0,Q14832,24.5,832,569,23,25,824,29,833,9.56E-53,195
Q7RTX0,O15303,25,801,522,29,29,781,33,802,9.97E-52,192
Q7RTX0,O00222,22.7,842,578,23,26,824,37,848,1.20E-51,192
Q7RTX1,P41180,30,882,539,19,16,830,5,875,1.22E-122,393
Q7RTX1,Q14833,26.6,845,527,29,34,822,45,852,8.71E-64,228
Q7RTX1,O00222,25.3,860,538,29,24,822,32,848,2.35E-57,209
Q7RTX1,O15303,25.4,877,561,30,6,822,7,850,2.24E-55,203
Q7RTX1,Q14831,24.6,870,563,32,11,822,21,855,8.44E-52,192
Q7RTY0,P53985,31.1,431,247,5,7,387,13,443,1.97E-54,186
Q7RTZ1,Q8IU80,38.6,249,136,4,50,296,575,808,6.05E-51,184
Q7RTZ1,P03952,35.5,256,147,5,50,302,389,629,1.68E-49,178
Q7RTZ1,Q16651,33.5,278,167,6,50,321,43,308,2.22E-47,166
Q7RTZ1,P05981,35.9,259,143,7,51,300,162,406,3.16E-46,165
Q7RTZ1,P17538,37.3,249,132,9,50,296,32,258,7.31E-45,157
Q7RTZ1,Q9NRR2,34.5,278,156,6,31,306,24,277,3.29E-44,157
Q7RTZ1,P03951,34.9,255,148,6,48,299,384,623,1.72E-42,158
Q7RTZ1,O15393,34.4,256,142,8,50,299,254,489,4.75E-41,152
Q7RTZ1,Q9NRS4,35,246,140,7,51,295,204,430,9.28E-41,150
Q7RTZ1,P20231,35,280,144,10,30,298,19,271,9.32E-41,146
Q7RTZ1,Q9Y5Y6,35.1,259,146,6,46,297,609,852,4.26E-40,153
Q7RTZ1,O60235,33.1,251,149,6,51,301,186,417,1.58E-39,146
Q7RTZ1,Q15661,34.6,280,145,10,30,298,19,271,2.37E-39,142
Q7RTZ1,P35030,34.6,254,137,10,46,298,75,300,4.59E-38,139
Q7RTZ1,P00747,36.3,245,134,7,51,294,580,803,3.41E-37,144
Q7RTZ1,Q9P0G3,33.6,250,137,9,50,296,39,262,5.64E-35,130
Q7RTZ1,P00734,33.5,272,146,12,48,298,360,617,3.51E-34,134
Q7RTZ1,Q9UKR3,31.9,285,156,10,23,299,9,263,6.64E-34,127
Q7RTZ1,P00749,29.9,268,154,8,51,302,178,427,2.20E-30,120
Q7RTZ1,Q92876,29.2,250,150,8,50,299,20,242,1.39E-29,114
Q7RTZ1,P07288,30.4,263,145,9,48,298,21,257,9.84E-29,112
Q7RTZ1,P49863,29.4,255,159,7,46,298,23,258,4.99E-28,110
Q7RTZ1,P20151,30.2,262,147,8,48,298,21,257,2.63E-26,105
Q7RTZ1,P08246,26.7,255,151,7,48,299,26,247,3.48E-23,96.7
Q7RTZ1,P24158,27.1,255,149,9,50,299,26,248,9.55E-23,95.1
Q7Z2W4,Q9H0J9,38.8,438,218,11,491,894,257,678,8.45E-85,284
Q7Z2W4,Q9NR21,28.7,324,178,7,605,893,32,337,3.95E-37,140
Q7Z2W4,Q7Z3E1,28.9,436,233,16,511,895,241,650,1.06E-31,129
Q7Z2Y5,O95819,34.2,1571,671,30,14,1572,14,1233,5.24E-144,473
Q7Z2Y5,Q8N4C8,33.2,1591,779,30,1,1572,1,1326,6.67E-144,474
Q7Z2Y5,Q9UKE5,31,1609,819,30,1,1572,1,1354,2.75E-142,471
Q7Z2Y5,Q8NEV4,41.3,320,160,5,17,333,13,307,9.25E-71,259
Q7Z2Y5,Q8WXR4,43,305,146,4,15,316,17,296,1.74E-69,254
Q7Z2Y5,Q13043,38.9,298,143,8,21,317,26,285,6.75E-59,209
Q7Z2Y5,O00506,36.7,311,158,7,20,329,15,287,7.99E-58,204
Q7Z2Y5,Q13188,37.9,298,146,8,21,317,23,282,2.07E-57,204
Q7Z2Y5,Q9Y6E0,35.7,311,161,7,20,329,31,303,1.88E-56,200
Q7Z2Y5,Q8IVH8,39.7,297,142,7,20,313,11,273,5.87E-56,208
Q7Z2Y5,Q9H2G2,38,295,151,5,20,313,29,292,8.77E-56,210
Q7Z2Y5,Q9P289,34,318,165,8,17,334,16,288,2.75E-55,196
Q7Z2Y5,Q92918,39.1,297,144,7,20,313,12,274,2.43E-54,202
Q7Z2Y5,Q12851,37.9,298,148,6,18,312,9,272,2.83E-54,202
Q7Z2Y5,Q9Y4K4,38,297,147,7,20,313,15,277,3.69E-54,202
Q7Z2Y5,O94804,34.9,318,175,5,8,324,19,305,5.59E-54,203
Q7Z2Y5,Q9H2K8,36.1,321,170,7,8,328,7,292,5.61E-52,196
Q7Z2Y5,Q7L7X3,35.8,324,173,7,5,328,8,296,2.49E-51,195
Q7Z2Y5,O75914,34.5,345,165,9,10,353,271,555,5.54E-49,181
Q7Z2Y5,Q13153,34.6,309,160,7,10,317,258,525,6.31E-48,178
Q7Z2Y5,Q9UL54,36.1,310,161,8,5,313,8,281,8.81E-48,184
Q7Z2Y5,Q13177,34.6,306,158,7,10,314,237,501,2.09E-46,173
Q7Z2Y5,O96013,35.6,295,151,6,20,313,316,572,3.76E-45,171
Q7Z2Y5,Q9NQU5,35.1,305,156,7,10,313,395,658,1.67E-43,167
Q7Z2Y5,Q9UEW8,34.2,272,147,7,88,339,104,363,9.72E-42,159
Q7Z2Z2,O60841,30.7,153,74,4,15,151,625,761,5.01E-09,57.8
Q7Z3S7,Q9NY47,29.9,1130,664,39,54,1113,44,1115,1.75E-129,421
Q7Z3S7,P54289,28.2,1131,690,38,50,1118,10,1080,7.10E-116,383
Q7Z3S9,Q04721,100,152,0,0,1,152,40,191,2.70E-76,248
Q7Z3S9,P46531,43.7,215,93,4,7,206,41,242,1.10E-09,55.5
Q7Z407,P13497,28.6,646,330,18,1939,2564,322,856,6.41E-57,214
Q7Z407,P16581,25.4,472,263,10,2711,3168,151,547,2.00E-49,185
Q7Z407,P48740,26.1,376,213,14,730,1074,29,370,2.86E-25,112
Q7Z407,Q9Y6L7,23.7,291,151,5,721,1002,776,1004,2.96E-21,99.8
Q7Z407,O14786,26.9,297,140,8,904,1184,37,272,9.37E-16,81.6
Q7Z410,Q8IU80,48,244,121,5,816,1055,567,808,3.93E-66,236
Q7Z410,Q9Y5Y6,48.8,250,119,4,816,1056,603,852,4.29E-65,234
Q7Z410,O15393,42.2,244,135,5,191,431,244,484,7.80E-53,190
Q7Z410,O60235,40.9,247,135,5,816,1055,172,414,5.85E-52,186
Q7Z410,P07477,38.9,229,128,4,503,731,23,239,5.32E-51,177
Q7Z410,P10323,38.5,265,145,7,185,431,21,285,5.32E-51,183
Q7Z410,P07478,37.9,235,134,4,503,737,23,245,1.83E-50,176
Q7Z410,P03951,37.1,251,152,4,189,435,374,622,7.15E-46,172
Q7Z410,Q9NRS4,40.7,231,129,6,826,1053,204,429,1.43E-45,167
Q7Z410,P20231,37,243,133,7,203,431,31,267,1.26E-44,160
Q7Z410,Q15661,37,243,133,7,203,431,31,267,1.72E-44,159
Q7Z410,P00734,36.6,284,140,12,491,735,335,617,4.89E-39,152
Q7Z410,P00748,36.6,254,148,6,492,733,359,611,8.26E-38,148
Q7Z410,P00746,38.2,233,130,7,826,1053,25,248,4.44E-32,123
Q7Z410,P00736,30.2,258,152,8,498,738,458,704,4.64E-24,105
Q7Z449,P51589,40,498,271,8,38,534,21,491,1.18E-113,344
Q7Z449,P10635,39.7,519,282,6,25,539,1,492,4.48E-112,340
Q7Z449,P11712,38.6,477,264,7,37,511,7,456,1.95E-98,304
Q7Z449,P11509,37.9,486,275,5,36,520,10,469,1.33E-96,300
Q7Z449,P10632,35.5,484,287,3,37,520,7,465,1.67E-96,299
Q7Z449,P33261,38.4,477,265,8,37,511,7,456,6.57E-96,298
Q7Z449,P04798,31.7,486,292,10,60,532,40,498,9.70E-82,261
Q7Z449,P05177,31.2,513,308,12,37,532,15,499,2.20E-75,245
Q7Z449,P05093,30.8,426,283,8,110,526,56,478,1.59E-62,211
Q7Z449,P08686,28.7,529,319,15,25,544,4,483,1.76E-57,197
Q7Z449,Q07973,36.6,161,100,2,342,502,316,474,4.49E-26,108
Q7Z449,O15528,35,180,112,4,346,523,311,487,3.46E-24,103
Q7Z4N2,Q9BX84,50.5,1266,507,13,6,1238,51,1229,0,1184
Q7Z4N2,O94759,29.7,1323,739,33,7,1293,89,1256,1.45E-143,478
Q7Z4N2,Q7Z2W7,27.9,1158,618,35,5,1132,66,1036,5.51E-119,400
Q7Z4N2,Q8TD43,28.5,1219,712,35,42,1207,61,1173,1.70E-116,395
Q7Z4N2,Q9NZQ8,28.1,1141,643,29,57,1143,26,1043,4.39E-109,373
Q7Z4N2,Q9UBN4,21.5,353,204,11,823,1131,358,681,1.87E-13,72.8
Q7Z4N2,Q9UL62,22.6,371,210,14,823,1146,359,699,7.23E-13,70.9
Q7Z4N2,Q9HCX4,20.4,226,148,6,930,1143,543,748,2.08E-06,49.7
Q7Z4N8,Q9NXG6,29.9,167,73,4,406,528,293,459,2.06E-13,69.7
Q7Z4P5,P12643,57,107,45,1,344,450,291,396,1.19E-37,139
Q7Z4P5,P12644,32,322,154,9,141,450,140,408,1.02E-36,136
Q7Z4T8,Q8IUC8,45.5,380,198,5,63,435,43,420,7.66E-109,330
Q7Z4T8,Q10472,42.3,426,218,8,18,435,16,421,1.66E-108,329
Q7Z4T8,Q10471,45.9,342,170,5,102,436,104,437,8.25E-99,304
Q7Z4T8,Q96FL9,44.6,345,173,5,100,436,77,411,9.83E-99,303
Q7Z4T8,Q14435,40.6,389,209,9,68,436,110,496,2.65E-91,286
Q7Z4T8,Q86SR1,42.5,334,187,4,101,432,112,442,9.88E-91,284
Q7Z4T8,Q8NCL4,43.3,353,182,8,99,436,139,488,6.12E-90,283
Q7Z4W1,Q9BPX1,30.6,245,156,7,6,240,8,248,4.24E-22,89.4
Q7Z4W1,P28845,26,181,123,3,4,175,31,209,2.45E-07,47.8
Q7Z5H3,P11274,32.4,216,129,4,151,355,1050,1259,3.34E-24,105
Q7Z5J1,P28845,49.3,225,110,2,1,222,4,227,4.36E-61,194
Q7Z5L7,Q9NYK1,25.9,166,105,2,435,582,49,214,1.41E-08,55.1
Q7Z5N4,P29322,29.3,140,94,2,1337,1473,396,533,2.38E-08,56.6
Q7Z5Y6,P22004,45.7,446,164,4,34,402,69,513,9.77E-128,375
Q7Z5Y6,P12644,31.2,378,217,9,42,401,55,407,3.34E-52,177
Q7Z5Y6,P12643,31.4,376,209,13,43,401,52,395,2.79E-50,171
Q7Z6G8,O15357,34.5,58,36,1,815,872,1201,1256,5.00E-06,48.1
Q7Z6I6,P11274,34.7,170,109,2,17,185,1051,1219,4.06E-22,100
Q7Z6J0,P06241,40.4,57,34,0,448,504,85,141,7.89E-09,56.2
Q7Z6J0,P09769,38.6,57,35,0,448,504,80,136,1.36E-08,55.5
Q7Z6J4,P98174,53,547,246,5,106,642,377,922,2.89E-194,570
Q7Z6Z7,Q9HCE7,47,351,182,2,4019,4366,401,750,2.69E-96,328
Q7Z6Z7,P46934,48.4,382,186,8,3995,4371,940,1315,1.69E-94,335
Q7Z7G1,Q06124,31.3,131,64,4,303,423,106,220,2.17E-06,47
Q7Z7G1,P27986,33.3,96,56,4,299,394,323,410,2.33E-06,47
Q7Z7M0,O14786,33,109,65,3,39,141,34,140,6.97E-12,68.6
Q7Z7M9,Q10472,44.1,444,234,5,436,870,56,494,3.18E-131,404
Q7Z7M9,Q8IUC8,44,436,230,5,433,859,52,482,3.37E-129,398
Q7Z7M9,Q86SR1,40.9,521,264,11,439,935,90,590,4.75E-125,389
Q7Z7M9,Q14435,41.3,525,272,16,432,932,115,627,1.02E-114,363
Q7Z7M9,Q8NCL4,39.8,525,284,15,432,934,107,621,4.21E-113,358
Q7Z7M9,Q96FL9,39.4,498,265,13,457,932,65,547,4.04E-107,340
Q7Z7M9,Q10471,38.8,515,287,11,429,934,70,565,5.18E-106,338
Q86SF2,Q86SR1,41.6,517,270,12,148,649,88,587,1.50E-133,402
Q86SF2,Q10472,41.8,514,275,11,148,654,57,553,2.84E-124,377
Q86SF2,Q8IUC8,39.3,511,292,9,148,654,56,552,2.49E-121,369
Q86SF2,Q10471,35.9,493,286,13,142,627,72,541,2.47E-103,323
Q86SF2,Q8NCL4,38,542,297,17,129,649,96,619,5.33E-102,321
Q86SF2,Q96FL9,36.4,497,278,14,171,651,75,549,5.12E-100,314
Q86SF2,Q14435,35.7,541,293,16,138,649,113,627,2.43E-92,296
Q86SQ4,P48740,33,115,67,5,41,146,181,294,4.61E-09,57.8
Q86SS6,P05129,43.2,88,47,2,235,320,171,257,9.41E-14,70.9
Q86T26,O60235,39.3,420,249,5,1,416,1,418,2.36E-103,310
Q86T26,Q16651,40.2,254,139,4,172,413,32,284,4.72E-63,204
Q86T26,P05981,40.9,252,133,6,171,410,153,400,5.65E-59,195
Q86T26,P10323,39.5,286,154,8,149,415,5,290,6.22E-59,195
Q86T26,O15393,39.1,233,135,4,183,410,254,484,8.39E-58,194
Q86T26,Q9NRS4,37.8,270,154,4,153,410,162,429,3.88E-56,188
Q86T26,Q9NRR2,42.2,249,126,9,171,410,26,265,4.88E-55,182
Q86T26,P03952,39.8,249,136,6,177,414,380,625,1.51E-53,186
Q86T26,Q8IU80,40.9,247,131,6,171,410,568,806,4.30E-52,184
Q86T26,Q9Y5Y6,37.3,244,140,4,184,416,614,855,5.00E-51,181
Q86T26,P03951,38.2,238,138,4,184,414,387,622,2.15E-49,174
Q86T26,P00748,35.5,256,152,5,171,414,359,613,8.27E-46,164
Q86T26,Q04756,34.2,263,141,7,171,413,394,644,5.67E-44,159
Q86T26,P40313,35.7,244,148,7,171,410,19,257,8.03E-44,151
Q86T26,P48740,35.2,253,141,7,184,416,448,697,1.51E-43,159
Q86T26,P00747,35.5,242,149,6,171,410,567,803,4.87E-43,158
Q86T26,P20231,36.2,243,132,9,185,410,31,267,8.03E-43,149
Q86T26,Q15661,36.2,243,132,9,185,410,31,267,1.57E-42,148
Q86T26,P17538,34.5,252,139,9,171,410,19,256,3.13E-42,147
Q86T26,P07477,35.4,229,136,6,183,410,22,239,4.00E-42,146
Q86T26,P07478,35.9,237,140,6,175,410,14,239,7.82E-42,145
Q86T26,P35030,35.1,242,135,8,175,410,71,296,4.79E-40,142
Q86T26,P00734,36.7,264,138,10,173,410,353,613,1.26E-38,144
Q86T26,Q92876,35.2,230,135,7,183,410,20,237,8.54E-37,132
Q86T26,P04070,34.2,243,136,9,184,410,211,445,1.26E-36,136
Q86T82,O75604,28.6,290,179,10,329,598,255,536,7.71E-18,85.5
Q86T82,Q9UK80,25.2,294,180,9,342,601,213,500,2.87E-14,73.9
Q86T82,P40818,25.5,251,157,7,340,569,776,1017,1.35E-13,72.4
Q86TH1,Q9UNA0,37.6,242,125,10,59,286,579,808,9.74E-36,143
Q86TL0,Q8WYN0,31.5,368,184,8,94,434,29,355,7.00E-61,201
Q86TL0,Q9Y4P1,30.2,410,213,8,94,474,26,391,9.14E-60,198
Q86TM3,Q92841,43.7,444,235,10,165,602,119,553,6.54E-103,326
Q86TM3,Q86XP3,36.8,437,262,8,170,603,209,634,1.27E-79,268
Q86TM3,O00571,36.5,395,233,6,244,621,202,595,6.22E-71,239
Q86TM3,P38919,30.7,352,236,4,232,582,48,392,6.01E-49,173
Q86TM3,P26196,32.7,349,218,5,232,575,106,442,1.01E-48,174
Q86TM3,P60842,29.5,366,245,5,233,594,43,399,1.87E-47,169
Q86TM3,Q14240,29.1,364,249,4,233,594,44,400,1.31E-46,167
Q86TM3,O00148,26.6,380,266,8,223,597,46,417,2.29E-40,150
Q86TM3,Q92499,26.4,345,190,7,295,578,285,626,1.20E-24,106
Q86U06,Q15717,25.1,207,108,6,180,342,120,323,3.43E-14,70.5
Q86U06,P09651,35.4,79,42,2,264,341,15,85,1.06E-08,53.9
Q86UK0,Q9UNQ0,25.2,226,151,8,2266,2480,59,277,9.35E-08,54.7
Q86UL8,Q5TCQ9,46.3,1245,527,23,1,1237,1,1111,0,957
Q86UL8,P46934,59.4,32,13,0,304,335,842,873,3.51E-06,48.9
Q86UP6,O43897,26.9,245,142,5,54,262,484,727,2.18E-22,99.4
Q86UP6,Q9Y6L7,28,246,138,5,54,262,486,729,8.81E-22,97.4
Q86UP6,P13497,27.1,247,139,4,54,262,457,700,1.07E-20,94
Q86UP6,O14786,33.9,115,67,4,154,262,27,138,7.28E-11,62.4
Q86UQ0,Q8TAX0,29.5,139,84,5,146,276,71,203,2.83E-06,45.4
Q86UQ4,Q9UNQ0,29.3,198,127,6,3870,4057,75,269,7.47E-16,82
Q86UR5,O00750,34,144,86,4,1522,1658,1485,1626,3.09E-13,72.4
Q86UR5,P05129,37.8,111,60,6,1552,1658,172,277,1.03E-07,53.9
Q86UT5,O14745,40.9,203,111,5,327,524,12,210,1.22E-29,117
Q86UT6,Q96P20,26.1,383,226,14,143,512,202,540,5.03E-22,99.8
Q86VB7,P58215,30,563,266,13,170,690,56,532,1.07E-61,223
Q86VB7,Q96JB6,28.6,549,251,11,170,662,44,507,4.98E-61,221
Q86VB7,Q9Y4K0,33.3,390,189,7,703,1028,42,424,1.39E-57,211
Q86VB7,P21757,53.3,107,50,0,923,1029,344,450,5.07E-32,128
Q86VD7,P12236,31.1,280,160,11,38,295,13,281,9.32E-29,109
Q86VD7,P05141,30.4,276,167,9,38,295,13,281,9.28E-28,107
Q86VF5,Q96PD7,52,321,154,0,18,338,65,385,2.51E-128,370
Q86VF5,Q58HT5,45.8,325,174,2,17,341,6,328,5.37E-103,303
Q86VF5,Q3SYC2,47.7,323,168,1,18,340,12,333,1.95E-99,294
Q86VF5,Q6E213,43.4,297,167,1,45,341,38,333,6.13E-98,290
Q86VH2,Q7Z4S6,46.9,401,187,3,2,376,6,406,8.37E-98,343
Q86VH2,O15066,44.5,380,188,8,6,376,10,375,1.40E-77,270
Q86VH2,Q9Y496,42.2,374,195,7,6,371,15,375,1.42E-74,260
Q86VH2,O60333,36,400,221,7,1,376,1,389,4.34E-61,228
Q86VH2,P52732,37.6,359,197,7,6,348,19,366,5.42E-60,222
Q86VH2,Q9NS87,39.1,376,207,8,6,370,27,391,1.66E-56,213
Q86VH2,Q99661,33.9,378,208,10,1,362,254,605,8.96E-47,177
Q86VH2,Q9BW19,39.5,304,157,9,45,337,372,659,2.29E-42,163
Q86VQ3,P10599,61.2,103,40,0,450,552,2,104,5.67E-39,135
Q86VQ6,Q16881,68.9,602,181,2,48,643,48,649,1.72e-312,860
Q86VQ6,P00390,35.8,486,267,15,157,626,65,521,7.98E-80,259
Q86VW1,O15244,28.4,557,374,7,7,555,6,545,1.67E-64,218
Q86VW1,Q4U2R8,28.6,542,352,6,6,538,3,518,3.77E-59,204
Q86VW1,Q8TCC7,29.3,536,344,8,6,538,3,506,6.69E-59,202
Q86VW2,P15498,27.3,275,175,10,165,426,199,461,4.10E-15,75.9
Q86VW2,P98174,26.1,184,124,3,163,334,376,559,4.35E-12,66.2
Q86W24,Q96P20,37,1040,552,16,15,994,10,1006,1.92E-200,604
Q86W26,Q96P20,37,641,312,14,17,576,14,643,1.01E-106,344
Q86W74,P25963,37,108,55,5,5,102,106,210,4.56E-09,52.8
Q86WA8,P36776,38.2,672,341,7,183,835,331,947,2.59E-143,445
Q86WD7,P08185,44.2,369,201,2,46,414,41,404,5.96E-98,296
Q86WD7,P01008,33.3,378,238,12,48,414,87,461,3.31E-48,168
Q86WJ1,Q14839,44.6,520,249,12,42,531,722,1232,2.07E-121,403
Q86WJ1,P51532,42.7,482,247,8,46,499,754,1234,1.57E-101,344
Q86WJ1,P51531,41.4,507,265,9,21,499,702,1204,1.43E-100,341
Q86WJ1,Q92698,30.3,512,303,14,46,505,153,662,2.23E-50,187
Q86WN1,Q16584,40,60,35,1,553,611,48,107,2.87E-06,47.8
Q86WS5,O60235,37.5,253,148,5,63,315,172,414,5.41E-57,188
Q86WS5,Q16651,37.5,264,143,7,58,313,32,281,1.13E-49,167
Q86WS5,Q9NRS4,38,255,140,8,60,313,192,429,3.37E-49,168
Q86WS5,Q8IU80,36.6,257,144,9,63,315,567,808,3.11E-48,171
Q86WS5,Q9Y5Y6,36,261,149,8,63,316,603,852,6.96E-48,170
Q86WS5,Q9UNI1,35.7,244,146,6,76,315,17,253,1.55E-47,159
Q86WS5,P03951,37.2,242,141,5,77,315,387,620,1.11E-44,159
Q86WS5,P17538,34.6,254,150,8,64,315,19,258,1.50E-40,140
Q86WS5,P00740,34.6,243,145,6,76,315,225,456,5.99E-39,141
Q86WS5,P49863,33.3,261,158,8,67,323,16,264,9.27E-38,133
Q86WS5,P40313,32.5,255,155,10,64,315,19,259,2.54E-37,132
Q86WS5,P00742,32.8,250,156,5,66,313,223,462,4.09E-36,134
Q86WS5,P00746,31.5,238,148,6,77,313,25,248,4.14E-35,126
Q86WS5,P49862,33.2,247,141,10,71,315,23,247,8.09E-35,125
Q86WS5,P00750,30.3,267,169,7,64,316,296,559,1.48E-34,130
Q86WS5,P35030,32.1,240,141,6,77,315,80,298,9.89E-33,121
Q86WS5,P26927,31.1,241,143,9,77,313,483,704,6.03E-31,120
Q86WS5,P04070,30.2,248,155,7,77,316,211,448,3.84E-30,117
Q86WS5,P10144,32.7,220,130,6,78,295,21,224,3.01E-29,110
Q86WS5,P14210,31,226,137,9,91,313,507,716,1.90E-28,113
Q86WS5,P08311,31.4,245,150,7,69,313,12,238,5.00E-28,107
Q86WT6,O00481,45.2,155,84,1,327,480,344,498,2.08E-36,138
Q86WV1,P62993,39.6,48,28,1,303,350,7,53,1.49E-06,45.8
Q86X52,Q8TDX6,39,249,143,4,534,777,263,507,4.75E-54,193
Q86XF0,P00374,93.4,183,12,0,5,187,5,187,1.17E-124,346
Q86XP0,P0C869,50.8,795,363,8,17,807,5,775,1.08E-268,761
Q86XP0,P47712,29.7,627,382,19,234,807,99,719,1.27E-73,253
Q86XP1,P49619,39.3,303,155,6,174,459,270,560,4.85E-57,209
Q86XP1,Q9Y6T7,36.7,330,153,5,174,457,243,562,7.55E-57,209
Q86XP1,P23743,38.6,324,166,9,174,474,204,517,1.85E-56,207
Q86XP1,Q13574,32.4,333,171,12,174,459,96,421,5.63E-39,154
Q86XQ3,Q9UI33,24.2,260,175,6,30,268,1346,1604,1.07E-10,60.8
Q86XQ3,Q01668,24.1,245,126,6,83,267,161,405,3.53E-07,49.7
Q86XT4,O00481,37.3,169,102,2,286,453,332,497,2.97E-31,123
Q86XT4,P38398,31.9,69,47,0,10,78,18,86,3.20E-08,53.5
Q86Y91,Q9Y496,39.6,389,205,6,8,391,15,378,5.30E-71,245
Q86Y91,O15066,40.1,389,199,8,7,388,9,370,3.22E-70,244
Q86Y91,O60333,38,405,207,11,6,389,4,385,2.79E-63,229
Q86Y91,P52732,37.6,402,211,10,8,390,19,399,1.77E-62,226
Q86Y91,O60282,41.1,299,167,4,65,359,42,335,4.21E-59,215
Q86Y91,Q12840,41.8,294,162,4,70,359,47,335,2.10E-58,213
Q86Y91,Q9NS87,36.9,409,213,11,4,397,23,401,2.45E-58,214
Q86Y91,Q15058,36.3,397,219,10,1,384,352,727,2.16E-57,211
Q86Y91,Q7Z4S6,34.2,436,210,8,2,393,4,406,1.24E-56,209
Q86Y91,P33176,40.5,294,165,4,70,359,46,333,1.25E-56,207
Q86Y91,Q02224,36.9,325,190,6,69,388,46,360,2.08E-53,199
Q86Y91,Q99661,36.4,365,186,9,3,351,254,588,8.75E-52,191
Q86Y91,Q02241,28.8,371,182,5,66,354,69,439,4.21E-41,160
Q86Y91,Q9BW19,36.6,298,165,9,70,350,372,662,3.49E-35,140
Q86Y91,O95235,35.2,216,120,5,149,351,299,507,2.23E-26,113
Q86YB8,Q96HE7,64.8,432,149,2,34,465,38,466,5.12E-219,608
Q86YD1,Q71SY5,65.2,201,58,3,85,273,392,592,3.25E-80,259
Q86YS6,P61026,44.4,198,106,3,15,212,6,199,8.80E-56,173
Q86YS6,P20340,41.6,197,110,3,19,212,14,208,8.93E-47,150
Q86YS6,O14966,36,200,121,4,16,210,5,202,1.39E-35,122
Q86YV5,Q9H792,44.9,508,205,10,937,1404,1272,1744,5.53E-108,375
Q86YW0,P51178,42.3,600,339,4,12,604,153,752,9.36E-153,455
Q86YW0,P19174,32.9,313,194,5,4,301,155,466,5.13E-46,172
Q86YW0,P16885,47.4,173,90,1,131,302,287,459,5.32E-45,169
Q86Z14,P09848,37,976,535,19,58,968,881,1841,1.05E-205,640
Q86Z14,Q9H227,38.6,464,246,7,81,507,3,464,4.05E-100,321
Q8IUA7,P13569,24.3,226,147,8,481,695,1210,1422,2.73E-07,52.8
Q8IUE6,Q07889,32.1,84,56,1,11,94,90,172,6.80E-07,44.3
Q8IUG5,P35580,25.2,725,463,24,510,1217,30,692,2.75E-45,178
Q8IUG5,Q9UKX2,23.8,714,451,22,516,1205,38,682,2.88E-38,155
Q8IUG5,Q7Z406,26.6,493,286,13,962,1446,489,913,1.24E-34,143
Q8IUH3,Q14576,33.3,69,46,0,110,178,29,97,9.03E-09,54.3
Q8IUH5,Q9UIJ5,50.9,53,26,0,438,490,128,180,1.56E-14,72.8
Q8IUH5,Q5W0Z9,34.6,81,49,1,438,514,127,207,6.31E-11,61.6
Q8IUH5,P19838,27.3,187,128,4,87,265,540,726,4.54E-06,47
Q8IUH8,Q8TCT7,49.9,529,222,8,12,534,16,507,1.35E-157,465
Q8IUH8,Q8TCT8,36.5,531,293,9,11,540,17,504,5.07E-102,319
Q8IUN9,P07306,54.9,315,113,5,1,314,1,287,1.55E-119,343
Q8IUN9,Q8WTT0,34.1,164,89,6,150,305,55,207,4.17E-22,89.7
Q8IUQ0,P49638,37.1,205,119,2,73,273,49,247,4.95E-40,140
Q8IUX4,Q9HC16,50.4,385,174,7,1,373,1,380,2.02E-127,369
Q8IUX7,P15169,44.6,424,207,5,562,985,23,418,7.63E-111,351
Q8IUX7,P14384,31,406,225,9,560,962,18,371,5.43E-64,221
Q8IUX7,O14786,33.1,166,99,3,380,542,270,426,4.85E-20,93.6
Q8IUX7,P12259,32.7,162,96,3,387,542,2069,2223,2.07E-19,92
Q8IV63,Q99986,36.1,316,191,5,150,461,21,329,1.02E-64,211
Q8IV63,Q86Y07,36.7,330,178,8,153,474,16,322,1.85E-57,195
Q8IV63,P48730,27,215,147,7,239,450,63,270,6.76E-17,79.7
Q8IV63,P49674,26.5,215,148,7,239,450,63,270,1.62E-16,78.6
Q8IV77,O95259,23.6,479,294,14,37,457,220,684,3.02E-29,120
Q8IVB4,Q14940,35.9,373,229,5,122,490,93,459,2.79E-57,205
Q8IVB4,P48764,34.1,372,230,7,124,490,105,466,4.48E-55,198
Q8IVB4,Q9UBY0,33,361,230,6,132,490,139,489,8.07E-50,183
Q8IVB4,P19634,32.1,377,244,7,132,506,159,525,1.04E-44,168
Q8IVF5,P15498,27.8,212,132,5,1087,1295,182,375,1.64E-12,69.7
Q8IVF5,Q7Z628,25.1,195,130,4,1099,1291,174,354,1.21E-09,60.1
Q8IVH2,O43524,39.8,88,45,2,471,550,161,248,1.75E-13,70.9
Q8IVH2,Q12778,36.4,88,48,2,471,550,164,251,6.24E-12,65.9
Q8IVL8,P15086,48.1,293,151,1,45,337,114,405,1.77E-102,306
Q8IVL8,Q96IY4,46.2,314,166,3,29,340,103,415,6.01E-102,305
Q8IVL8,P15088,46.8,293,155,1,45,337,114,405,2.31E-97,293
Q8IVL8,P15085,38.7,302,183,2,41,342,113,412,3.97E-74,233
Q8IVM8,Q96S37,45.5,534,290,1,1,534,1,533,1.01E-148,436
Q8IVM8,Q9NSA0,43.4,532,293,5,1,530,1,526,5.56E-136,403
Q8IVM8,Q8TCC7,38.2,550,313,8,1,549,1,524,1.38E-109,335
Q8IW75,P08185,35.3,368,234,3,48,412,39,405,4.70E-84,260
Q8IW75,P01008,31.7,388,240,13,47,414,82,464,1.17E-44,158
Q8IWB6,P42685,24.3,263,180,8,254,512,242,489,1.87E-14,75.1
Q8IWB6,Q16584,29.1,234,142,9,265,488,136,355,1.07E-12,70.1
Q8IWB6,O43283,25.2,214,147,4,297,509,206,407,1.14E-12,70.1
Q8IWB6,Q5TCX8,26.2,302,194,10,254,539,132,420,2.02E-12,69.3
Q8IWB6,Q12852,27.4,197,126,4,287,483,153,332,3.20E-12,68.6
Q8IWB6,P80192,27.6,232,150,8,265,489,163,383,3.55E-12,68.6
Q8IWB6,Q02779,28.1,228,146,8,264,484,116,332,1.30E-11,66.6
Q8IWB6,P21709,25.8,190,128,5,304,490,682,861,1.98E-10,62.8
Q8IWB6,O15197,27.7,184,107,5,301,483,725,883,4.53E-10,61.6
Q8IWB6,P12931,24.2,227,152,7,265,488,289,498,5.55E-10,60.8
Q8IWB6,P07948,25.1,267,175,8,266,529,268,512,9.24E-10,60.1
Q8IWB6,P06241,24.9,237,155,8,265,498,290,506,9.63E-10,60.1
Q8IWB6,Q9NYL2,28.8,184,111,6,295,472,53,222,1.22E-09,60.1
Q8IWB6,P09769,25.7,245,148,8,265,499,282,502,2.17E-09,58.9
Q8IWB6,P08631,23.5,243,167,8,290,529,300,526,6.48E-09,57.4
Q8IWB6,O43318,23.7,283,182,10,255,529,45,301,1.23E-08,56.6
Q8IWB6,P06239,21.8,238,173,6,290,525,283,509,1.44E-08,56.2
Q8IWB6,P29317,26.6,173,107,4,324,488,690,850,1.98E-08,56.2
Q8IWB6,P54756,25,200,136,5,293,488,722,911,3.47E-08,55.5
Q8IWB6,P29322,24.6,211,142,7,293,499,682,879,3.00E-07,52.4
Q8IWB6,P08922,26.5,211,129,7,293,488,1995,2194,3.44E-07,52.4
Q8IWB6,P14616,25.6,172,100,5,320,475,1053,1212,1.61E-06,50.1
Q8IWB6,P51451,22.9,227,135,8,266,483,262,457,7.93E-06,47.4
Q8IWE4,Q96GG9,44.1,188,99,4,90,276,64,246,2.77E-50,164
Q8IWL1,P22897,35.2,108,65,4,144,247,381,487,8.96E-11,58.9
Q8IWL2,P22897,35.2,108,65,4,144,247,381,487,8.96E-11,58.9
Q8IWN7,Q8N568,26.2,210,134,6,33,226,71,275,3.08E-10,62.8
Q8IWU2,Q96Q04,43.2,528,258,11,48,557,41,544,6.73E-115,394
Q8IWU2,Q16620,34,306,171,10,119,410,522,810,3.93E-38,152
Q8IWU2,P04629,33.6,283,161,6,142,410,515,784,8.01E-38,150
Q8IWU2,Q16288,28.3,304,178,7,132,407,533,824,4.54E-32,132
Q8IWU2,P29376,28.2,305,189,9,118,409,492,779,5.78E-31,129
Q8IWU2,P30530,29.3,280,171,9,132,399,531,795,6.55E-29,122
Q8IWU2,Q9UM73,29.6,284,178,9,124,398,1104,1374,2.50E-28,121
Q8IWU2,P06241,31.3,281,164,11,131,407,265,520,5.30E-27,114
Q8IWU2,Q15303,24.4,270,184,8,137,403,718,970,2.55E-17,85.5
Q8IWU2,P00533,26.6,263,171,11,140,398,715,959,3.23E-17,85.1
Q8IWU2,P21860,26.8,276,170,10,137,403,709,961,2.94E-16,82
Q8IWU2,P04626,27.1,266,172,10,137,398,720,967,8.46E-16,80.5
Q8IWU2,Q9H4B4,22.4,268,178,9,143,405,68,310,1.69E-08,56.2
Q8IWU2,P45985,23.1,277,186,12,137,403,102,361,5.14E-06,47.8
Q8IWW6,P52757,34.9,189,120,3,652,837,273,461,3.93E-32,128
Q8IWW6,P11274,41.2,170,96,4,653,819,1051,1219,6.29E-28,118
Q8IX03,Q9HCE7,53.1,32,15,0,7,38,307,338,5.08E-06,47.8
Q8IX04,P07195,40.1,314,159,6,183,470,22,332,8.73E-70,223
Q8IX04,P00338,40.1,317,165,6,178,470,16,331,1.78E-68,219
Q8IX04,Q99816,55.9,136,60,0,8,143,8,143,1.16E-50,174
Q8IXB1,P31689,43.6,78,41,1,33,110,4,78,8.18E-13,68.2
Q8IXF0,Q16665,37,389,176,7,52,434,18,343,9.60E-68,239
Q8IXF0,Q99814,32.8,411,207,6,52,451,15,367,4.59E-62,224
Q8IXF0,P35869,26,381,245,9,64,437,40,390,1.02E-28,120
Q8IXI1,P61586,28.4,176,109,3,6,167,7,179,6.36E-11,59.3
Q8IXK2,Q8NCL4,45.4,535,259,13,62,576,100,621,9.95E-146,432
Q8IXK2,Q14435,44.9,539,260,14,62,578,108,631,4.91E-140,417
Q8IXK2,Q8IUC8,45,513,259,11,76,581,58,554,4.67E-138,410
Q8IXK2,Q10472,43.7,497,257,10,89,577,70,551,3.24E-133,397
Q8IXK2,Q10471,42.9,496,257,11,88,576,89,565,1.23E-120,365
Q8IXK2,Q86SR1,40.2,493,255,12,95,572,105,572,1.30E-115,353
Q8IXK2,Q96FL9,46.3,365,183,5,83,441,59,416,4.68E-108,332
Q8IXQ5,Q14145,32.8,375,228,8,32,390,65,431,4.06E-54,191
Q8IY21,P42285,30,190,114,6,746,931,122,296,7.02E-16,80.9
Q8IY33,P46939,38.3,128,74,2,5,128,154,280,5.03E-18,87
Q8IY34,P46059,20.6,408,265,9,38,431,19,381,8.52E-19,87.4
Q8IY37,Q7Z478,27.6,808,473,24,235,999,552,1290,6.66E-59,219
Q8IY37,Q7L2E3,28.9,613,294,15,240,823,423,922,2.13E-48,185
Q8IYL9,Q15743,36.1,313,189,2,9,321,16,317,2.35E-70,221
Q8IYL9,P25105,30.8,305,192,7,8,298,2,301,7.89E-38,135
Q8IYL9,Q99677,32.2,304,183,9,2,296,28,317,3.71E-37,134
Q8IYL9,P43657,28.6,301,203,5,1,296,4,297,1.18E-36,132
Q8IYL9,Q9H1C0,29,286,194,5,14,295,22,302,1.05E-33,125
Q8IYL9,P32249,28.4,324,195,9,2,306,19,324,2.31E-33,124
Q8IYL9,P30556,24.7,324,230,6,9,326,23,338,6.86E-27,106
Q8IYL9,Q96RI0,29.3,287,182,6,16,298,79,348,9.65E-27,106
Q8IYL9,P49682,24.7,296,210,6,11,305,50,333,2.37E-24,99.4
Q8IYL9,P51684,25,308,211,7,6,306,38,332,4.78E-24,98.6
Q8IYL9,P31391,24.2,285,192,5,20,298,53,319,5.95E-22,92.8
Q8IYL9,P30872,24.1,295,203,5,16,305,60,338,8.33E-22,92.4
Q8IYL9,P30874,24,312,205,8,7,305,35,327,1.11E-20,89
Q8IYL9,Q99788,24.7,295,186,7,19,295,45,321,2.85E-18,82
Q8IYL9,P29371,21.3,305,211,8,16,308,87,374,5.67E-12,63.5
Q8IYL9,Q6W5P4,23,278,174,9,42,296,76,336,2.59E-11,61.2
Q8IYL9,Q8NFJ6,24.2,265,175,10,44,294,83,335,4.87E-10,57.4
Q8IYL9,Q8TCW9,23.8,265,176,10,44,294,92,344,4.98E-09,54.3
Q8IYM1,Q9UHD8,64.9,291,101,1,28,317,277,567,2.91E-137,400
Q8IYM9,O00481,32,197,106,7,302,495,341,512,8.85E-21,92.4
Q8IYM9,P38398,31.6,76,48,1,9,84,18,89,2.81E-09,57
Q8IYP9,Q9UIJ5,46.6,58,31,0,260,317,128,185,2.88E-14,70.9
Q8IYR2,Q9H7B4,39.1,87,51,1,519,605,185,269,1.69E-12,67.4
Q8IYT4,Q9ULI0,31.5,289,163,9,250,522,396,665,5.76E-33,131
Q8IYT4,Q6PL18,34.8,247,136,8,250,484,422,655,7.71E-32,128
Q8IYU2,P46934,45.8,325,170,5,578,899,988,1309,5.97E-80,280
Q8IYU2,Q9HCE7,42.2,353,195,6,557,902,403,753,1.77E-79,271
Q8IZ41,P61026,43.3,171,91,1,542,712,10,174,3.64E-41,146
Q8IZ41,P51159,38.3,183,96,3,543,714,11,187,1.39E-33,125
Q8IZ41,O14966,34.6,179,106,4,542,715,8,180,5.13E-26,103
Q8IZ41,P61586,32.1,162,98,5,543,694,7,166,4.03E-16,74.7
Q8IZC6,P02458,33.3,237,118,6,1661,1860,1254,1487,3.30E-30,128
Q8IZD6,O75751,33.2,410,263,6,90,497,133,533,6.43E-63,213
Q8IZD6,Q8TCC7,33.4,428,255,6,90,502,101,513,4.97E-60,205
Q8IZD6,Q4U2R8,31.3,419,271,5,88,497,110,520,2.71E-56,195
Q8IZD6,O15245,30.5,538,315,12,3,495,4,527,8.48E-56,194
Q8IZD6,Q96S37,30.8,419,273,5,88,497,121,531,3.25E-48,173
Q8IZD9,Q92608,38.7,1658,943,27,2,1630,4,1617,0,1139
Q8IZF0,Q01668,25.9,752,474,21,856,1563,865,1577,1.99E-43,171
Q8IZF0,Q13698,24.6,663,425,19,930,1545,844,1478,1.36E-37,152
Q8IZF0,Q13936,25.4,614,374,18,1003,1552,1035,1628,2.18E-34,142
Q8IZF0,P35499,26.7,528,340,15,1003,1503,1146,1653,7.70E-34,140
Q8IZF0,Q9NY46,27.3,509,309,18,1003,1478,1321,1801,1.81E-33,139
Q8IZF0,Q15878,24.3,720,480,22,858,1545,1134,1820,5.64E-33,137
Q8IZF0,Q14524,27.8,511,306,17,1003,1478,1320,1802,1.20E-32,136
Q8IZF0,P35498,26.9,509,314,17,1003,1478,1333,1816,6.05E-32,134
Q8IZF0,Q15858,26.6,515,308,16,1003,1478,1307,1790,2.32E-31,132
Q8IZF0,Q9UQD0,27.7,506,314,16,1003,1478,1313,1796,3.04E-31,131
Q8IZF0,O00555,24.4,698,455,22,887,1545,1244,1907,9.73E-31,130
Q8IZF0,Q00975,25.4,623,412,17,887,1485,1151,1744,1.63E-30,129
Q8IZF0,Q9Y5Y9,26.4,538,352,16,1003,1513,1267,1787,5.89E-30,127
Q8IZF0,Q99250,27.1,506,317,17,1003,1478,1323,1806,1.02E-29,126
Q8IZF0,Q9UI33,24.7,498,326,12,1003,1478,1164,1634,1.06E-22,103
Q8IZF0,O95180,23.4,308,181,9,928,1185,146,448,2.12E-08,56.6
Q8IZF0,O43497,21.7,309,191,7,922,1185,122,424,5.36E-07,52
Q8IZJ3,P01023,35.3,592,315,18,1100,1671,928,1471,7.62E-87,311
Q8IZJ3,P01024,23.7,957,573,33,31,893,24,917,2.86E-40,161
Q8IZJ3,P01031,22.4,916,537,33,33,847,23,865,2.16E-36,148
Q8IZL9,P50613,43.3,305,164,5,3,303,11,310,2.08E-78,241
Q8IZL9,Q00535,46,289,152,4,1,288,1,286,3.19E-78,239
Q8IZL9,P21127,42.6,305,168,4,1,301,435,736,2.59E-71,234
Q8IZL9,Q9UQ88,42.3,305,169,4,1,301,423,724,5.90E-71,233
Q8IZL9,Q9NYV4,40.3,293,164,2,1,283,724,1015,6.88E-69,231
Q8IZL9,Q14004,38.7,313,177,3,1,303,702,1009,6.91E-69,231
Q8IZL9,Q07002,38.5,288,174,3,1,288,141,425,3.21E-67,216
Q8IZL9,Q00537,35.8,288,182,3,1,288,189,473,2.07E-65,213
Q8IZL9,Q00536,35.9,290,183,3,1,290,162,448,5.77E-61,200
Q8IZL9,O76039,40.1,292,171,4,1,290,10,299,6.16E-61,207
Q8IZL9,Q96Q40,38.1,294,176,5,2,292,101,391,6.10E-60,196
Q8IZL9,Q00534,38.5,296,167,7,2,288,11,300,1.15E-59,192
Q8IZL9,Q8TD08,39.6,298,161,8,3,287,12,303,4.40E-59,196
Q8IZL9,Q13164,40,295,167,7,2,287,53,346,9.69E-59,200
Q8IZL9,Q92772,37,289,179,3,1,288,1,287,1.20E-58,194
Q8IZL9,O94921,37.8,294,177,5,2,292,133,423,3.12E-56,187
Q8IZL9,P11802,36.7,297,171,7,2,287,4,294,3.85E-54,177
Q8IZL9,Q8IVW4,34.9,289,184,4,1,288,1,286,8.23E-54,183
Q8IZL9,P28482,35.1,299,170,6,3,287,24,312,1.21E-53,177
Q8IZL9,Q16539,36.7,294,172,5,2,288,22,308,1.40E-51,172
Q8IZL9,P53778,35.6,292,174,5,4,288,27,311,2.33E-51,172
Q8IZL9,O15264,35.7,286,169,5,10,288,31,308,6.14E-51,171
Q8IZL9,P27361,34,291,184,5,3,287,41,329,8.54E-51,171
Q8IZL9,Q15759,35.1,291,171,6,7,288,27,308,2.32E-50,169
Q8IZL9,P49841,34,294,164,11,10,288,62,340,1.31E-46,160
Q8IZN3,Q9UIJ5,37.5,128,70,3,164,287,126,247,1.00E-20,90.9
Q8IZN3,Q5W0Z9,31.9,144,90,2,147,287,108,246,8.42E-19,85.1
Q8IZY2,Q9UNQ0,29.6,213,125,7,1825,2020,78,282,2.30E-14,75.9
Q8N0U8,Q9BQB6,48.6,148,73,1,12,159,8,152,1.35E-47,150
Q8N0W4,P06276,34.2,564,315,14,47,595,33,555,1.72E-98,316
Q8N0W4,P22303,33.9,616,342,19,1,597,1,570,1.90E-95,308
Q8N0W4,O00748,33.6,560,314,15,46,595,32,543,1.59E-87,285
Q8N0W4,P23141,33.8,583,295,17,46,593,24,550,1.03E-86,283
Q8N0W4,P19835,34.1,577,299,17,39,589,17,538,2.58E-82,276
Q8N119,P50281,29,455,211,19,85,489,61,453,3.33E-32,128
Q8N119,Q9Y5R2,26.8,471,220,16,84,490,106,515,1.23E-29,120
Q8N119,P51511,33.9,304,151,13,41,331,42,308,1.22E-22,99.4
Q8N119,P51512,27.2,393,171,16,85,414,69,409,4.39E-22,97.4
Q8N139,P08183,29.4,265,170,7,437,689,351,610,1.85E-16,82.8
Q8N139,Q9UNQ0,29.4,218,140,6,509,715,75,289,1.25E-14,76.3
Q8N139,P13569,27.6,210,136,8,1305,1503,1229,1433,9.38E-10,60.8
Q8N142,P30520,79.3,430,87,1,30,457,27,456,8.57E-264,721
Q8N144,P17302,36.6,235,130,1,1,216,1,235,3.52E-48,162
Q8N144,P29033,37.6,221,120,5,3,213,2,214,1.00E-41,141
Q8N149,Q9HCN6,40.6,271,137,7,1,267,1,251,9.26E-48,165
Q8N157,P07947,40.4,52,30,1,1057,1107,97,148,1.62E-06,49.3
Q8N157,P19174,38.9,72,41,1,1056,1124,796,867,3.64E-06,48.5
Q8N1C3,Q16445,50,416,186,5,64,463,32,441,1.87E-127,375
Q8N1C3,P34903,47.6,412,201,5,65,462,68,478,4.13E-125,370
Q8N1C3,P31644,48.9,405,196,5,65,463,50,449,7.28E-124,366
Q8N1C3,P14867,47.3,412,193,5,65,463,43,443,6.19E-121,358
Q8N1C3,P48169,52.8,341,159,2,58,396,42,382,1.10E-120,361
Q8N1C3,P47869,46.5,419,184,6,65,463,43,441,1.91E-118,352
Q8N1C3,P28472,37.2,436,236,6,64,462,37,471,2.85E-86,270
Q8N1C3,P23415,38.3,420,241,9,56,462,32,446,2.91E-81,256
Q8N1C3,P23416,38.8,402,216,10,74,462,57,441,1.98E-80,254
Q8N1C3,O75311,38.6,412,214,9,74,462,56,451,5.41E-80,253
Q8N1C3,P24046,37,416,246,7,56,459,64,475,8.06E-80,253
Q8N1I0,Q92608,39.5,1633,912,28,2,1584,4,1610,0,1135
Q8N1T3,Q9UKN7,37.3,697,385,13,12,688,1223,1887,1.48E-130,435
Q8N1T3,P35580,35.6,762,434,13,24,752,97,834,3.49E-126,421
Q8N1T3,P35579,35.1,795,460,16,24,787,93,862,4.49E-124,415
Q8N1T3,Q7Z406,35.4,758,438,14,24,752,117,851,5.08E-122,409
Q8N1T3,Q9UKX2,35.4,749,433,13,13,730,88,816,1.05E-121,408
Q8N1T3,Q8WXR4,32.1,788,450,17,9,739,340,1099,9.97E-115,382
Q8N1T3,Q8NEV4,32.4,790,448,16,13,745,340,1100,6.10E-111,375
Q8N264,P11274,36.8,171,100,3,131,299,1050,1214,8.36E-23,101
Q8N2I9,O60285,40.2,169,90,4,159,324,140,300,9.60E-29,116
Q8N2I9,P31751,34.1,182,111,4,162,338,240,417,2.13E-24,102
Q8N2I9,Q9H093,36.3,168,100,4,158,324,136,297,8.78E-24,101
Q8N2I9,Q9Y2K2,36.4,165,97,4,162,324,153,311,5.78E-23,99.4
Q8N2I9,P15735,36,172,101,4,162,326,118,287,1.48E-22,96.3
Q8N2I9,Q96L34,32.7,165,107,3,162,326,146,306,1.89E-22,97.4
Q8N2I9,P31749,35.6,163,100,4,162,323,238,396,3.34E-22,95.9
Q8N2I9,Q9NYY3,32.1,187,115,5,147,325,147,329,4.31E-19,87
Q8N2I9,Q9BXA7,32.3,161,104,2,169,325,108,267,8.45E-19,84.7
Q8N2I9,Q9BYT3,29.1,179,115,4,159,326,200,377,3.23E-18,84
Q8N2I9,P57058,32.9,167,101,6,158,318,147,308,3.31E-18,84.3
Q8N2I9,Q96PF2,32.7,153,98,2,177,325,116,267,2.76E-17,80.1
Q8N2I9,Q9H4B4,31,168,112,3,158,325,146,309,7.02E-16,77
Q8N2I9,P51957,31.5,162,106,4,165,325,99,256,1.85E-14,72.8
Q8N2I9,Q6P3R8,28.2,170,116,3,157,326,92,255,5.25E-14,71.2
Q8N2I9,Q99683,29.4,163,107,5,169,325,773,933,6.31E-13,68.2
Q8N2I9,Q8NG66,26.3,190,128,5,138,326,105,283,3.42E-12,65.5
Q8N2I9,Q6ZN16,26.9,160,109,5,172,325,746,903,9.56E-11,61.2
Q8N2I9,Q13233,27.4,164,109,4,172,326,1342,1504,1.71E-10,60.5
Q8N2I9,P41279,26.5,166,108,5,169,326,225,384,1.28E-08,53.9
Q8N2I9,Q6XUX3,30.5,95,58,4,177,270,757,844,2.78E-07,50.1
Q8N2Q7,P22303,31.8,661,339,20,19,658,6,575,2.97E-87,287
Q8N2Q7,P06276,31.7,615,315,15,52,651,31,555,2.24E-84,279
Q8N2Q7,P23141,32.3,613,313,17,53,649,24,550,2.48E-79,265
Q8N2Q7,P19835,32.3,623,285,19,55,646,26,542,6.01E-75,257
Q8N2Q7,O00748,30.9,624,314,17,43,651,22,543,1.87E-74,251
Q8N2R0,Q8TAX0,61.7,209,65,7,1,200,1,203,1.60E-79,240
Q8N370,O75387,58.9,560,195,7,1,545,1,540,1.02E-216,610
Q8N371,Q9NWT6,27.6,261,159,10,182,415,40,297,1.24E-22,95.5
Q8N392,P11274,32.6,172,107,4,317,486,1047,1211,6.37E-15,75.9
Q8N3C0,O75643,44.4,1770,921,17,416,2182,420,2129,0,1515
Q8N3E9,P51178,49.8,747,358,8,55,787,12,755,8.74E-254,721
Q8N3E9,P19174,35.1,404,220,10,111,484,75,466,3.21E-58,213
Q8N3E9,P16885,33.4,395,239,9,111,484,67,458,2.41E-57,210
Q8N3F8,P46939,41.2,97,56,1,8,104,156,251,3.12E-15,77.8
Q8N3R9,P78352,30.4,428,225,11,276,671,334,720,1.46E-47,176
Q8N3T1,Q8NCL4,40,482,267,10,164,630,147,621,1.35E-113,351
Q8N3T1,Q14435,41.3,455,254,8,164,606,155,608,1.00E-112,349
Q8N3T1,Q86SR1,38.6,492,271,13,163,636,117,595,3.70E-107,333
Q8N3T1,Q10472,37.7,472,275,9,164,628,89,548,4.15E-99,311
Q8N3T1,Q8IUC8,37.5,469,274,10,167,628,91,547,3.66E-95,301
Q8N3T1,Q10471,36.6,476,274,12,164,630,109,565,8.77E-93,295
Q8N3T1,Q96FL9,36.1,474,269,11,164,621,84,539,3.95E-87,280
Q8N423,Q9HCN6,39,290,157,9,1,288,1,272,3.11E-45,160
Q8N428,Q96FL9,57,519,202,5,55,555,35,550,3.71E-222,623
Q8N428,Q10471,49.7,579,248,13,1,552,1,563,8.18E-191,544
Q8N428,Q86SR1,41.6,493,260,11,86,558,108,592,4.88E-122,369
Q8N428,Q8IUC8,44.9,430,211,9,86,503,78,493,8.32E-117,354
Q8N428,Q10472,48.3,348,172,3,86,426,79,425,7.93E-115,349
Q8N428,Q8NCL4,41.1,516,264,13,67,552,114,619,4.72E-114,349
Q8N428,Q14435,41.8,519,261,16,62,552,122,627,1.67E-110,340
Q8N441,P21802,30.6,376,237,9,40,410,51,407,2.24E-42,158
Q8N441,P22455,34.5,325,190,9,43,361,49,356,5.19E-42,157
Q8N448,Q12923,27.6,196,100,6,469,663,1789,1943,7.53E-08,53.1
Q8N490,Q16775,40.2,266,148,3,119,383,49,304,1.77E-61,197
Q8N4A0,Q8NCL4,48.7,532,247,12,61,576,100,621,1.44E-164,480
Q8N4A0,Q14435,48.3,530,248,11,61,574,108,627,1.34E-159,468
Q8N4A0,Q8IUC8,46.2,507,249,13,75,574,58,547,1.66E-143,424
Q8N4A0,Q10472,45.2,507,254,13,75,574,59,548,9.23E-141,417
Q8N4A0,Q86SR1,42.9,494,250,13,101,577,112,590,3.51E-131,394
Q8N4A0,Q10471,42.9,487,247,14,99,576,101,565,5.63E-121,366
Q8N4A0,Q96FL9,46.6,416,200,8,100,506,77,479,3.47E-117,356
Q8N4F4,Q96S37,46.1,555,294,3,1,552,1,553,7.10E-157,457
Q8N4F4,Q9NSA0,45.7,536,284,4,1,534,1,531,1.81E-145,427
Q8N4F4,Q4U2R8,40.8,532,304,2,1,532,1,521,1.61E-129,387
Q8N4F4,Q8TCC7,39,551,313,4,1,551,1,528,1.15E-117,356
Q8N4F4,O75751,30,554,339,13,3,531,4,533,5.07E-56,194
Q8N4F4,O15244,28.4,550,363,10,4,539,6,538,4.46E-52,184
Q8N4N8,Q99661,50.1,579,223,4,29,544,14,589,1.17E-176,518
Q8N4N8,O15066,36.3,339,195,9,216,543,12,340,2.27E-41,158
Q8N4N8,Q9Y496,34.3,353,193,10,216,548,17,350,1.14E-38,149
Q8N4N8,O60333,34.2,363,196,10,216,547,8,358,1.26E-38,151
Q8N4T0,P15086,40.9,418,242,1,17,434,2,414,2.75E-121,357
Q8N4T0,P15088,42.5,400,224,2,36,434,20,414,4.60E-117,346
Q8N4T0,Q96IY4,40.1,401,235,4,37,434,23,421,3.89E-103,310
Q8N4T0,P15085,38.7,401,237,5,37,433,20,415,2.74E-93,285
Q8N5D6,P16442,50.5,283,139,1,66,347,71,353,3.83E-95,284
Q8N5H7,P29353,34.3,108,61,3,215,321,483,581,6.06E-09,56.6
Q8N5H7,P46108,46.2,52,26,1,219,268,12,63,1.50E-06,48.1
Q8N608,P27487,34.4,773,468,17,32,780,5,762,7.24E-152,460
Q8N608,Q12884,33.7,765,461,13,38,780,15,755,6.87E-147,447
Q8N697,P46059,20.8,395,268,10,40,423,19,379,8.89E-20,90.5
Q8N6C5,Q9HCN6,34.3,210,118,5,777,981,26,220,9.94E-17,80.5
Q8N6C8,Q9HCN6,37.4,297,153,9,1,289,1,272,1.14E-43,153
Q8N6G5,Q8TDX6,60.5,539,200,4,1,538,3,529,4.17E-234,652
Q8N6G6,Q9UHI8,29.1,436,225,13,34,425,560,955,2.12E-48,186
Q8N6G6,Q76LX8,27.6,366,177,18,531,849,688,1012,4.33E-21,98.2
Q8N6G6,P17948,25.2,131,82,3,1244,1370,630,748,1.31E-07,53.9
Q8N6U8,P07550,25,300,197,7,37,324,43,326,1.09E-19,88.6
Q8N6U8,P21728,25.1,311,203,9,43,333,39,339,2.29E-14,72.4
Q8N6U8,P48039,22.5,324,205,9,20,334,19,305,2.48E-13,68.6
Q8N6U8,P21918,23.9,322,195,10,39,324,52,359,5.66E-13,68.2
Q8N6U8,P28223,23.3,318,211,7,36,332,83,388,6.27E-10,58.5
Q8N6U8,P41595,21.5,381,262,9,11,359,41,416,2.59E-09,56.6
Q8N6U8,P28335,22,323,228,9,32,333,58,377,1.33E-08,54.3
Q8N743,Q9HCN6,35.7,199,107,4,123,319,27,206,2.74E-25,102
Q8N7C3,O00481,39,172,100,2,253,424,344,510,6.51E-27,110
Q8N8R3,O43772,37.5,285,161,7,4,275,13,293,2.49E-52,171
Q8N8R3,Q9BQT8,31.3,166,108,4,95,257,16,178,1.56E-15,72.8
Q8N8W4,Q96AD5,45.3,243,133,0,15,257,9,251,6.65E-68,224
Q8N9I0,P17252,36.5,126,64,5,286,410,172,282,4.57E-14,71.2
Q8N9N2,Q92918,69.8,43,11,1,348,388,791,833,8.14E-09,54.7
Q8N9N2,P51957,57.1,56,19,1,333,388,447,497,5.77E-08,52
Q8NA58,O95453,27.7,459,289,14,16,445,27,471,1.22E-39,149
Q8NAP8,P41182,36.3,113,69,2,10,121,18,128,1.36E-14,73.6
Q8NB12,Q9H7B4,30.9,447,277,9,9,449,6,426,5.66E-67,219
Q8NB14,Q96K76,27.4,212,100,6,420,622,167,333,1.21E-11,66.2
Q8NB14,O75604,28.4,194,120,4,436,618,258,443,3.29E-11,64.3
Q8NB14,P40818,31.1,209,119,6,438,633,770,966,8.77E-10,60.1
Q8NB14,Q9UK80,27.8,255,144,10,390,618,162,402,1.11E-09,59.3
Q8NB14,Q9Y2K6,35.8,106,61,3,443,541,143,248,2.16E-08,55.5
Q8NB66,Q04759,51.1,45,22,0,1096,1140,230,274,4.64E-10,62
Q8NB66,P41743,30.4,79,45,2,1098,1168,141,217,7.70E-06,48.1
Q8NB90,P55072,50.6,526,252,4,339,860,190,711,2.44E-180,538
Q8NB90,P43686,41.1,292,163,4,597,882,130,418,2.75E-65,222
Q8NB90,Q9ULI0,43,277,144,5,350,617,397,668,9.66E-57,210
Q8NB90,Q6PL18,41.1,275,152,3,350,617,423,694,5.06E-55,204
Q8NBF1,P10070,51.7,89,42,1,190,278,432,519,1.99E-21,96.7
Q8NBN7,P37058,26.1,207,133,6,38,240,48,238,8.20E-11,59.3
Q8NBS9,P07237,38.5,104,61,2,324,424,26,129,1.30E-18,85.1
Q8NBS9,O00391,34.9,63,38,2,210,269,63,125,1.12E-07,51.2
Q8NBU5,P55072,40,235,133,4,88,317,474,705,1.06E-44,161
Q8NBU5,P43686,34.5,232,142,5,88,313,162,389,5.64E-38,138
Q8NBZ7,Q14376,23,330,212,12,89,381,3,327,1.14E-14,72
Q8NCB2,Q14012,46.2,316,160,2,14,327,10,317,1.76E-95,291
Q8NCB2,Q8IU85,44.3,314,165,2,16,327,15,320,9.79E-93,285
Q8NCB2,Q96NX5,44.8,317,157,4,16,327,15,318,7.44E-88,275
Q8NCB2,Q6P2M8,43.2,310,167,2,19,327,10,311,8.76E-85,263
Q8NCB2,Q16566,41.9,291,156,4,38,326,60,339,3.20E-66,218
Q8NCB2,O15075,36.1,299,184,2,11,308,377,669,1.23E-60,209
Q8NCB2,Q8N568,38.3,298,177,2,15,311,385,676,1.24E-60,209
Q8NCB2,Q9UQM7,37.1,315,175,6,21,325,10,311,9.89E-56,191
Q8NCB2,Q13557,36.6,314,178,5,21,325,11,312,8.00E-53,183
Q8NCB2,Q13555,35.4,314,182,5,21,325,11,312,1.21E-52,184
Q8NCB2,Q13554,35.2,338,198,5,21,349,11,336,4.26E-52,184
Q8NCB2,Q9BYT3,35.2,284,165,4,20,292,112,387,1.96E-49,174
Q8NCB2,Q9C098,37.4,270,162,2,18,286,350,613,2.04E-49,177
Q8NCB2,Q16816,39.9,238,123,6,55,283,59,285,1.07E-48,169
Q8NCB2,P15735,39.6,230,119,6,63,283,70,288,2.26E-45,161
Q8NCB2,Q15746,33.2,307,185,8,15,315,1455,1747,1.08E-43,163
Q8NCB2,P49137,38.4,219,115,5,80,286,115,325,2.67E-43,155
Q8NCB2,Q86YV6,34.1,287,166,7,29,307,106,377,5.41E-42,151
Q8NCB2,O96017,35.5,296,169,7,3,286,201,486,7.68E-42,154
Q8NCB2,Q8IW41,32.4,259,143,4,64,293,56,311,3.54E-41,151
Q8NCB2,Q15349,33.6,271,165,5,21,286,412,672,3.50E-40,151
Q8NCB2,Q16644,34.4,215,130,4,80,287,95,305,8.24E-39,142
Q8NCB2,O14936,34.3,277,160,7,22,286,10,276,4.93E-38,145
Q8NCB2,O60285,31,281,173,7,12,287,43,307,1.80E-35,137
Q8NCB2,Q14680,33.1,275,160,8,19,286,6,263,2.83E-33,130
Q8NCK7,O15427,36.9,393,242,3,33,424,16,403,1.82E-65,215
Q8NCM2,O95259,71.7,1022,211,12,1,984,3,984,0,1402
Q8NCM2,Q12809,45.4,518,258,6,166,671,359,863,5.52E-145,459
Q8NCM2,O60741,25.6,507,305,12,188,660,115,583,2.57E-41,161
Q8NCM2,Q9P1Z3,24.2,499,324,10,188,660,66,536,7.03E-37,146
Q8NCP5,Q14145,31.3,128,83,2,2,124,48,175,4.82E-13,68.9
Q8NCW0,P00748,37.8,90,49,4,34,122,215,298,8.10E-16,77
Q8NCW0,Q04756,37.2,86,48,3,36,119,286,367,9.78E-13,67.4
Q8NCW0,P00750,32.5,117,70,5,20,133,111,221,6.30E-12,64.7
Q8NCW6,Q10472,43.9,538,260,16,78,606,46,550,9.69E-137,407
Q8NCW6,Q8IUC8,45.1,508,244,13,106,606,70,549,1.97E-135,404
Q8NCW6,Q10471,44.8,495,239,13,114,604,99,563,3.05E-129,389
Q8NCW6,Q96FL9,42.4,516,256,15,103,606,63,549,3.41E-129,388
Q8NCW6,Q14435,38.6,552,283,13,62,568,93,633,1.57E-116,358
Q8NCW6,Q86SR1,38.9,525,286,12,95,607,89,590,2.66E-116,356
Q8NCW6,Q8NCL4,40.6,520,254,14,110,606,133,620,9.86E-115,353
Q8NDG6,Q7Z478,31.9,637,349,14,132,710,572,1181,9.71E-83,295
Q8NDG6,Q7L2E3,32.8,551,327,13,130,672,432,947,4.28E-72,261
Q8NDH3,P28838,32.2,298,185,7,177,466,195,483,6.76E-35,134
Q8NDN9,Q86SG6,29.7,269,167,7,60,312,377,639,3.87E-20,91.3
Q8NDV1,Q11203,41.5,53,31,0,75,127,155,207,8.95E-09,53.1
Q8NDV3,Q14683,50.1,1257,559,5,1,1221,1,1225,0,1055
Q8NDV3,O95347,38.2,110,60,6,1090,1196,1052,1156,5.63E-11,64.3
Q8NDX2,Q9NRA2,41.9,458,244,7,69,510,35,486,1.56E-118,358
Q8NDX5,Q9UHJ3,47.1,68,35,1,914,981,791,857,5.04E-09,57.4
Q8NEA6,P10070,34.3,312,181,9,132,428,217,519,2.19E-30,126
Q8NEA6,P08151,33.1,305,144,12,131,428,66,317,9.21E-30,124
Q8NEC5,Q9P0X4,27.7,260,155,7,437,670,1477,1729,1.02E-06,49.7
Q8NEJ0,O95147,50.3,179,89,0,9,187,16,194,3.47E-66,199
Q8NEJ0,P28562,34.3,172,109,1,5,176,163,330,1.01E-25,99
Q8NEJ0,Q13115,33.9,168,107,1,5,172,185,348,1.23E-23,93.6
Q8NEJ0,Q9H1R2,32.7,150,100,1,23,172,5,153,2.90E-21,85.9
Q8NEJ0,Q9Y6W6,34.8,141,90,1,20,158,322,462,2.76E-18,79
Q8NEJ0,P51452,34,141,82,5,21,151,31,170,8.07E-13,61.2
Q8NER5,P36897,69.3,473,135,4,26,492,34,502,9.33E-235,650
Q8NER5,P36896,67.1,474,148,4,26,492,32,504,1.56E-231,642
Q8NER5,O00238,52.7,469,204,9,34,492,41,501,1.49E-159,459
Q8NER5,P36894,51.4,481,216,10,24,492,57,531,1.14E-158,458
Q8NER5,Q04771,50.1,477,223,7,28,491,35,509,9.89E-157,452
Q8NER5,P37023,52.8,409,179,5,86,485,89,492,4.46E-143,417
Q8NER5,P27037,32.8,458,255,10,46,485,60,482,1.67E-73,238
Q8NER5,Q13705,33.7,457,248,11,46,483,59,479,4.48E-73,237
Q8NER5,Q13873,32.6,417,235,12,86,485,117,504,2.34E-56,199
Q8NER5,Q6VAB6,26.7,217,132,11,199,404,670,870,4.45E-13,68.9
Q8NER5,Q13418,23.7,249,141,10,207,445,205,414,2.41E-11,62.8
Q8NER5,Q16816,25,220,130,8,198,401,23,223,5.98E-10,58.2
Q8NEV1,P68400,98.5,391,6,0,1,391,1,391,1.86E-289,780
Q8NEV1,P19784,85,334,49,1,1,333,1,334,8.14E-219,600
Q8NEV1,Q00526,33.6,301,171,11,37,324,2,286,2.09E-40,142
Q8NEV1,O15264,29.5,315,202,10,19,324,5,308,5.72E-37,135
Q8NEV1,P06493,29.9,301,183,11,37,324,2,287,2.68E-36,131
Q8NEV1,P24941,31.4,306,181,12,37,329,2,291,5.30E-36,130
Q8NEV1,Q16539,29.1,326,197,12,15,324,1,308,1.91E-35,130
Q8NEV1,P53778,29.3,334,203,11,1,324,1,311,5.80E-35,129
Q8NEV1,Q15759,30,323,183,11,23,324,8,308,1.05E-34,129
Q8NEV1,P50613,31.9,304,169,11,39,324,12,295,2.00E-34,127
Q8NEV1,Q00535,30.2,301,177,11,39,324,4,286,1.76E-33,124
Q8NEV1,O94921,30,303,189,9,33,324,129,419,6.60E-33,125
Q8NEV1,Q8TD08,31.8,302,178,9,39,323,13,303,7.25E-33,126
Q8NEV1,Q96Q40,30,310,180,13,33,324,97,387,5.54E-32,122
Q8NEV1,Q00537,28.2,305,193,10,31,324,184,473,2.58E-31,122
Q8NEV1,Q00536,28.2,309,194,10,31,327,157,449,9.75E-31,120
Q8NEV1,Q00534,29.4,333,183,13,39,344,13,320,6.28E-30,115
Q8NEV1,Q07002,27.9,305,194,10,31,324,136,425,8.56E-29,114
Q8NEV1,Q16659,28,307,188,9,39,323,20,315,6.14E-27,110
Q8NEV1,O76039,29.4,306,179,13,39,326,13,299,3.18E-26,108
Q8NEV1,Q9UBE8,26.3,304,196,10,36,323,135,426,2.09E-24,102
Q8NEV1,Q86YV6,26.3,331,195,13,4,323,68,360,1.67E-23,98.2
Q8NEV1,P15735,25.8,299,166,11,45,324,30,291,9.70E-20,87.4
Q8NEV1,Q13557,26.2,298,171,12,37,323,12,271,6.72E-18,82.4
Q8NEV1,O60285,24.3,243,167,6,1,232,17,253,1.16E-17,82
Q8NF91,P46939,23.9,925,542,28,13,870,17,846,9.03E-48,189
Q8NFA0,Q13107,29.5,898,419,26,521,1312,66,855,1.91E-94,326
Q8NFA0,P40818,40.4,223,128,2,704,922,744,965,6.60E-42,165
Q8NFA0,O75604,39.5,210,120,3,717,923,250,455,1.41E-38,151
Q8NFA0,Q9UK80,32.9,225,116,5,718,918,196,409,1.30E-27,117
Q8NFA0,Q6R6M4,25.9,189,101,4,728,913,75,227,5.96E-10,60.8
Q8NFL0,Q9Y2A9,42.9,338,181,4,65,400,44,371,1.65E-93,283
Q8NFM4,O95622,36.5,1109,606,25,1,1072,212,1259,1.65E-179,556
Q8NFM4,Q08828,38.3,987,518,23,111,1077,154,1069,1.93E-169,525
Q8NFM4,P40145,36.4,984,554,20,93,1062,245,1170,4.47E-168,525
Q8NFM4,P16066,30.4,207,140,3,215,418,819,1024,4.46E-24,106
Q8NFT8,Q99466,32.3,93,48,4,319,401,35,122,7.10E-07,50.1
Q8NFU7,Q6N021,38.5,1012,433,23,1299,2136,1006,2002,2.28E-165,557
Q8NFZ3,P06276,33.9,564,317,13,47,595,33,555,6.03E-100,320
Q8NFZ3,P22303,34,570,318,16,47,597,40,570,2.65E-95,308
Q8NFZ3,O00748,33.6,560,314,16,46,595,32,543,4.30E-87,284
Q8NFZ3,P23141,33.6,583,296,17,46,593,24,550,2.78E-86,282
Q8NFZ3,P19835,34.1,580,295,17,39,589,17,538,1.90E-83,280
Q8NFZ4,P06276,33.4,587,324,13,33,606,23,555,4.19E-94,305
Q8NFZ4,P22303,32.7,603,324,15,30,608,26,570,4.59E-89,291
Q8NFZ4,P23141,34,582,310,17,42,604,24,550,4.00E-86,282
Q8NFZ4,O00748,34.4,578,300,17,42,606,32,543,1.73E-84,278
Q8NFZ4,P19835,32.6,595,294,21,40,601,22,542,6.88E-74,254
Q8NFZ8,P20273,26.2,302,191,13,36,311,36,331,9.44E-14,70.1
Q8NG06,O00481,50,168,83,1,292,458,341,508,9.74E-48,169
Q8NG98,O43614,28.8,111,79,0,22,132,52,162,4.50E-08,51.2
Q8NG98,O43613,29.5,105,74,0,26,130,48,152,5.84E-08,50.8
Q8NG98,P32238,25,232,160,4,21,241,41,269,1.39E-07,49.7
Q8NG98,P41968,31.7,126,78,3,31,149,45,169,1.99E-07,48.9
Q8NG98,P28223,26.1,115,84,1,36,149,86,200,7.92E-06,44.3
Q8NHJ6,Q9HCN6,45.3,236,114,3,1,236,1,221,2.02E-51,174
Q8NHL6,Q9HCN6,43.9,246,120,8,1,245,1,229,3.09E-45,161
Q8NHQ9,P26196,31.8,352,217,6,19,369,106,435,7.02E-51,180
Q8NHQ9,Q92841,34.1,358,218,9,20,374,182,524,3.37E-47,174
Q8NHQ9,P38919,29.4,391,250,10,16,404,45,411,1.30E-46,166
Q8NHQ9,Q86XP3,33,370,230,7,19,386,263,616,2.37E-46,172
Q8NHQ9,O00571,34.6,373,204,12,20,371,191,544,3.38E-41,155
Q8NHS0,P31689,52.4,103,34,2,4,106,7,94,4.71E-25,99
Q8NHW4,P13501,44.6,92,50,1,1,92,1,91,3.97E-25,87.4
Q8NHX9,Q9P0X4,24.1,249,139,5,461,702,665,870,1.39E-13,72
Q8NHX9,O95180,28.2,234,133,5,469,702,825,1023,1.83E-13,71.6
Q8NHX9,Q13698,24,304,184,9,418,697,1104,1384,3.17E-09,57.8
Q8NHX9,Q01668,21.9,256,148,7,469,697,1237,1467,8.45E-06,46.6
Q8NI35,P78352,26.6,428,147,5,1236,1603,62,382,2.44E-26,114
Q8NI35,Q5TCQ9,25.1,391,225,13,1434,1764,723,1105,1.16E-19,93.6
Q8NI35,Q12923,24.6,574,292,22,130,637,1089,1587,7.57E-18,87.8
Q8NI77,O15066,43.8,356,177,6,12,362,10,347,1.08E-72,251
Q8NI77,Q9Y496,41.8,359,186,6,9,362,12,352,1.74E-69,241
Q8NI77,O60333,39.4,404,199,10,12,393,6,385,1.65E-61,225
Q8NI77,Q7Z4S6,38,392,179,8,12,362,10,378,2.77E-59,218
Q8NI77,P52732,38.4,362,186,9,11,355,18,359,2.91E-57,211
Q8NI77,O60282,40.6,360,173,11,12,363,9,335,8.13E-56,206
Q8NI77,Q12840,40.3,360,173,9,12,363,10,335,1.56E-55,205
Q8NI77,Q02224,38.6,350,184,7,14,358,9,332,1.97E-55,206
Q8NI77,P33176,37,357,190,6,11,363,8,333,1.57E-54,202
Q8NI77,Q9NS87,44.1,297,152,5,74,357,70,365,5.20E-54,201
Q8NI77,Q15058,38,389,205,10,14,388,361,727,2.54E-53,199
Q8NI77,Q99661,35.5,355,197,7,10,355,257,588,1.20E-47,179
Q8NI77,Q02241,28.5,369,182,6,70,356,69,437,2.65E-35,142
Q8NI77,Q9BW19,37.6,295,160,10,74,351,372,659,9.37E-35,139
Q8NI77,Q96Q89,35.1,211,127,3,154,355,270,479,8.07E-25,108
Q8NI77,O95235,34.7,202,120,4,157,349,303,501,4.09E-20,93.2
Q8TAE7,Q14721,38.5,418,237,6,5,420,25,424,1.83E-83,271
Q8TAE7,Q09470,31.6,414,240,9,11,417,39,416,7.70E-58,195
Q8TAE7,P22001,31,419,241,10,11,417,106,488,9.71E-54,186
Q8TAE7,Q9UK17,31.9,408,241,11,11,418,42,412,5.77E-52,182
Q8TAE7,P22459,31.3,431,232,10,11,417,178,568,7.43E-51,179
Q8TAE7,P16389,30.2,420,244,9,11,417,35,418,9.74E-49,171
Q8TAE7,P22460,29.5,448,230,12,11,417,122,524,1.64E-44,161
Q8TAE7,P17658,28.8,459,240,11,11,417,43,466,1.95E-43,157
Q8TAI7,Q15382,52.2,184,87,1,1,183,1,184,1.06E-65,197
Q8TAS1,Q9NR20,36.3,135,74,3,108,241,180,303,1.63E-16,78.6
Q8TAS1,Q9Y463,35.8,137,74,3,108,241,187,312,4.58E-16,77.4
Q8TAS1,Q13627,35.8,137,74,4,108,241,235,360,5.17E-16,77.4
Q8TAS1,Q9NQU5,28.6,175,85,5,142,303,510,657,1.18E-09,57.4
Q8TAS1,Q9NYV4,25,272,145,9,86,314,783,1038,7.71E-09,55.1
Q8TAS1,Q9P286,28.2,156,90,6,86,238,503,639,1.49E-08,53.9
Q8TAS1,Q14004,28.5,172,101,6,75,237,751,909,1.78E-08,53.9
Q8TAS1,O96013,27.6,156,91,5,86,238,375,511,1.70E-07,50.4
Q8TAS1,Q9NWZ3,28.2,163,88,7,86,239,242,384,1.97E-07,50.1
Q8TAS1,Q16620,26.4,250,135,11,11,237,525,748,7.05E-06,45.4
Q8TAV3,P51589,38.7,463,274,7,31,488,43,500,3.29E-107,325
Q8TAV3,P33261,36.8,478,293,7,17,488,15,489,6.48E-107,324
Q8TAV3,P10632,39.5,430,254,5,32,456,30,458,3.63E-106,322
Q8TAV3,P10635,42.7,471,258,7,28,489,30,497,4.46E-106,322
Q8TAV3,P11712,37,484,289,8,11,488,16,489,5.13E-106,322
Q8TAV3,P11509,37.3,475,285,8,23,489,25,494,3.39E-98,302
Q8TAV3,Q16678,34.8,445,252,14,32,448,51,485,5.25E-59,201
Q8TAV3,P04798,30,470,296,13,32,478,40,499,1.10E-56,194
Q8TAV3,P05093,28.2,464,316,8,27,475,23,484,7.41E-51,178
Q8TAV3,P05177,29.9,469,297,14,32,478,42,500,1.62E-49,174
Q8TAV3,P08686,31.3,438,261,16,42,458,35,453,1.49E-48,171
Q8TAV3,P08684,22.9,458,292,13,33,458,39,467,9.43E-25,104
Q8TAV3,P20815,21.1,465,314,13,33,469,39,478,1.43E-18,85.5
Q8TB45,Q8WZA2,40.2,87,47,3,49,131,221,306,4.89E-13,68.2
Q8TBB1,Q12923,24.5,196,109,5,505,700,1786,1942,6.24E-06,47
Q8TBM8,P31689,49.1,106,40,4,105,209,3,95,8.87E-19,84.3
Q8TC12,P56937,26,231,135,5,42,239,3,230,3.55E-11,60.5
Q8TC12,P80365,29.8,208,121,8,42,242,83,272,3.30E-07,48.5
Q8TC27,O43184,31.1,655,370,20,95,707,119,734,1.51E-88,296
Q8TC27,P78325,29.4,673,414,25,4,653,6,640,1.86E-73,253
Q8TC94,P61160,32.2,376,233,10,52,407,9,382,7.17E-62,202
Q8TCG2,Q9BTU6,61.3,463,140,5,43,481,32,479,4.10E-198,556
Q8TCG5,P50416,54.7,773,347,2,1,770,1,773,3.81e-316,880
Q8TCG5,Q92523,53.4,769,349,4,1,763,1,766,1.73E-289,813
Q8TCG5,Q9UKG9,29.2,624,390,16,165,764,14,609,1.68E-57,204
Q8TCG5,P23786,29.3,642,365,22,167,758,45,647,3.91E-53,193
Q8TCT6,Q8TCT7,37.1,210,98,8,163,369,322,500,1.46E-22,96.7
Q8TCT6,Q8TCT8,28.9,253,135,10,127,368,272,490,1.47E-19,87.4
Q8TCU3,Q9UPY5,30.6,471,314,6,5,470,36,498,1.85E-60,203
Q8TCU5,Q13224,29.1,812,502,29,175,956,76,843,2.34E-85,301
Q8TCU5,Q12879,28.5,806,512,27,175,956,77,842,1.36E-83,295
Q8TCU5,O15399,32.6,540,325,15,430,956,357,870,8.29E-78,277
Q8TCU5,Q05586,28.6,668,406,25,302,941,199,823,2.30E-70,251
Q8TCU5,P42262,28.7,397,255,13,578,952,444,834,5.67E-40,157
Q8TCU5,P42261,27.7,433,281,15,578,988,437,859,2.47E-39,155
Q8TCU5,P42263,27.9,398,259,11,578,952,453,845,1.27E-38,153
Q8TCU5,P48058,27.6,399,257,12,578,952,445,835,2.26E-38,152
Q8TCU6,Q8WZA2,36.6,93,58,1,508,599,201,293,2.97E-10,62.4
Q8TD26,Q14839,38.1,853,404,24,318,1076,543,1365,9.85E-144,495
Q8TD26,P51531,42,495,247,11,461,933,724,1200,5.47E-98,348
Q8TD26,P51532,42.3,494,247,9,461,933,754,1230,2.39E-97,347
Q8TD84,P14616,34.1,91,55,1,1141,1226,761,851,6.74E-06,48.5
Q8TDB8,P11169,94.9,494,25,0,27,520,3,496,0,905
Q8TDB8,P11166,64,478,171,1,23,499,1,478,1.38E-214,600
Q8TDB8,P14672,59.6,470,186,2,24,489,14,483,6.58E-185,525
Q8TDB8,P11168,49.8,502,215,4,30,494,6,507,1.74E-160,464
Q8TDB8,P22732,39.8,470,278,3,23,489,8,475,5.92E-110,333
Q8TDB8,Q9NY64,30.5,478,281,8,37,492,29,477,2.85E-54,187
Q8TDD1,P38919,33.3,360,235,3,98,456,40,395,9.38E-59,204
Q8TDD1,Q86XP3,34.7,369,218,4,98,453,255,613,3.84E-54,200
Q8TDD1,P26196,31.1,354,238,4,94,446,94,442,2.19E-53,191
Q8TDD2,Q13118,71,31,9,0,294,324,369,399,1.70E-08,53.5
Q8TDF5,O43897,28,211,130,4,41,251,349,537,3.06E-21,95.1
Q8TDF6,O95267,50.4,560,274,2,34,593,39,594,2.84E-193,563
Q8TDF6,Q8IV61,46.7,538,279,6,59,592,13,546,5.10E-163,482
Q8TDF6,Q05655,46,50,27,0,541,590,159,208,9.87E-11,62
Q8TDG2,P61160,36.6,385,216,7,12,373,9,388,2.84E-81,251
Q8TDG2,P61158,29.7,404,241,7,9,370,5,407,9.33E-49,167
Q8TDI0,Q14839,69.1,1823,466,19,129,1914,146,1907,0,2337
Q8TDI0,P51531,41.9,508,253,7,698,1183,722,1209,6.83E-107,375
Q8TDI0,P51532,41.3,523,263,8,683,1183,739,1239,5.77E-106,373
Q8TDI0,Q92698,30.1,509,306,10,700,1173,153,646,2.54E-58,214
Q8TDI0,O15164,52.3,44,21,0,417,460,827,870,2.12E-10,63.2
Q8TDI0,Q9UPN9,42.9,56,29,1,335,387,876,931,4.87E-10,62
Q8TDI0,P29375,51.2,43,21,0,418,460,298,340,6.03E-09,58.5
Q8TDM6,P78352,32.5,209,115,7,609,794,40,245,3.51E-18,88.2
Q8TDN1,Q14721,38.5,442,241,7,45,474,11,433,5.33E-98,312
Q8TDN1,Q9UK17,31,436,256,10,53,478,30,430,3.19E-54,191
Q8TDN1,Q09470,30.1,445,257,11,59,489,37,441,2.07E-52,182
Q8TDN1,P16389,29.1,433,251,8,59,472,33,428,7.83E-49,173
Q8TDN1,P22459,28.6,444,252,9,56,472,173,578,2.62E-47,171
Q8TDN1,P22001,29.4,436,245,10,59,472,104,498,1.73E-46,168
Q8TDN1,P22460,27.3,439,248,9,59,461,120,523,1.13E-38,146
Q8TDN1,P17658,25.3,487,276,10,59,491,41,493,1.12E-35,137
Q8TDN1,Q12791,24.3,181,109,4,272,447,224,381,1.57E-06,48.1
Q8TDN2,Q14721,40.1,421,238,3,94,514,28,434,2.69E-92,298
Q8TDN2,Q9UK17,31.4,407,232,9,101,500,44,410,1.07E-49,179
Q8TDN2,Q09470,30.9,414,237,9,101,502,41,417,3.02E-42,155
Q8TDN2,P22001,29.6,425,233,8,101,502,108,489,1.69E-41,154
Q8TDN2,P22459,30.1,425,239,9,101,502,180,569,3.67E-41,154
Q8TDN2,P22460,31,449,244,10,99,514,122,537,1.04E-39,150
Q8TDN2,P16389,31,419,236,8,101,502,37,419,6.75E-37,140
Q8TDN2,P17658,30.5,456,234,9,99,502,43,467,5.31E-35,135
Q8TDN2,O43526,32.2,87,52,2,411,497,238,317,2.07E-06,47.8
Q8TDN7,Q5QJU3,39.2,250,151,1,9,257,14,263,3.52E-65,202
Q8TDT2,Q16581,34.1,138,88,1,34,171,28,162,3.73E-18,84
Q8TDT2,O60755,29.7,175,116,5,34,203,22,194,2.66E-07,49.7
Q8TDV0,O43603,25.5,314,216,6,25,333,19,319,1.63E-21,92.8
Q8TDV0,Q96P65,20,320,232,8,28,328,40,354,4.61E-08,52
Q8TE23,P41180,30.6,882,517,24,16,823,8,868,1.77E-109,358
Q8TE23,Q14832,26.3,845,526,26,29,822,35,833,1.50E-65,233
Q8TE23,Q14416,26.8,857,543,29,14,826,12,828,1.93E-63,226
Q8TE23,Q14831,27.7,883,513,36,14,822,24,855,2.19E-63,227
Q8TE23,O15303,26.2,856,530,30,29,822,35,850,1.80E-57,209
Q8TE23,P41594,25.6,862,529,29,28,829,30,839,2.35E-57,211
Q8TE23,O00222,25,860,555,28,31,837,44,866,2.03E-55,203
Q8TE23,Q13255,25.1,863,533,30,29,829,41,852,5.62E-55,203
Q8TE56,Q9UHI8,31.1,907,493,29,76,889,69,936,5.65E-116,379
Q8TE56,Q9UNA0,30.7,901,495,33,87,921,93,930,3.80E-104,346
Q8TE56,Q76LX8,32.3,779,434,27,234,948,82,831,1.41E-96,333
Q8TE56,O75173,32.3,787,424,27,81,806,81,819,3.51E-94,317
Q8TE56,P78325,26.2,717,369,33,36,704,30,634,1.07E-23,105
Q8TE56,O43184,24.5,620,363,27,125,700,119,677,1.31E-19,92
Q8TE56,Q13443,24.8,642,334,27,1,610,1,525,6.79E-15,76.6
Q8TE56,Q9BZ11,23.7,684,385,31,82,704,67,674,9.20E-13,69.7
Q8TE57,Q13443,24.6,476,277,17,49,518,29,428,1.51E-22,101
Q8TE58,Q9UHI8,48.6,983,420,19,1,950,36,966,0,921
Q8TE58,O75173,46.1,803,387,14,6,802,42,804,2.99E-245,708
Q8TE58,Q9UNA0,42.9,868,447,12,48,890,82,925,1.78E-231,676
Q8TE59,Q9UHI8,28.5,915,535,34,160,1003,69,935,1.17E-98,334
Q8TE59,Q9UNA0,28.8,795,472,24,220,942,130,902,6.45E-90,308
Q8TE59,O75173,29.5,797,464,30,165,921,81,819,1.25E-80,280
Q8TE59,Q76LX8,27.5,777,498,25,326,1063,81,831,4.72E-74,267
Q8TE59,P78325,27.4,427,232,19,220,620,105,479,1.66E-23,104
Q8TE59,Q9BZ11,23.3,480,291,20,163,620,64,488,9.00E-14,73.2
Q8TE59,Q13443,24.7,421,228,21,220,625,114,460,6.09E-13,70.5
Q8TE59,O43184,24.6,333,201,13,220,541,119,412,3.80E-11,64.7
Q8TE60,Q9UHI8,31.5,983,546,30,100,1048,77,966,3.08E-141,450
Q8TE60,Q9UNA0,33,704,387,21,281,958,258,902,2.40E-107,357
Q8TE60,Q13443,25.3,499,278,23,85,566,53,473,4.74E-20,93.6
Q8TE77,Q76I76,45.3,479,231,5,1,474,1,453,1.94E-128,409
Q8TE77,Q9H1R2,36.2,130,82,1,332,461,5,133,3.42E-19,85.9
Q8TE77,Q9BV47,38.6,140,79,3,327,460,60,198,1.54E-18,82
Q8TEA7,P52333,28.8,233,136,8,43,263,873,1087,1.18E-13,72.4
Q8TEA7,P36507,31.1,167,97,6,37,201,114,264,2.37E-13,70.1
Q8TEA7,P51955,28.6,175,95,7,38,198,52,210,2.92E-13,70.1
Q8TEA7,P06493,25.5,255,150,8,44,276,54,290,1.93E-12,66.2
Q8TEA7,Q00537,24.7,267,166,7,44,291,241,491,4.47E-12,66.6
Q8TEA7,Q00536,26.4,174,114,4,44,216,214,374,5.56E-12,66.2
Q8TEA7,Q02750,28.1,167,102,6,37,201,110,260,3.75E-11,63.2
Q8TEA7,P45985,31.3,176,99,5,96,269,208,363,5.10E-11,62.8
Q8TEA7,Q6P3R8,26,173,108,6,44,211,54,211,2.01E-10,61.6
Q8TEA7,Q13882,31.3,163,85,8,43,197,237,380,4.27E-10,60.1
Q8TEA7,Q12852,23.5,166,113,1,45,210,165,316,4.99E-10,60.5
Q8TEA7,P51956,26,177,92,7,44,206,53,204,8.34E-10,59.3
Q8TEA7,Q07002,26.4,178,115,5,44,219,193,356,1.80E-09,58.2
Q8TEA7,O60674,24.5,163,100,5,43,197,900,1047,3.66E-09,57.8
Q8TEA7,P07948,26.8,179,100,8,31,197,277,436,4.42E-09,57
Q8TEA7,O43283,22.8,167,113,3,45,210,208,359,4.60E-09,57.4
Q8TEA7,P33981,35.1,111,65,5,100,207,631,737,1.00E-08,56.2
Q8TEA7,P04049,26.8,157,99,4,65,216,415,560,1.17E-08,55.8
Q8TEA7,P42685,24.3,177,105,5,31,197,269,426,2.29E-08,54.7
Q8TEA7,Q14004,24.3,288,161,9,28,282,744,1007,2.60E-08,55.1
Q8TEA7,P08581,26.8,164,93,5,44,197,1130,1276,3.36E-08,54.7
Q8TEA7,Q6ZWH5,26.3,167,101,5,38,197,571,722,5.59E-08,53.9
Q8TEA7,P36888,27.4,146,86,4,58,197,750,881,2.75E-07,51.6
Q8TEA7,Q04912,22,232,137,8,44,263,1134,1333,2.58E-06,48.5
Q8TEA7,Q5TCX8,24.6,191,106,7,33,208,181,348,4.21E-06,47.8
Q8TEC5,Q02779,43.3,60,28,3,384,438,20,78,1.40E-06,48.9
Q8TED1,P36969,37.8,156,90,2,45,194,39,193,1.16E-31,111
Q8TEU7,O95398,34.9,252,160,2,818,1067,620,869,2.50E-34,140
Q8TEU7,Q07889,28.8,198,126,6,856,1045,776,966,8.22E-17,84
Q8TEW0,Q12923,32.3,223,128,5,455,663,1362,1575,2.97E-16,82
Q8TEW0,Q5TCQ9,26.7,206,147,2,458,663,723,924,8.91E-15,77
Q8TEW0,O14640,34.3,102,61,2,581,682,242,337,7.05E-07,50.8
Q8TEW8,Q12923,27.5,211,130,3,382,571,1367,1575,9.75E-16,80.1
Q8TEW8,O14640,26.3,236,146,7,435,648,185,414,9.09E-08,53.5
Q8TEY7,Q9Y2K6,59.4,928,346,13,32,942,1,914,0,1075
Q8TEY7,Q13107,42.3,111,57,2,183,287,300,409,7.57E-17,82.8
Q8TEY7,O75604,38,129,68,2,181,301,263,387,1.16E-16,81.6
Q8TEY7,Q9UK80,39.1,115,61,2,179,287,206,317,2.24E-15,77.4
Q8TEY7,P40818,40,110,59,2,184,287,776,884,2.88E-13,71.2
Q8TEY7,Q92995,24.9,289,166,11,35,283,182,459,1.64E-07,52.4
Q8TEZ7,Q86V24,26.9,264,168,8,37,289,106,355,2.20E-13,67.8
Q8WTR2,Q9Y6W6,41,139,74,2,69,202,325,460,4.97E-27,104
Q8WUB8,Q9NRL2,40.6,64,35,2,436,497,1151,1213,1.69E-07,51.2
Q8WUD1,P61026,50.3,169,84,0,2,170,5,173,2.38E-59,182
Q8WUD1,P20340,41.8,158,92,0,7,164,14,171,8.27E-43,140
Q8WUD1,P51159,40.5,168,89,2,3,159,6,173,4.19E-40,134
Q8WUD1,P61586,33.7,166,96,4,8,160,7,171,7.20E-22,86.3
Q8WUD6,Q9Y6K0,66.8,364,121,0,20,383,42,405,3.80E-183,513
Q8WUJ0,P28562,40.5,148,77,5,31,176,176,314,3.31E-22,90.5
Q8WUJ0,Q9Y6W6,33.5,158,100,2,28,185,321,473,1.67E-19,83.6
Q8WUJ0,Q13115,37.2,148,82,5,31,176,198,336,4.27E-19,82
Q8WVV5,O00481,43.4,488,254,4,31,498,28,513,1.22E-122,367
Q8WW22,P31689,74.9,398,98,2,1,397,1,397,9.45E-196,543
Q8WWL7,P14635,33.3,273,177,4,1115,1383,155,426,1.19E-44,165
Q8WWL7,P20248,34.4,259,163,4,1127,1380,176,432,1.02E-33,133
Q8WWL7,P24864,31.3,147,99,2,1131,1275,114,260,3.34E-13,70.5
Q8WWQ0,Q9NSI6,60.4,1458,522,16,2,1434,5,1431,0,1631
Q8WWQ0,Q12830,25,100,75,0,1162,1261,2930,3029,8.48E-06,48.1
Q8WWQ2,Q9Y251,44.2,559,281,8,33,589,13,542,6.15E-144,425
Q8WWV3,Q08257,25.6,360,221,13,42,393,7,327,1.43E-22,94.7
Q8WWY8,P16233,34.6,347,196,9,39,363,51,388,9.62E-53,181
Q8WWY8,Q9Y5X9,37.1,286,156,8,64,335,78,353,5.16E-48,169
Q8WWY8,P11150,35,323,164,12,39,331,48,354,8.55E-43,155
Q8WWY8,P06858,34.2,295,166,8,59,335,63,347,4.07E-42,152
Q8WWZ4,Q9UNQ0,29.8,218,139,6,422,628,75,289,2.99E-15,78.2
Q8WWZ4,P13569,31.3,182,104,5,410,580,1227,1398,1.18E-11,67
Q8WWZ7,P08183,28.3,265,153,8,436,689,372,610,1.26E-19,93.2
Q8WWZ7,Q9UNQ0,27.6,192,126,5,489,671,56,243,1.96E-13,72.4
Q8WWZ7,P13569,31.2,234,128,8,456,671,1184,1402,1.27E-11,67
Q8WWZ7,Q92887,24.3,218,138,5,497,705,654,853,2.12E-07,53.1
Q8WX94,Q96P20,35.3,818,496,15,172,963,220,1030,3.22E-134,427
Q8WXA8,P46098,37.2,433,230,11,51,446,46,473,5.84E-85,266
Q8WXF0,Q13247,33.8,80,45,1,12,91,4,75,8.69E-11,58.5
Q8WXH0,P46939,34.3,283,155,2,1,283,1,252,4.31E-40,163
Q8WXI8,Q8WTT0,43.1,211,108,5,4,209,5,208,6.35E-57,177
Q8WXS8,Q76LX8,30.2,817,494,29,249,1020,70,855,5.04E-89,313
Q8WY07,Q9UPY5,23.3,424,272,12,22,433,34,416,8.03E-19,87
Q8WY54,O75688,30,280,157,8,234,486,26,293,8.37E-23,99.8
Q8WY54,P35813,28.6,273,166,8,234,486,26,289,2.76E-20,90.9
Q8WYH8,Q9H160,37,235,137,4,6,232,27,258,4.98E-44,147
Q8WYJ6,Q9UHD8,45.1,295,158,3,6,299,274,565,2.01E-86,270
Q8WYL5,Q76I76,71.2,466,133,1,1,466,1,465,1.51E-217,659
Q8WYL5,O95147,39.7,141,85,0,304,444,22,162,6.93E-22,92
Q8WYL5,Q9BV47,37,135,78,4,312,440,65,198,8.83E-16,74.7
Q8WZ04,P21964,37,227,141,2,65,291,42,266,5.22E-50,164
Q8WZ75,Q15746,29.9,174,98,7,51,214,642,801,2.76E-09,58.5
Q8WZA1,P26572,34.4,340,179,17,227,542,36,355,4.30E-36,138
Q92496,P08603,28.9,914,286,18,21,577,322,1228,1.04E-132,414
Q92502,P11274,30.4,184,121,4,560,739,1042,1222,2.60E-11,65.1
Q92503,P49638,23,248,170,7,248,490,17,248,2.32E-10,59.3
Q92506,Q9BPX1,28,257,165,5,8,258,6,248,2.30E-22,90.5
Q92519,O00444,29.5,261,170,6,75,325,26,282,8.85E-28,111
Q92519,Q96L34,27,282,184,7,61,331,56,326,2.14E-26,107
Q92519,P27448,28.8,260,170,6,61,309,53,308,2.35E-25,104
Q92519,Q7KZI7,28.8,260,170,6,61,309,50,305,2.41E-25,104
Q92519,Q9P0L2,27.7,260,173,6,61,309,57,312,2.12E-23,98.6
Q92519,O75582,27.9,258,166,7,77,317,442,696,2.87E-23,98.2
Q92519,P11309,36.4,173,98,5,136,307,128,289,2.03E-22,93.2
Q92519,Q15418,29.2,243,158,6,77,307,434,674,1.76E-21,92.8
Q92519,Q9NYY3,28.6,234,158,4,110,342,139,364,4.13E-21,91.7
Q92519,P51812,29.2,243,158,7,77,307,438,678,4.30E-21,91.7
Q92519,Q96RR4,30,203,135,4,110,307,245,445,1.22E-20,90.1
Q92519,Q9UK32,27.4,263,173,8,77,325,442,700,2.55E-20,89.4
Q92519,Q15349,27.2,243,163,7,77,307,431,671,1.49E-19,87
Q92519,P53350,29.3,181,121,3,132,312,136,309,7.80E-19,84.7
Q92519,Q16816,28.4,211,139,6,107,308,81,288,9.19E-17,77.8
Q92519,Q9NQU5,26.1,234,161,5,82,307,428,657,2.96E-16,77
Q92519,Q13188,23.6,271,172,10,66,315,29,285,1.48E-10,59.3
Q92519,Q00532,24.2,236,134,8,110,308,61,288,1.50E-09,55.8
Q92519,O95835,33.8,154,75,8,214,343,912,1062,3.47E-09,55.5
Q92519,P46734,28.7,101,67,3,214,309,226,326,2.58E-08,52
Q92519,P45985,30.8,104,60,3,214,307,265,366,1.22E-07,50.1
Q92519,Q9Y2H1,34.7,101,58,4,214,308,285,383,1.35E-07,50.1
Q92519,Q15208,38.2,76,41,3,214,285,284,357,3.16E-07,48.9
Q92519,Q9NRM7,35.5,107,60,6,214,313,875,979,9.65E-07,47.8
Q92529,P29353,55.9,474,159,10,136,593,143,582,3.66E-162,473
Q92529,P16591,34.3,99,64,1,494,592,455,552,9.74E-12,65.1
Q92536,Q01650,51.9,443,211,1,30,470,35,477,1.03E-161,466
Q92536,Q9UPY5,46.7,467,246,2,37,503,36,499,8.24E-149,433
Q92538,O43739,42.9,191,102,3,701,889,68,253,2.71E-39,149
Q92538,Q99418,41.9,186,101,3,706,889,68,248,2.05E-36,140
Q92560,Q9Y5K5,43.2,250,119,6,5,249,8,239,1.66E-53,185
Q92560,P15374,24.7,239,153,8,5,233,6,227,3.08E-14,70.1
Q92564,Q96GG9,37.3,166,104,0,120,285,81,246,3.48E-40,138
Q92565,Q8WZA2,47.4,517,262,6,69,579,497,1009,7.31E-152,459
Q92565,O95398,37.8,543,301,9,69,578,385,923,7.35E-99,318
Q92569,P27986,76,421,97,3,35,455,305,721,1.29E-218,617
Q92569,O00459,60.1,429,166,3,31,457,296,721,1.63E-170,494
Q92581,Q9UBY0,29.3,423,271,10,181,588,139,548,3.73E-43,164
Q92581,P48764,34.6,356,221,7,177,529,109,455,4.10E-43,164
Q92581,Q14940,32.9,350,227,4,179,526,103,446,1.64E-41,159
Q92581,P19634,30.3,432,268,8,110,539,109,509,2.38E-39,152
Q92598,P0DMV8,34.3,501,304,10,2,493,5,489,1.31E-79,267
Q92598,P11142,33.7,513,316,11,4,509,7,502,3.79E-78,263
Q92598,P11021,34.1,511,294,10,2,482,29,526,4.22E-76,258
Q92598,P54652,32.5,499,318,9,4,495,8,494,1.43E-73,251
Q92599,Q9UHD8,42.8,292,159,3,23,307,277,567,4.38E-75,244
Q92611,Q9UKM7,33.4,479,251,16,137,586,256,695,1.31E-52,190
Q92613,O95696,32.6,460,243,19,83,496,111,549,6.67E-53,196
Q92613,P55201,44.6,213,110,4,138,347,215,422,1.17E-51,193
Q92613,Q9ULD4,40.7,263,137,8,89,347,114,361,4.63E-47,179
Q92613,Q9H3R0,42.8,145,70,8,212,347,709,849,2.80E-22,100
Q92614,P35580,31.1,955,542,22,341,1280,25,878,1.20E-115,406
Q92614,P35579,31.4,935,538,20,342,1269,22,860,2.63E-115,405
Q92614,Q7Z406,30.6,1023,570,27,346,1352,50,948,7.02E-107,378
Q92614,Q9UKX2,28.6,688,413,19,376,1049,58,681,2.28E-64,240
Q92614,O14745,32.3,130,68,4,232,344,8,134,5.31E-07,51.2
Q92619,P52757,30.5,282,162,7,701,974,213,468,3.87E-30,122
Q92619,P11274,36.5,203,99,6,750,946,1041,1219,3.69E-23,103
Q92620,Q7Z478,29.9,672,368,14,521,1093,561,1228,2.55E-79,283
Q92620,Q7L2E3,31.1,557,340,12,532,1050,434,984,2.11E-69,252
Q92626,P07202,42.2,706,383,13,624,1314,39,734,1.79E-172,538
Q92626,P11678,41.7,696,374,12,628,1313,40,713,1.92E-167,518
Q92626,P05164,39.5,750,416,13,583,1314,14,743,2.00E-164,511
Q92626,P22079,38.7,698,395,17,624,1312,34,707,1.72E-142,451
Q92626,O15146,30.4,191,108,5,245,425,120,295,1.53E-17,85.9
Q92637,P12314,73.3,374,6,1,1,280,1,374,6.82E-183,505
Q92637,O75015,41.5,212,118,2,18,223,22,233,5.73E-52,167
Q92637,P12318,47.9,169,85,3,4,170,22,189,3.53E-45,152
Q92673,O75581,21.1,369,177,9,752,1069,14,319,1.07E-11,67.8
Q92673,P01130,32.3,124,70,5,937,1046,579,702,1.15E-09,60.8
Q92729,P28827,52.8,1455,630,12,21,1442,21,1451,0,1550
Q92729,P10586,30.2,1257,636,38,316,1444,760,1903,4.98E-134,453
Q92729,Q13332,33,1005,546,31,478,1444,1029,1944,7.41E-131,444
Q92729,P18433,36.5,587,356,8,867,1442,214,794,7.52E-124,403
Q92729,P23469,39.3,524,306,7,926,1441,172,691,8.46E-114,372
Q92729,P23471,35.3,597,340,12,873,1437,1698,2280,3.19E-97,343
Q92729,P23470,35.3,603,347,14,873,1445,827,1416,2.86E-96,338
Q92729,P08575,34.1,599,346,14,877,1435,635,1224,1.99E-87,310
Q92729,Q12913,39.3,280,157,6,874,1143,1021,1297,5.97E-55,207
Q92729,P23467,38.1,278,162,4,874,1141,1683,1960,7.06E-54,205
Q92729,P35236,44,216,115,4,929,1141,135,347,7.17E-48,172
Q92729,Q06124,38.9,265,140,8,896,1141,257,518,4.56E-45,170
Q92729,P43378,33,294,169,5,873,1143,285,573,6.45E-44,167
Q92729,Q15256,42.1,228,123,7,929,1150,431,655,6.34E-43,165
Q92729,P54829,42.7,213,107,5,934,1138,344,549,1.97E-42,162
Q92729,P29074,37.7,236,136,3,914,1143,680,910,3.69E-40,159
Q92729,P29350,34,306,173,11,864,1143,212,514,1.05E-39,154
Q92729,P17706,34,244,149,4,917,1152,46,285,2.00E-39,149
Q92729,P18031,31.5,248,154,5,917,1152,44,287,1.33E-38,147
Q92729,P26045,34.9,232,139,4,917,1142,674,899,2.50E-36,146
Q92729,Q12923,36.1,238,139,5,911,1142,2235,2465,3.75E-34,140
Q92729,Q99952,32.7,245,143,6,912,1143,55,290,4.10E-33,132
Q92729,Q15678,32.7,245,145,6,917,1143,937,1179,1.63E-31,131
Q92729,Q15375,26,219,131,8,372,576,323,524,2.19E-11,65.9
Q92729,P29322,26,231,138,10,380,593,325,539,1.92E-10,62.8
Q92730,P63000,41.1,175,100,2,15,187,5,178,1.22E-45,148
Q92737,P01112,28.1,171,109,4,6,176,5,161,2.13E-11,57.8
Q92737,P01116,26.9,171,111,4,6,176,5,161,1.06E-10,55.8
Q92737,P01111,26.3,171,112,4,6,176,5,161,9.92E-10,53.1
Q92752,P02751,29.8,808,533,18,331,1114,1272,2069,7.16E-83,298
Q92781,Q9BPW9,46.5,297,149,5,15,306,15,306,1.93E-92,275
Q92781,P28845,28.8,177,118,4,31,202,37,210,3.07E-13,66.2
Q92782,Q92794,45,151,73,4,242,384,179,327,2.25E-35,135
Q92782,Q8WYB5,52.2,115,50,3,261,372,205,317,1.86E-34,132
Q92783,P62993,54.9,51,23,0,215,265,161,211,2.25E-14,69.7
Q92783,Q02779,40.3,62,31,2,217,272,23,84,2.32E-07,50.8
Q92783,P46108,35.1,57,36,1,209,264,131,187,1.92E-06,47
Q92784,Q92794,50,118,51,3,262,372,209,325,2.22E-36,138
Q92784,Q8WYB5,50.8,118,50,3,262,372,216,332,7.47E-36,136
Q92785,Q92794,51.8,110,51,2,266,374,202,310,4.49E-35,134
Q92785,Q8WYB5,49.6,115,56,2,273,386,216,329,1.50E-34,133
Q92796,P78352,67.1,700,201,3,119,817,53,724,0,939
Q92796,Q12923,30.3,251,141,8,219,462,1361,1584,5.97E-19,89.7
Q92823,P10586,25.6,821,514,33,361,1138,33,799,2.09E-49,190
Q92823,Q15375,31.9,135,82,3,922,1051,409,538,4.37E-09,58.2
Q92823,P29320,31.1,122,74,3,922,1038,403,519,1.29E-08,56.6
Q92823,P29322,32.8,119,72,3,923,1037,407,521,2.56E-07,52.4
Q92823,P54756,29,131,84,4,911,1037,424,549,5.81E-07,51.2
Q92833,P29375,29.8,393,237,12,818,1193,359,729,1.36E-36,148
Q92833,Q9UGL1,28,396,246,12,818,1196,375,748,2.29E-32,134
Q92835,O15357,46.7,910,438,12,2,885,18,906,8.36E-254,753
Q92859,P02751,24.8,557,337,20,442,990,1361,1843,4.66E-24,107
Q92859,P40189,23.3,408,252,16,539,926,222,588,4.87E-09,58.2
Q92871,O15305,68.3,240,74,1,15,254,8,245,8.54E-121,342
Q92874,P24855,50.8,297,119,3,7,296,6,282,3.42E-92,272
Q92874,Q13609,43,286,136,4,21,299,20,285,1.21E-68,213
Q92879,Q14576,32.6,92,59,2,8,99,117,205,1.14E-06,47.8
Q92882,P09769,46.4,56,28,1,14,67,79,134,5.36E-11,58.5
Q92913,P21781,35.4,127,80,1,70,196,66,190,6.76E-24,92.4
Q92915,P21781,37,127,78,1,72,198,66,190,1.85E-24,94
Q92930,P61026,77.6,170,38,0,3,172,4,173,1.07E-96,277
Q92930,P51159,45.1,182,89,2,5,175,6,187,2.92E-52,165
Q92930,P20340,46.8,158,84,0,9,166,14,171,5.33E-47,151
Q92930,P01112,36.3,179,111,3,9,186,4,180,2.25E-32,113
Q92930,P01111,36.3,179,111,3,9,186,4,180,3.51E-31,110
Q92930,P01116,37.7,162,98,3,9,169,4,163,1.38E-30,108
Q92930,Q5HYI8,27.5,102,65,2,10,102,8,109,1.23E-09,53.5
Q92932,Q13332,40.4,267,148,5,744,1007,1392,1650,2.83E-48,185
Q92932,P10586,41.8,237,135,3,768,1004,1373,1606,2.37E-46,179
Q92932,P28827,39.2,260,150,6,746,1004,901,1153,7.59E-46,177
Q92932,P23470,35.2,304,179,7,718,1006,820,1120,9.15E-45,173
Q92932,Q12913,40.6,249,140,6,763,1008,1058,1301,1.46E-44,172
Q92932,P29350,40.5,259,142,8,766,1013,266,523,2.00E-44,167
Q92932,P18433,40.7,273,149,8,739,1004,234,500,2.70E-44,170
Q92932,P23471,39.9,248,136,5,769,1006,1749,1993,6.61E-44,171
Q92932,Q06124,38.6,264,147,8,766,1015,269,531,3.71E-43,164
Q92932,P23469,35.2,290,172,5,732,1007,404,691,5.11E-43,165
Q92932,P18031,39,259,136,7,764,1010,34,282,4.40E-42,157
Q92932,Q99952,39.5,256,148,5,753,1004,38,290,7.09E-42,157
Q92932,P29074,37.1,256,143,7,755,1002,663,908,9.58E-41,159
Q92932,P08575,39.3,244,140,6,765,1004,672,911,6.23E-39,154
Q92932,P43378,39,251,133,7,770,1004,327,573,1.41E-38,150
Q92932,P26045,38.5,260,133,9,755,1002,654,898,9.86E-38,150
Q92932,P35236,36.2,243,143,7,761,997,106,342,3.05E-37,141
Q92932,Q12923,37.3,249,133,6,763,1002,2230,2464,1.50E-35,144
Q92932,P54829,37.3,244,139,9,762,997,310,547,1.56E-33,134
Q92932,Q15678,34.3,245,141,8,769,997,932,1172,5.26E-28,119
Q92945,Q96AE4,60.9,660,190,16,72,707,29,644,1.25E-209,601
Q92953,Q14721,62.2,912,284,17,6,911,2,858,0,923
Q92953,Q09470,40.6,411,195,9,33,424,35,415,1.79E-71,242
Q92953,Q9UK17,36.5,425,225,8,20,432,27,418,9.59E-71,244
Q92953,P22459,40,438,197,10,28,431,169,574,7.88E-69,239
Q92953,P22001,38.7,429,209,7,20,424,89,487,4.83E-67,232
Q92953,P16389,38.7,416,202,8,33,424,31,417,7.45E-66,226
Q92953,P17658,35.8,464,201,7,34,431,40,472,1.19E-59,210
Q92953,P22460,37.9,448,205,11,35,438,120,538,1.31E-59,212
Q92959,O94956,43.2,646,297,13,26,623,43,666,2.07E-176,516
Q92959,Q9NPD5,33.4,665,403,15,4,640,7,659,1.23E-108,340
Q92959,Q9Y6L6,33.2,645,393,13,31,643,27,665,5.45E-107,336
Q92963,P01112,52.8,163,76,1,21,183,3,164,9.15E-55,171
Q92963,P01116,52.8,163,76,1,21,183,3,164,1.30E-54,170
Q92963,P62834,50.3,167,82,1,20,185,2,168,8.96E-54,168
Q92963,P01111,52.8,163,76,1,21,183,3,164,1.05E-53,168
Q92963,Q15382,34.4,163,107,0,19,181,4,166,1.14E-27,101
Q92963,P20340,34.4,157,101,2,20,175,12,167,2.08E-21,85.5
Q92963,P62826,26.4,163,115,3,21,182,10,168,6.82E-15,68.2
Q92997,O14640,58.2,723,267,13,1,716,1,695,3.15E-245,694
Q93077,Q07889,32.1,84,56,1,11,94,90,172,1.26E-06,43.5
Q93097,P56703,44.6,334,168,5,60,380,26,355,3.79E-107,317
Q93097,P56704,43.6,335,170,7,60,380,23,352,4.64E-102,303
Q93098,P56703,41.2,301,166,5,36,333,62,354,2.52E-74,231
Q93098,P56704,40.7,305,162,6,36,333,59,351,9.17E-74,229
Q95460,P04439,39.1,322,183,8,24,335,26,344,2.44E-74,231
Q969G2,P53667,33.3,123,81,1,18,140,13,134,2.20E-23,99.4
Q969M7,P61081,43.4,136,68,3,28,163,25,151,6.85E-33,113
Q969P6,P11387,70.9,560,163,0,42,601,206,765,4.37E-304,841
Q969Q5,P20340,36.6,183,108,4,9,189,15,191,2.66E-34,118
Q969R5,Q05BQ5,60,548,209,3,60,606,24,562,2.36E-245,691
Q969R5,Q8NA19,35.6,317,195,7,292,604,53,364,2.12E-54,194
Q969R5,Q96JM7,38.7,292,167,10,320,606,261,545,6.90E-51,187
Q969R5,Q9Y468,44.1,195,100,4,414,604,292,481,2.65E-39,152
Q969T4,P61077,65.7,143,49,0,64,206,4,146,4.08E-68,202
Q969T4,P61081,34.1,135,85,3,58,191,26,157,4.89E-21,83.6
Q969W1,Q9UIJ5,20.2,203,127,3,144,346,116,283,5.93E-09,54.3
Q969X2,Q11201,29.2,202,110,9,76,263,106,288,8.18E-14,68.6
Q96A58,P61026,32.9,170,108,5,8,174,11,177,1.77E-17,74.3
Q96A70,P11926,52.5,440,203,3,7,443,8,444,1.16E-165,472
Q96AH8,P01112,38.8,160,95,2,8,167,3,159,2.39E-29,105
Q96AK3,Q9HC16,44.6,195,102,3,197,386,1,194,9.64E-44,153
Q96AX2,P61026,55.1,167,74,1,25,191,5,170,4.36E-64,195
Q96AX2,O14966,35.3,204,121,7,25,220,3,203,8.71E-30,107
Q96AX2,P01112,35.6,163,101,4,31,192,5,164,3.68E-28,102
Q96AX2,P01116,36.2,163,100,4,31,192,5,164,3.68E-28,102
Q96AX2,P01111,35,163,102,4,31,192,5,164,1.56E-26,98.6
Q96AY3,Q9NWM8,32.7,217,129,6,361,573,7,210,1.69E-26,104
Q96AY3,P26885,45.4,108,59,0,156,263,31,138,6.22E-26,100
Q96AY3,P62942,48.8,80,41,0,68,147,26,105,3.58E-19,80.5
Q96AY3,Q13451,30.7,225,135,6,61,274,49,263,4.28E-19,87.4
Q96AY3,P68106,43.9,82,46,0,68,149,26,107,2.05E-17,75.5
Q96B02,P61077,40.5,111,62,2,6,116,4,110,5.38E-20,78.2
Q96B97,P15498,27.3,231,136,11,117,324,617,838,4.49E-08,53.5
Q96BD0,Q9NPD5,30.9,635,395,17,103,697,25,655,2.89E-93,302
Q96BD0,O94956,29.8,630,380,16,106,684,50,668,4.15E-84,278
Q96BD5,Q14839,44.1,59,27,1,487,545,369,421,2.90E-14,73.9
Q96BD5,Q12830,52.2,46,22,0,487,532,389,434,3.70E-11,63.9
Q96BD5,Q8WYB5,51.1,47,19,1,491,533,272,318,3.13E-10,60.8
Q96BD5,Q92794,51.1,47,19,1,491,533,265,311,5.37E-10,60.1
Q96BH1,Q9P2K8,30.2,116,77,2,19,131,26,140,4.10E-09,56.2
Q96BM9,Q15382,23.3,116,86,1,22,134,8,123,8.97E-06,41.6
Q96BP3,P23284,49.7,153,71,5,492,640,49,199,7.06E-35,129
Q96BP3,P62937,49.7,147,68,5,492,633,9,154,6.71E-33,121
Q96BP3,P30405,51.2,129,58,3,500,624,59,186,2.16E-32,121
Q96BP3,Q08752,50.9,161,62,5,487,634,16,172,6.83E-32,124
Q96C36,P32322,84.9,318,48,0,1,318,1,318,6.18E-188,517
Q96C45,Q9NRP7,33.9,286,149,6,1,279,1,253,6.75E-37,149
Q96C45,Q8IU85,29.2,281,165,4,4,277,23,276,7.69E-30,120
Q96C45,Q6P2M8,28.5,281,166,4,4,277,15,267,9.71E-29,116
Q96C45,Q14012,29.8,275,159,5,10,277,26,273,1.73E-27,113
Q96C45,O00444,26.2,290,175,5,1,282,9,267,3.56E-25,110
Q96C45,Q96NX5,28.2,284,166,6,2,277,21,274,5.77E-25,107
Q96C45,Q8TDX7,26.2,282,164,8,1,268,31,282,3.06E-24,102
Q96C45,Q96PY6,27.7,289,173,7,1,282,1,260,3.83E-24,107
Q96C45,P51956,30.1,229,129,5,49,275,53,252,4.22E-24,105
Q96C45,Q9HC98,25.7,280,168,7,1,268,42,293,2.51E-22,96.7
Q96C45,P51957,25.6,281,172,7,10,282,12,263,1.12E-21,99
Q96C45,Q9H4B4,29.2,250,139,7,39,284,103,318,1.35E-21,98.2
Q96C45,Q07002,26.8,310,174,8,1,281,141,426,1.79E-21,96.7
Q96C45,Q12851,26.1,284,179,4,2,279,14,272,1.89E-21,98.2
Q96C45,Q6P3R8,26.5,291,169,9,1,279,1,258,2.07E-21,97.8
Q96C45,Q00537,25.8,310,177,8,1,281,189,474,5.80E-21,95.5
Q96C45,Q00536,26.8,313,168,9,1,280,162,446,6.54E-21,95.1
Q96C45,Q56UN5,25.5,286,180,7,8,283,1065,1327,2.33E-20,95.1
Q96C45,Q9NYY3,24.8,250,150,5,39,284,123,338,1.23E-19,92
Q96C45,Q8IVH8,28.1,285,172,7,2,279,14,272,1.24E-19,92.4
Q96C45,P51955,28,246,138,5,2,231,6,228,1.39E-19,90.5
Q96C45,P53350,26.8,250,151,5,39,287,94,312,3.06E-19,90.5
Q96C45,Q8TD19,23.7,287,185,7,3,282,51,310,8.89E-19,89.7
Q96C45,O76039,25.9,309,173,8,1,277,10,294,1.15E-18,89.4
Q96C45,Q86SG6,25.8,240,146,4,1,232,1,216,1.49E-18,88.6
Q96CM8,Q9ULC5,23,487,314,16,100,542,106,575,2.50E-16,79.7
Q96CM8,Q9UKU0,23.4,488,311,17,100,542,121,590,2.54E-16,79.7
Q96CM8,P33121,22.6,495,306,16,100,542,121,590,3.36E-16,79.3
Q96D42,Q8TDQ0,41.7,132,70,3,6,133,10,138,5.40E-25,100
Q96DA2,P61026,46.6,163,85,2,9,171,10,170,1.24E-50,160
Q96DA2,P51159,37.9,219,119,5,7,213,8,221,1.07E-45,148
Q96DA2,P20340,39,159,95,2,6,164,11,167,1.33E-37,127
Q96DA2,Q5HYI8,32.1,106,64,3,6,103,4,109,5.31E-10,54.7
Q96DH6,P09651,41.8,182,104,1,22,201,15,196,1.65E-45,156
Q96DN0,P07237,32.5,231,145,4,29,257,130,351,3.52E-34,126
Q96DR7,Q92888,23,278,186,8,439,698,416,683,3.75E-10,60.8
Q96DT6,Q8WYN0,29.4,381,180,10,70,422,36,355,1.02E-51,177
Q96DT6,Q9Y4P1,28.6,370,180,8,77,419,40,352,1.41E-47,166
Q96E17,P61026,52.9,170,80,0,25,194,4,173,2.50E-64,196
Q96E17,P51159,44.4,189,94,2,23,200,2,190,4.33E-57,178
Q96E17,P20340,42.7,157,90,0,31,187,14,170,1.86E-44,145
Q96E17,O14966,33.1,178,112,4,28,199,5,181,4.81E-34,118
Q96E17,P62834,36.9,160,98,3,31,188,4,162,6.01E-30,107
Q96EG1,P15289,37.3,507,271,15,28,515,13,491,2.40E-83,265
Q96EP5,P09651,37.1,205,113,3,7,207,11,203,9.08E-38,137
Q96EP9,Q14973,38.6,290,178,0,96,385,18,307,4.95E-63,204
Q96EQ0,P53041,41.4,58,34,0,84,141,27,84,2.53E-08,52
Q96EQ8,P38398,38.6,44,25,1,35,76,22,65,1.57E-06,45.8
Q96EY1,P31689,28,372,217,15,94,437,7,355,1.18E-21,94
Q96F10,P21673,46.4,168,90,0,1,168,1,168,2.41E-53,164
Q96F44,O00481,52.3,172,79,2,287,455,340,511,6.99E-51,177
Q96FE7,P00747,37.2,86,42,4,25,103,103,183,3.43E-09,54.3
Q96FE7,P14210,32.6,89,54,3,25,109,391,477,1.09E-07,49.7
Q96FE7,P00734,38,71,36,2,25,89,213,281,5.95E-07,47.4
Q96FE7,P26927,36.4,66,40,2,25,88,110,175,2.61E-06,45.4
Q96FJ0,O95630,51.9,430,192,2,16,436,1,424,4.76E-147,422
Q96FT7,P78348,49.6,524,237,9,36,539,12,528,6.69E-169,486
Q96FT7,Q9UHC3,49.3,493,222,8,41,509,16,504,2.63E-153,446
Q96GA7,Q9GZT4,29.6,321,172,14,17,312,25,316,1.88E-20,87.8
Q96GD3,Q8NA19,41.8,213,119,4,26,235,50,260,4.22E-44,164
Q96GD3,Q96JM7,41.4,210,118,4,30,236,234,441,4.64E-44,166
Q96GD3,Q05BQ5,35.3,241,134,7,15,238,328,563,8.30E-34,134
Q96GD3,Q9UHJ3,25,701,365,20,30,656,244,857,1.28E-30,125
Q96GQ7,P60842,31.3,383,247,8,201,578,16,387,1.02E-54,191
Q96GQ7,Q14240,32.2,363,235,6,219,578,34,388,1.44E-54,191
Q96GQ7,O00571,34.2,383,224,6,219,579,181,557,1.76E-54,197
Q96GQ7,P38919,29.9,371,254,4,208,578,28,392,2.55E-52,185
Q96GQ7,Q86XP3,35.2,341,205,6,219,551,254,586,2.08E-50,188
Q96GQ7,O00148,30.5,364,241,9,220,578,46,402,1.07E-49,178
Q96GQ7,Q92841,32.2,367,241,4,219,580,172,535,4.42E-45,170
Q96GQ7,P26196,29.4,360,245,5,220,578,98,449,1.08E-43,162
Q96GQ7,Q92499,36.9,65,40,1,219,283,3,66,1.93E-06,48.5
Q96GR2,P33121,27,641,415,19,104,724,91,698,3.81E-49,181
Q96GR2,Q9ULC5,26.2,644,408,21,104,720,76,679,2.62E-46,172
Q96GR2,Q9UKU0,25.3,661,430,22,88,719,68,693,2.41E-42,161
Q96GR2,O95573,28.1,498,309,15,129,596,131,609,2.47E-39,152
Q96GR4,Q9UIJ5,29.6,152,98,4,96,243,126,272,1.15E-12,64.3
Q96GW9,P26640,30.2,116,69,4,272,379,783,894,9.91E-06,45.8
Q96GX5,Q15208,47.3,148,76,1,32,177,86,233,3.31E-35,137
Q96GX5,Q9Y2H1,45.9,148,78,1,32,177,87,234,1.07E-34,135
Q96GX5,Q9Y2H9,46.5,157,82,1,28,182,367,523,2.11E-34,139
Q96GX5,O60307,45.8,155,82,1,30,182,362,516,2.24E-33,136
Q96GX5,Q15349,45.2,157,80,2,34,185,58,213,1.50E-32,132
Q96GX5,Q9NRM7,48.3,145,73,1,35,177,668,812,5.22E-32,131
Q96GX5,P23443,42,157,85,2,33,183,89,245,6.22E-32,128
Q96GX5,Q9UK32,44.6,157,81,2,34,185,72,227,6.39E-32,130
Q96GX5,Q15418,41.2,182,97,3,35,207,62,242,1.90E-31,129
Q96GX5,P51812,44.6,157,81,2,34,185,67,222,1.93E-31,129
Q96GX5,O75116,45.2,146,77,2,33,176,90,234,5.21E-30,125
Q96GX5,O75676,42,162,87,3,31,185,29,190,8.11E-30,124
Q96GX5,Q13464,45.2,146,77,2,33,176,74,218,1.54E-29,124
Q96GX5,O75582,41.9,155,83,3,32,179,46,200,1.07E-28,120
Q96GX5,Q8WU08,34.9,189,112,3,28,206,8,195,4.77E-28,114
Q96GX5,Q9NY57,37,181,104,2,28,198,8,188,6.19E-28,114
Q96GX5,Q5VT25,40.8,147,84,2,33,176,75,221,2.17E-26,114
Q96GX5,P51817,33.2,190,120,4,27,212,39,225,2.29E-26,108
Q96GX5,Q16512,37.1,178,104,4,29,200,609,784,4.42E-26,112
Q96GX5,Q9Y243,42,143,73,3,740,875,308,447,4.48E-26,110
Q96GX5,Q86UX6,38.8,152,91,1,31,180,89,240,6.39E-26,109
Q96GX5,P22612,37.7,151,92,1,31,179,40,190,9.10E-26,107
Q96GX5,Q05513,35.1,185,117,2,19,200,236,420,1.01E-25,110
Q96GX5,P17612,36,150,94,1,32,179,41,190,9.92E-25,103
Q96GX5,P22694,36,150,94,1,32,179,41,190,4.40E-24,102
Q96H15,Q8TDQ0,40.5,116,67,2,23,137,21,135,1.45E-22,94
Q96H55,P35579,34.5,655,399,10,36,672,82,724,8.59E-103,351
Q96H55,P35580,33.9,657,403,11,36,672,86,731,5.26E-102,348
Q96H55,Q7Z406,34.2,653,404,12,36,672,106,748,2.83E-99,340
Q96H55,Q9UKN7,30.9,755,454,19,37,778,1224,1923,2.84E-99,341
Q96H55,Q9UKX2,32.6,795,459,21,36,802,87,832,1.32E-97,335
Q96H55,Q8WXR4,31.9,683,398,15,38,672,346,1009,6.12E-96,328
Q96H55,Q8NEV4,30.3,819,465,19,34,801,337,1100,1.36E-94,326
Q96HF1,Q8N474,42.6,263,144,4,33,295,51,306,1.06E-73,226
Q96HN2,O43865,92,501,37,1,111,611,33,530,0,928
Q96HN2,P23526,50.4,427,210,2,186,611,7,432,3.18E-150,437
Q96HZ4,Q14469,35.3,133,81,1,26,153,35,167,2.88E-18,78.6
Q96I24,Q96AE4,58.2,502,178,8,17,497,29,519,2.00E-179,518
Q96I99,Q9P2R7,53.4,397,185,0,30,426,45,441,2.54E-137,399
Q96J01,O75530,34.9,43,28,0,94,136,185,227,4.11E-06,45.4
Q96J02,P46934,41.8,605,270,11,324,900,765,1315,3.59E-147,466
Q96J02,Q9HCE7,47.8,475,222,6,435,903,303,757,8.05E-143,439
Q96J02,Q92918,74.3,35,9,0,166,200,798,832,5.17E-08,53.9
Q96J65,O15440,44.9,1373,695,13,24,1356,80,1430,0,1090
Q96J65,P33527,32.7,1407,798,20,21,1351,191,1524,5.76E-217,671
Q96J65,Q92887,31.5,1419,793,25,44,1357,193,1537,8.59E-208,647
Q96J65,O15438,32,1381,775,23,43,1338,206,1507,5.91E-198,620
Q96J65,Q09428,28.9,1435,862,27,29,1356,198,1580,1.14E-163,529
Q96J65,O60706,28.4,1371,849,25,51,1344,222,1537,1.31E-153,501
Q96J65,P13569,26.4,655,447,12,44,688,4,633,1.45E-63,235
Q96J65,P08183,37.7,231,141,3,1117,1344,389,619,8.42E-38,152
Q96J65,O95342,29.4,221,139,3,495,699,1095,1314,7.49E-24,106
Q96J66,O15440,40.5,1360,768,8,60,1381,77,1433,0,958
Q96J66,O15438,33,1387,759,24,74,1359,190,1507,1.51E-196,617
Q96J66,P33527,30.9,1383,800,23,81,1371,205,1523,1.51E-185,588
Q96J66,Q92887,32.2,1250,714,21,188,1370,346,1529,7.56E-185,586
Q96J66,Q09428,28.1,1429,866,25,55,1374,202,1577,1.28E-152,499
Q96J66,O60706,29,1393,865,29,59,1376,204,1547,4.13E-147,484
Q96J66,P13569,29,645,432,12,85,719,5,633,3.26E-62,231
Q96J66,P08183,30.2,222,138,3,525,730,1051,1271,3.81E-25,110
Q96J92,Q9BYP7,51,700,232,15,153,748,126,818,2.66E-177,567
Q96J92,Q9H4A3,65.7,467,129,5,158,597,205,667,3.44E-175,570
Q96J92,Q9Y3S1,72.7,362,98,1,164,524,185,546,9.35E-158,520
Q96J92,Q8TDX7,32,269,162,10,166,420,21,282,1.15E-27,112
Q96J92,Q9HC98,32.4,256,155,10,176,420,45,293,1.80E-25,105
Q96J92,Q9Y2U5,32.1,224,138,7,180,394,362,580,3.19E-23,103
Q96J92,Q9NRP7,29.5,325,198,12,180,491,10,316,9.82E-23,102
Q96J92,Q86SG6,26.9,253,173,7,180,428,10,254,7.66E-21,95.9
Q96J92,P51955,28.7,258,169,8,180,427,14,266,2.41E-20,92.8
Q96J92,Q96L34,25.7,288,195,10,180,459,65,341,5.25E-19,90.1
Q96J92,Q9UEE5,30.9,220,137,8,165,375,50,263,3.29E-18,85.9
Q96J92,O60674,29.2,288,166,13,167,426,842,1119,1.08E-15,79.7
Q96J92,O15111,29.5,207,129,9,180,375,21,221,3.90E-14,74.3
Q96J92,O43353,28.3,244,141,9,170,394,20,248,4.52E-13,70.5
Q96J92,Q6XUX3,32.6,141,86,5,284,420,761,896,6.74E-13,70.5
Q96J92,O14976,25.2,278,165,14,180,427,46,310,3.87E-10,61.6
Q96JB8,P78352,32.3,201,120,4,428,627,535,720,1.26E-25,109
Q96JD6,P15121,55.7,323,118,2,4,320,13,316,1.16E-128,367
Q96JD6,O60218,54.8,323,121,3,4,320,13,316,1.38E-117,339
Q96JD6,P17516,43.4,327,156,4,4,320,16,323,6.68E-92,274
Q96JD6,Q04828,42.5,327,159,4,4,320,16,323,1.90E-91,273
Q96JD6,P52895,42.5,327,159,4,4,320,16,323,2.16E-90,270
Q96JD6,P42330,43.1,327,157,5,4,320,16,323,3.97E-88,264
Q96JD6,P14550,42,319,157,4,4,315,14,311,1.13E-82,250
Q96JF0,P15907,48.9,317,157,4,205,519,93,406,2.10E-108,327
Q96JF0,Q11203,29.8,225,142,7,278,495,147,362,3.86E-13,68.2
Q96JH8,Q5TCQ9,43,86,44,2,972,1057,1019,1099,1.92E-12,68.9
Q96JJ7,P07237,33.3,165,103,4,45,204,45,207,1.46E-21,94.4
Q96KC8,P31689,43.8,64,34,1,63,126,4,65,1.37E-10,60.5
Q96KK3,Q14721,38.5,455,250,6,22,475,6,431,7.28E-103,325
Q96KK3,Q09470,30.7,462,259,13,22,467,2,418,3.21E-59,201
Q96KK3,P22001,31.6,430,239,10,50,467,104,490,5.91E-59,202
Q96KK3,P22459,31.8,456,242,11,35,467,161,570,4.23E-58,201
Q96KK3,P16389,30.6,432,242,11,50,467,33,420,5.05E-54,187
Q96KK3,Q9UK17,30.4,428,244,9,46,468,36,414,2.24E-51,183
Q96KK3,P22460,29.2,448,246,11,50,467,120,526,2.42E-51,182
Q96KK3,P17658,28.7,474,248,11,48,471,39,472,1.56E-49,176
Q96KK3,Q9NR82,28.3,145,102,2,318,461,208,351,1.42E-11,64.3
Q96KK3,P56696,38.4,86,47,1,376,461,244,323,2.64E-10,60.1
Q96KK5,Q07889,32.1,84,56,1,11,94,90,172,8.76E-07,43.9
Q96L42,Q12809,36,872,353,14,1,675,1,864,1.06E-154,488
Q96L42,O95259,38.4,714,377,14,5,674,8,702,2.19E-151,475
Q96L42,O60741,24.8,480,311,9,208,661,128,583,7.44E-30,125
Q96L46,P07384,49.4,176,89,0,73,248,539,714,3.62E-58,193
Q96L46,P17655,46.9,162,86,0,81,242,534,695,1.30E-48,167
Q96L92,Q12923,41.3,80,37,3,44,122,1369,1439,1.00E-08,55.5
Q96L93,Q15058,45.5,569,280,7,2,559,357,906,2.00E-132,443
Q96L93,O60333,59.2,395,144,7,2,390,4,387,9.42E-123,417
Q96L93,Q9Y496,47.1,397,176,9,3,394,14,381,5.52E-85,290
Q96L93,O15066,45.4,390,179,10,3,387,9,369,4.78E-79,274
Q96L93,Q9NS87,41.9,396,193,9,3,389,26,393,6.68E-65,239
Q96L93,P52732,38.9,406,203,11,3,392,18,394,8.78E-63,231
Q96L93,Q7Z4S6,40.2,425,187,12,2,389,8,402,1.31E-61,229
Q96L93,O60282,39.6,366,179,7,3,365,8,334,6.74E-57,211
Q96L93,P33176,39.6,366,177,8,3,365,8,332,1.24E-56,211
Q96L93,Q02224,38.1,391,203,8,3,389,6,361,1.83E-55,210
Q96L93,Q12840,34.9,455,228,12,3,454,9,398,3.20E-55,207
Q96L93,Q9BW19,38.8,317,157,11,58,359,370,664,4.96E-41,159
Q96L93,Q99661,35.4,370,180,13,6,358,261,588,2.37E-38,151
Q96L93,O95235,37.3,217,126,4,148,362,303,511,8.21E-28,119
Q96L93,Q96Q89,38.7,222,124,4,148,365,273,486,2.79E-26,114
Q96L96,Q15746,28.1,96,66,1,276,371,158,250,2.92E-06,49.7
Q96LC7,Q9Y286,43.6,346,181,6,2,341,1,338,1.06E-82,267
Q96LR5,P61077,65,143,50,0,58,200,4,146,2.67E-67,200
Q96LR5,P61081,34.1,135,85,3,52,185,26,157,1.52E-21,84.7
Q96LT4,Q86VZ5,37.7,414,220,9,12,409,7,398,3.50E-86,266
Q96LT4,Q8NHU3,44.7,266,141,2,148,407,75,340,6.30E-77,240
Q96LZ3,P62166,34.7,124,66,4,58,167,68,190,1.38E-17,73.6
Q96M96,P98174,57,556,225,5,202,743,369,924,8.40E-215,627
Q96MA6,P27144,33.6,140,90,2,270,409,7,143,1.87E-21,90.1
Q96MN2,Q96P20,33.2,1053,584,12,14,982,13,1030,4.19E-168,517
Q96MS0,P10586,25.4,854,516,30,61,862,30,814,9.08E-40,159
Q96MU8,P00750,42,100,50,5,32,128,127,221,3.50E-17,81.3
Q96MU8,Q04756,39.5,86,47,3,32,115,286,368,1.15E-14,73.6
Q96MU8,P00748,37.2,86,50,3,32,117,217,298,1.39E-13,70.1
Q96MU8,P14210,37.8,98,55,4,31,127,304,396,2.71E-13,69.3
Q96MV8,Q9UIJ5,62.1,293,111,0,10,302,8,300,2.10E-138,394
Q96MV8,Q5W0Z9,54.4,316,140,2,14,325,8,323,9.37E-127,365
Q96N87,Q9H2J7,42.7,592,317,6,13,589,56,640,2.73E-172,505
Q96N87,P30531,38.8,526,257,8,11,527,38,507,9.91E-125,379
Q96N87,Q9Y345,35.9,619,280,12,13,584,183,731,3.89E-123,380
Q96N87,Q99884,34.7,605,306,11,13,598,32,566,1.51E-120,369
Q96N87,P48067,35.5,611,288,11,13,590,95,632,1.02E-119,369
Q96N87,Q9UN76,34.4,625,295,13,13,591,31,586,4.27E-118,363
Q96N87,P48065,36.7,600,294,12,13,594,31,562,5.44E-118,362
Q96N87,P31645,36.2,530,272,8,17,533,78,554,1.12E-114,353
Q96N87,Q9NSD5,35.8,590,300,10,17,592,31,555,3.99E-114,351
Q96N87,P23975,35.4,604,301,12,15,598,51,585,3.99E-111,344
Q96N87,P48066,34.5,585,300,10,17,584,49,567,6.01E-111,344
Q96N87,P31641,33.8,592,308,7,17,590,40,565,1.21E-110,343
Q96N87,Q01959,35.4,588,292,11,17,586,59,576,3.35E-110,342
Q96N96,Q7Z628,25.6,289,182,10,241,515,175,444,9.52E-09,55.5
Q96NR8,P56937,23.7,253,156,6,40,259,3,251,1.13E-10,58.9
Q96NR8,P80365,30,207,122,8,40,240,83,272,7.77E-08,50.4
Q96NZ1,Q08050,45,60,32,1,193,251,236,295,1.26E-11,64.3
Q96NZ1,Q12778,43.8,80,37,2,197,271,164,240,2.03E-11,63.5
Q96NZ1,O43524,42.5,80,38,2,197,271,161,237,6.27E-11,62
Q96P63,P01008,35.3,408,229,9,4,405,83,461,3.54E-68,220
Q96P66,P25100,33.2,193,124,3,29,220,94,282,1.45E-18,85.9
Q96P66,P34969,28.4,194,134,2,32,224,82,271,4.40E-16,77.8
Q96P66,P35346,28.7,216,140,4,25,233,34,242,3.37E-13,68.2
Q96P66,P41597,27.6,170,118,3,46,213,57,223,4.71E-12,64.7
Q96P66,P31391,29.8,141,97,2,47,186,63,202,1.18E-11,63.5
Q96P66,P30874,24.5,196,142,4,48,238,60,254,1.42E-10,60.1
Q96P66,P51681,26.4,174,119,3,46,213,45,215,4.14E-10,58.5
Q96P66,P30872,26.1,138,101,1,48,185,75,211,4.80E-10,58.5
Q96P66,P51677,26,173,118,4,48,213,51,220,5.45E-09,55.1
Q96P66,Q9Y5X5,28.6,133,91,2,33,165,151,279,1.37E-08,54.3
Q96P66,Q9GZQ6,29.4,119,82,1,47,165,59,175,6.37E-08,52
Q96P66,P51679,28.6,175,113,7,48,215,56,225,1.66E-07,50.4
Q96P66,P32745,25.8,163,116,3,25,186,37,195,3.35E-07,49.7
Q96P66,P51686,23.3,176,124,4,48,215,65,237,3.98E-07,49.3
Q96P66,O43613,28.1,121,85,1,45,165,60,178,4.48E-07,49.3
Q96P66,O43614,24.4,127,94,1,39,165,62,186,3.26E-06,46.6
Q96PB7,Q99972,38.1,257,152,4,219,468,245,501,3.71E-56,192
Q96PD2,P12259,47,164,77,3,290,449,2064,2221,1.49E-34,139
Q96PD2,P00736,27.3,143,87,4,82,211,27,165,9.49E-11,62.4
Q96PD4,Q16552,56.5,108,47,0,55,162,47,154,6.47E-38,124
Q96PD6,Q3SYC2,53.6,330,153,0,3,332,2,331,1.23E-126,363
Q96PD6,Q96PD7,50.6,320,157,1,14,332,66,385,4.14E-110,323
Q96PD6,Q58HT5,42.7,316,180,1,17,332,11,325,1.10E-87,264
Q96PD6,Q6E213,40,335,188,2,7,334,4,332,1.82E-87,263
Q96PF1,O95932,46,722,355,12,4,707,1,705,2.06E-202,585
Q96PF1,P21980,41.6,707,377,11,7,704,5,684,4.22E-180,527
Q96PF1,Q08188,40.6,707,398,12,4,704,1,691,2.30E-178,523
Q96PF1,P22735,38,711,404,14,7,710,110,790,4.78E-144,438
Q96PF1,P00488,31.8,694,433,13,19,702,61,724,3.76E-115,360
Q96PL5,O00481,48.9,174,88,1,223,395,325,498,8.07E-50,175
Q96PQ1,Q9Y286,68.1,445,139,2,151,595,26,467,2.20E-209,589
Q96PR1,Q14721,37.8,490,212,10,9,493,32,433,3.08E-76,258
Q96PR1,Q09470,40.5,388,172,8,101,480,79,415,5.79E-65,219
Q96PR1,Q9UK17,31.8,548,301,13,100,632,80,569,3.64E-61,213
Q96PR1,P22459,39.4,404,167,12,101,480,218,567,4.63E-60,209
Q96PR1,P22001,39.6,394,172,9,101,480,146,487,8.13E-60,207
Q96PR1,P16389,38.8,397,172,11,101,480,75,417,6.25E-59,203
Q96PR1,P17658,37.2,433,169,10,101,480,83,465,1.07E-55,195
Q96PR1,P22460,36.8,413,177,9,101,480,162,523,4.45E-54,192
Q96PR1,O43526,27.4,292,168,6,196,478,62,318,2.40E-13,70.5
Q96PU4,Q96T88,53.5,834,315,15,1,802,1,793,2.01E-303,849
Q96PU4,Q12830,45.7,46,21,2,347,392,393,434,8.24E-07,50.1
Q96PU5,P46934,63.1,877,249,11,100,975,517,1319,0,1066
Q96PU5,Q9HCE7,44.9,543,240,10,478,971,222,754,1.97E-146,451
Q96PU5,Q5TCQ9,45.8,83,36,2,499,579,295,370,8.48E-14,73.2
Q96PZ7,Q9Y6L7,26.1,648,352,17,1802,2429,464,1004,1.13E-59,223
Q96PZ7,O43897,26.2,328,164,5,1974,2292,349,607,9.39E-28,120
Q96PZ7,P00751,30.1,166,104,4,2820,2974,55,219,6.57E-19,91.7
Q96PZ7,O14786,25.1,307,152,8,758,1047,27,272,3.98E-16,82.8
Q96PZ7,P13497,22.5,796,416,30,1222,1907,269,973,1.60E-15,80.9
Q96PZ7,P09871,23.8,361,230,15,1980,2319,18,354,2.87E-13,73.2
Q96PZ7,P48740,23.8,382,226,16,767,1115,29,378,3.82E-13,72.8
Q96PZ7,P14151,26.3,152,98,4,2704,2854,178,316,2.31E-11,65.9
Q96PZ7,P16581,22.6,221,113,6,361,580,384,547,2.12E-09,60.5
Q96Q42,Q8TD19,26.3,228,145,10,6,218,330,549,8.66E-08,54.3
Q96QB1,P11274,28.3,184,126,3,1066,1246,1042,1222,7.51E-13,70.9
Q96QE2,Q9NY64,28.4,536,296,9,81,612,26,477,1.28E-50,180
Q96QS6,Q8IU85,45.5,279,147,4,63,340,23,297,3.68E-82,253
Q96QS6,Q14012,45.2,281,145,4,63,340,20,294,7.45E-81,249
Q96QS6,Q6P2M8,43.6,289,153,3,63,344,15,300,6.51E-75,233
Q96QS6,Q96NX5,45.8,253,134,1,68,320,28,277,3.18E-74,236
Q96QS6,Q16566,41.3,288,159,4,63,344,46,329,9.53E-68,219
Q96QS6,O15075,41,266,149,4,59,320,386,647,7.50E-60,203
Q96QS6,Q8N568,39.6,288,164,5,59,342,390,671,9.79E-59,201
Q96QS6,Q13557,36.6,279,168,4,63,336,14,288,1.80E-54,184
Q96QS6,Q9C098,36.9,279,167,5,63,337,356,629,3.96E-54,186
Q96QS6,O43293,37.4,265,157,4,63,320,13,275,1.05E-53,181
Q96QS6,Q13555,35.6,278,172,4,63,336,14,288,3.82E-53,182
Q96QS6,Q9UIK4,37,265,158,4,63,320,23,285,4.49E-53,177
Q96QS6,Q86YV6,38.2,254,153,3,68,320,111,361,4.94E-53,178
Q96QS6,Q9UQM7,34.3,283,179,4,58,336,8,287,1.78E-52,179
Q96QS6,Q15746,33.7,282,183,3,63,343,1464,1742,6.29E-51,181
Q96QS6,Q13554,35.1,279,172,4,63,336,14,288,3.16E-50,176
Q96QS6,P51817,40.4,265,139,7,63,319,49,302,1.55E-49,168
Q96QS6,Q9BYT3,35.2,267,163,3,63,320,116,381,7.08E-49,170
Q96QS6,O96017,36.9,271,154,7,63,320,220,486,4.16E-47,166
Q96QS6,P15735,36.3,273,154,6,62,319,23,290,3.71E-46,160
Q96QS6,P22612,35.3,258,156,5,69,322,50,300,4.21E-46,159
Q96QS6,P22694,35.2,264,160,5,63,322,44,300,5.89E-46,158
Q96QS6,P17612,34.9,258,157,5,69,322,50,300,1.25E-43,152
Q96QS6,Q9Y2K2,33.9,283,172,6,57,336,60,330,2.62E-43,158
Q96QS6,P49137,34.5,264,157,6,68,321,69,326,2.58E-42,150
Q96QT4,Q9BX84,52.2,2018,741,30,2,1834,12,1990,0,1840
Q96QT4,O94759,29.4,1325,703,36,2,1256,58,1219,6.55E-141,474
Q96QT4,Q8TD43,27.7,1294,759,38,3,1233,7,1187,1.18E-119,407
Q96QT4,Q9NZQ8,27.2,1202,723,33,93,1246,26,1123,3.15E-105,363
Q96QT4,Q7Z2W7,32.2,490,283,14,5,479,43,498,3.29E-66,243
Q96QT4,O00418,33.3,105,63,2,1717,1821,226,323,3.34E-11,65.5
Q96QT6,Q96L73,45.3,64,27,2,47,107,1695,1753,1.10E-08,56.6
Q96QV6,Q07889,34.5,84,54,1,11,94,90,172,2.04E-07,45.8
Q96QZ7,Q5TCQ9,42,1275,539,23,1,1240,1,1109,1.51E-295,879
Q96QZ7,P46934,37.3,102,51,2,295,393,835,926,3.73E-12,68.6
Q96RI8,O14804,43.3,330,178,2,14,343,17,337,1.13E-97,290
Q96RI8,Q96RJ0,41.3,332,193,2,14,343,5,336,8.72E-87,262
Q96RI8,Q13639,31,339,208,7,27,339,14,352,1.70E-47,162
Q96RI8,P07550,31.3,297,183,5,47,326,48,340,3.53E-40,143
Q96RI8,P28222,30.9,349,174,10,32,326,49,384,1.72E-37,135
Q96RI8,P25100,28.3,311,182,5,45,321,109,412,1.06E-31,122
Q96RI8,P28335,28.3,321,180,9,44,321,65,378,8.26E-29,113
Q96RI8,P13945,30.3,314,183,9,43,323,47,357,4.11E-27,107
Q96RI8,P28221,34.4,186,106,4,47,227,53,227,6.80E-26,103
Q96RI8,P28223,27.3,330,187,10,44,333,86,402,8.81E-26,104
Q96RI8,P08588,25.4,319,197,4,45,323,71,388,4.34E-20,88.2
Q96RI8,P35372,25.7,311,188,12,44,337,82,366,1.51E-18,83.2
Q96RI8,P21917,31.5,181,113,4,42,221,46,216,3.57E-16,76.3
Q96RI8,P41595,29,186,128,3,49,233,71,253,1.42E-14,71.6
Q96RI8,Q9Y2T6,33,106,62,6,64,167,56,154,3.17E-06,45.4
Q96RK0,Q9UJU2,36.2,69,44,0,199,267,298,366,1.74E-09,58.9
Q96RL6,Q9Y286,43.4,346,181,5,14,352,1,338,2.23E-81,263
Q96RQ3,Q13085,31.5,514,281,11,40,489,107,613,5.77E-63,226
Q96RQ3,O00763,28.5,731,396,19,47,695,258,943,1.91E-62,224
Q96RQ9,P27338,24.4,463,311,13,62,504,7,450,1.34E-21,95.5
Q96RQ9,P21397,24.8,476,293,18,62,504,16,459,1.24E-17,83.2
Q96RQ9,O60341,40.5,74,36,2,48,115,261,332,5.70E-10,59.3
Q96RQ9,Q8NB78,24.3,489,303,19,48,504,366,819,2.94E-09,57
Q96RQ9,Q9NWM0,42.9,84,43,4,52,133,18,98,1.18E-07,51.6
Q96RU2,Q9UHP3,49.6,1064,485,13,22,1068,18,1047,0,942
Q96RU7,O00444,30.7,179,119,3,141,318,94,268,4.81E-20,89
Q96RU7,Q15349,27.8,248,157,9,84,315,431,672,1.12E-17,81.6
Q96RU7,Q15418,27.5,258,149,8,84,317,434,677,1.50E-17,81.3
Q96RU7,Q96RR4,26.8,213,146,5,117,321,245,455,3.15E-17,80.1
Q96RU7,P11309,28.9,187,123,4,143,329,128,304,1.52E-16,76.6
Q96RU7,Q9UK32,30.4,168,113,2,142,309,158,321,3.72E-16,77
Q96RU8,P27448,30,283,175,8,91,356,53,329,3.39E-27,110
Q96RU8,Q7KZI7,28.8,292,187,7,84,363,43,325,2.08E-26,108
Q96RU8,Q96L34,32.5,200,130,3,139,337,114,309,2.72E-26,107
Q96RU8,Q9P0L2,30.2,242,155,5,105,337,74,310,1.34E-24,102
Q96RU8,O00444,30.6,248,148,7,105,337,26,264,2.10E-23,99.4
Q96RU8,Q96RR4,32,203,131,4,140,337,245,445,3.72E-23,98.2
Q96RU8,Q9NYY3,27.2,250,171,5,126,371,122,364,4.77E-21,92
Q96RU8,O75582,29.4,214,134,6,140,339,478,688,1.26E-20,90.9
Q96RU8,P53350,31.7,186,119,3,174,359,145,322,1.89E-20,90.1
Q96RU8,Q9HBH9,26.6,282,164,11,99,339,90,369,6.72E-18,82
Q96RU8,P51812,28.4,243,156,8,110,337,439,678,9.99E-18,82
Q96RU8,Q15418,27.7,242,159,8,110,337,435,674,5.69E-17,79.7
Q96RU8,Q9UK32,27,244,158,8,110,337,443,682,1.37E-16,78.6
Q96RU8,Q16816,28.3,219,139,8,136,342,80,292,4.03E-16,76.3
Q96RU8,Q15349,24.8,242,166,7,110,337,432,671,1.37E-15,75.5
Q96RU8,Q9BUB5,33.9,118,56,4,244,339,258,375,5.64E-12,63.9
Q96RU8,O95835,39,105,54,6,244,341,912,1013,1.31E-08,53.9
Q96RU8,Q9Y2H1,34.6,104,60,4,244,341,285,386,1.20E-07,50.4
Q96RU8,Q15208,36.2,105,57,5,244,341,284,385,1.59E-07,50.1
Q96RU8,Q9NRM7,33.7,104,61,5,244,341,875,976,1.99E-06,47
Q96RU8,P45985,28.4,109,56,3,244,337,265,366,4.30E-06,45.4
Q96RW7,Q15746,22.6,831,502,24,2491,3242,44,812,8.80E-39,158
Q96RW7,P17948,22.6,464,292,15,1509,1915,295,748,1.02E-15,82.4
Q96RW7,P22607,25.6,301,160,11,1565,1812,57,346,1.56E-10,65.1
Q96RW7,Q16620,28.3,180,101,6,2488,2654,205,369,4.64E-10,63.5
Q96RW7,Q9UHI8,35.9,78,49,1,4565,4641,537,614,4.31E-09,60.5
Q96RW7,P07333,21.6,301,204,10,3117,3400,164,449,4.90E-08,57
Q96RW7,P09619,24.7,247,155,10,3524,3746,209,448,5.75E-07,53.5
Q96S21,P51159,34.9,195,109,4,11,189,6,198,9.79E-32,114
Q96S38,P23443,36.8,171,87,4,909,1065,198,361,1.63E-26,112
Q96S38,Q9UBS0,33.9,171,92,4,909,1065,174,337,1.12E-24,106
Q96S38,O75676,34.9,192,94,4,895,1064,127,309,1.64E-23,104
Q96S38,O75582,33.9,189,101,5,895,1064,143,326,9.57E-21,95.5
Q96S38,P51817,35.7,157,97,2,909,1061,152,308,2.53E-20,91.3
Q96S38,Q09013,32.3,251,133,9,836,1061,106,344,6.33E-20,92.4
Q96S38,Q9Y2H1,29,221,108,4,890,1064,174,391,1.63E-18,87
Q96S38,Q15208,30.3,221,105,6,890,1064,173,390,5.11E-18,85.5
Q96S38,Q8WU08,28.3,184,116,4,890,1061,107,286,5.50E-17,81.6
Q96S38,Q13976,31,171,100,4,909,1066,464,629,1.42E-15,78.6
Q96S38,Q86UX6,29.6,189,115,5,890,1064,177,361,1.59E-15,77.8
Q96S38,Q9NY57,29.2,192,116,5,890,1066,107,293,6.10E-15,75.5
Q96S38,Q13237,31.5,165,89,4,916,1064,563,719,8.18E-15,76.3
Q96S38,P53778,32.3,99,66,1,903,1000,127,225,8.92E-09,55.8
Q96S38,O15264,32.3,96,64,1,906,1000,127,222,2.73E-08,54.3
Q96S38,O75914,28.8,163,101,5,903,1055,376,533,2.10E-07,52
Q96S38,Q16539,27.1,133,87,2,912,1034,133,265,4.44E-07,50.4
Q96S38,P51812,27.1,166,96,5,917,1064,527,685,1.23E-06,49.7
Q96S38,Q13177,27.3,154,97,5,912,1055,351,499,3.15E-06,48.1
Q96S38,Q13153,27.6,163,103,5,903,1055,363,520,5.57E-06,47.4
Q96S59,P21817,24.9,181,105,6,203,358,1075,1249,1.68E-06,48.9
Q96SB3,P78352,34.4,90,58,1,483,572,147,235,1.29E-07,52.4
Q96SD1,Q9H816,29.8,392,213,17,6,380,3,349,1.82E-25,108
Q96SL4,P36969,44.8,145,73,3,23,161,39,182,6.71E-34,116
Q96SQ9,P11509,49.1,468,236,2,27,494,28,493,2.09E-160,462
Q96SQ9,P33261,45.5,462,250,2,29,490,26,485,1.57E-140,411
Q96SQ9,P11712,44.8,462,253,2,29,490,26,485,2.22E-140,410
Q96SQ9,P10632,43.7,462,258,2,29,490,26,485,7.37E-136,399
Q96SQ9,P51589,38.8,443,267,4,33,475,44,482,1.16E-108,330
Q96SQ9,P10635,38.5,480,259,9,33,497,34,492,9.70E-96,296
Q96SQ9,P04798,30.2,486,300,14,33,493,40,511,1.96E-60,204
Q96SQ9,P05177,30.3,449,292,10,33,466,42,484,2.27E-52,182
Q96SQ9,P08686,30,477,299,16,31,494,28,482,2.65E-47,168
Q96SQ9,P05093,26.8,466,325,11,39,493,34,494,3.11E-45,163
Q96SQ9,P20815,25.2,464,312,16,34,482,39,482,4.08E-26,108
Q96T23,Q9NRL2,46.3,54,29,0,894,947,1151,1204,5.55E-11,64.7
Q96T51,P98174,37.1,62,37,2,640,699,728,789,7.83E-07,49.7
Q96T55,Q96T54,45.1,244,121,3,17,253,25,262,1.47E-70,219
Q96T55,P57789,40.2,246,141,3,14,253,72,317,5.30E-57,189
Q96T55,O95069,40.2,241,137,4,19,253,67,306,6.01E-56,184
Q96T55,O95279,40.7,231,135,2,20,249,11,240,7.26E-56,186
Q96T55,Q9NYG8,40.6,249,133,5,14,251,6,250,6.96E-53,175
Q96T55,O14649,36.8,239,131,7,13,244,7,232,5.65E-35,128
Q96T55,Q9NPC2,35.1,239,135,6,13,244,7,232,1.52E-33,124
Q96T68,Q15047,30.2,728,353,13,140,719,571,1291,1.58E-85,291
Q96T68,Q96KQ7,34.1,179,103,6,245,418,925,1093,1.25E-19,91.3
Q96T68,Q9H9B1,34.2,193,112,6,231,418,999,1181,1.70E-19,90.9
Q96T68,Q53H47,47.8,67,34,1,342,408,115,180,5.38E-15,75.9
Q96T83,Q14940,31.9,379,237,7,179,553,103,464,3.56E-43,165
Q96T83,P48764,31.7,372,242,8,171,538,103,466,7.06E-42,160
Q96T83,Q9UBY0,32.6,365,225,10,181,538,139,489,2.07E-41,159
Q96T83,P19634,32,369,222,8,181,538,159,509,6.79E-40,154
Q96TA2,P55072,43.3,233,126,4,331,559,469,699,3.35E-46,174
Q99259,P20711,27.5,363,229,7,162,502,50,400,7.59E-38,143
Q99424,Q15067,45.5,673,345,8,18,681,1,660,5.16E-186,540
Q99424,O15254,32.7,587,356,15,121,681,127,700,2.74E-73,248
Q99447,P49585,39.7,136,80,1,21,154,75,210,1.64E-25,103
Q99459,P10242,32.7,104,69,1,9,111,93,196,2.63E-12,67.4
Q99487,Q13093,43.4,376,201,6,9,384,56,419,3.82E-101,304
Q99549,Q9Y232,44.4,72,39,1,59,129,61,132,2.51E-11,64.3
Q99549,Q8N8U2,54.9,51,22,1,57,106,5,55,4.56E-10,60.1
Q99549,P45973,44.1,59,32,1,51,109,12,69,7.60E-10,56.6
Q99549,P83916,47.9,48,24,1,59,106,21,67,1.26E-09,55.8
Q99549,Q14781,43.6,55,30,1,55,109,8,61,2.44E-06,48.1
Q99574,P01008,33.4,386,236,9,24,397,85,461,9.99E-65,211
Q99574,P20848,25.9,374,263,5,26,397,57,418,6.60E-40,144
Q99578,P01116,52.8,163,76,1,20,182,3,164,3.00E-55,172
Q99578,P62834,47.9,167,86,1,19,184,2,168,2.94E-54,169
Q99578,P01111,52.8,163,76,1,20,182,3,164,3.43E-54,169
Q99578,P01112,51.5,163,78,1,20,182,3,164,4.86E-54,169
Q99578,Q15382,35.5,172,111,0,18,189,4,175,3.37E-33,115
Q99578,P20340,32,169,113,2,19,186,12,179,5.19E-22,87
Q99581,P11308,79.4,107,21,1,34,139,297,403,7.71E-55,180
Q99581,P50549,53.8,104,38,2,23,126,321,414,5.64E-30,113
Q99607,P50549,47.3,91,44,3,208,297,334,421,4.53E-18,84.7
Q99607,P41212,35.4,113,67,2,186,298,321,427,2.21E-17,82.4
Q99607,P11308,41.1,95,54,2,196,290,298,390,3.21E-16,79
Q99612,Q13118,68.6,35,11,0,196,230,365,399,6.52E-08,50.4
Q99615,P31689,43.4,106,50,2,382,485,7,104,1.21E-15,75.9
Q99616,P13500,64.6,99,34,1,1,98,1,99,3.98E-42,130
Q99616,P51671,64.3,98,32,2,1,97,1,96,1.39E-37,119
Q99645,Q9NR97,26,208,109,4,125,287,44,251,6.88E-10,57.4
Q99653,P62166,25.8,186,106,8,4,176,3,169,2.29E-09,52
Q99706,Q9HCN6,37.9,190,96,8,18,198,101,277,3.97E-21,90.5
Q99712,P78508,64.3,350,116,4,19,362,22,368,6.20E-153,433
Q99712,P48048,50.8,331,159,3,21,348,34,363,4.26E-116,340
Q99712,P63252,42.6,312,175,2,26,337,44,351,3.65E-87,267
Q99712,P48050,40.2,336,182,4,23,340,15,349,1.07E-84,261
Q99712,Q14654,38.4,318,187,5,23,337,29,340,3.31E-75,235
Q99712,O60928,42.4,309,167,5,28,332,19,320,3.11E-74,232
Q99715,P02751,24.8,1510,1028,44,737,2196,624,2076,1.58E-94,341
Q99715,P17301,32.4,176,103,4,2323,2485,174,346,1.45E-13,74.3
Q99719,Q9UHD8,45.3,322,173,2,8,328,262,581,1.62E-98,301
Q99729,P09651,39.9,178,99,2,63,233,8,184,1.52E-42,148
Q99735,Q16873,46.4,138,74,0,7,144,7,144,8.35E-36,118
Q99735,P20292,37.2,129,81,0,3,131,7,135,6.60E-20,78.2
Q99743,Q16665,27.2,353,225,10,7,352,16,343,1.67E-28,119
Q99743,P35869,24.3,354,235,12,19,347,37,382,1.68E-16,81.3
Q99758,Q9UNQ0,30.5,226,137,8,561,773,75,293,3.18E-17,84.7
Q99784,Q99972,39.8,266,153,4,218,476,236,501,6.46E-65,215
Q99836,O00206,28.3,145,89,5,161,293,674,815,8.96E-09,53.5
Q99878,Q07889,32.1,84,56,1,11,94,90,172,8.76E-07,43.9
Q99928,Q16445,46.6,446,175,8,47,465,32,441,6.02E-121,358
Q99928,P48169,55.2,308,134,2,48,352,49,355,4.64E-114,344
Q99928,P34903,44,425,216,5,48,464,68,478,8.30E-114,341
Q99928,P31644,42.4,443,187,5,48,465,50,449,4.21E-112,336
Q99928,P14867,43.8,436,206,6,41,465,36,443,1.11E-110,332
Q99928,P47869,54.2,297,132,2,48,341,43,338,1.20E-108,327
Q99928,P28472,42.2,301,174,0,51,351,41,341,1.21E-81,258
Q99928,P23416,37.4,417,218,8,58,464,58,441,1.93E-77,246
Q99928,O75311,36.7,431,213,11,58,464,57,451,3.73E-77,246
Q99928,P23415,44,293,155,5,58,345,52,340,3.36E-76,243
Q99928,P24046,34.4,419,245,6,53,461,77,475,6.94E-74,238
Q99943,O15120,48.1,270,126,3,1,266,1,260,6.61E-82,245
Q99956,Q16828,56.7,349,132,6,3,346,15,349,1.53E-121,354
Q99956,Q13115,36.5,334,161,10,17,341,40,331,1.03E-46,161
Q99956,P28562,34.4,340,184,10,23,360,25,327,1.25E-43,152
Q99956,Q9Y6W6,37.2,247,111,4,106,344,252,462,2.87E-42,151
Q99956,Q9NRW4,40.9,137,78,1,206,342,7,140,4.29E-25,98.2
Q99956,Q76I76,38.3,149,89,2,204,351,308,454,8.32E-25,103
Q99956,O95147,36.7,139,86,1,206,344,29,165,7.29E-22,89.7
Q99958,Q08050,47.6,82,39,2,72,152,236,314,4.25E-18,84.7
Q99961,P62993,51,49,24,0,312,360,162,210,1.57E-12,63.5
Q99962,P62993,45.6,57,31,0,288,344,154,210,4.92E-14,67.8
Q99963,P62993,43.9,57,32,0,283,339,154,210,3.49E-14,68.2
Q99965,Q13443,36.2,685,395,15,2,659,16,685,3.86E-144,439
Q99965,O43184,31.9,637,393,17,52,659,75,699,1.84E-92,305
Q99965,Q9BZ11,29.7,607,394,17,75,659,97,692,5.29E-79,267
Q9BPV8,Q9H244,48.7,316,160,1,36,349,17,332,8.67E-101,298
Q9BPV8,Q15391,47.5,295,155,0,34,328,12,306,5.88E-95,283
Q9BPV8,Q13304,27.6,297,206,5,33,328,48,336,2.55E-31,119
Q9BPV8,P25105,26,311,211,7,39,335,10,315,1.90E-26,105
Q9BPV8,Q99677,28.3,279,193,4,49,324,44,318,6.46E-22,92.8
Q9BPV8,P41231,26.2,286,205,6,35,317,24,306,5.12E-20,87.4
Q9BPV8,P30411,22.8,329,246,4,7,327,14,342,1.92E-19,85.9
Q9BPV8,Q9HC97,27.5,291,180,7,43,326,19,285,4.71E-13,66.2
Q9BPZ2,Q9Y657,76.8,263,55,2,1,258,1,262,9.89E-146,405
Q9BQ31,Q14721,47,404,199,2,17,417,33,424,9.22E-114,353
Q9BQ31,Q9UK17,35,417,227,8,12,420,37,417,3.81E-59,203
Q9BQ31,Q09470,32.9,426,222,9,15,418,37,420,2.15E-56,192
Q9BQ31,P22001,32.9,431,220,8,15,418,104,492,7.05E-56,193
Q9BQ31,P22459,32.3,437,223,9,15,418,176,572,1.74E-55,193
Q9BQ31,P22460,33.3,448,212,8,17,418,122,528,2.32E-52,184
Q9BQ31,P16389,34.5,432,213,8,15,418,33,422,4.64E-52,181
Q9BQ31,P17658,32.4,469,214,11,14,418,41,470,8.89E-45,162
Q9BQ39,Q92841,34.1,369,223,10,140,501,176,531,3.78E-56,202
Q9BQ39,P60842,32.4,373,229,9,138,504,33,388,3.11E-51,181
Q9BQ39,O00571,32.6,377,226,9,138,495,181,548,2.90E-49,181
Q9BQ39,Q14240,31.5,371,233,8,139,504,35,389,7.11E-49,174
Q9BQ39,P38919,32.9,374,225,9,139,505,40,394,7.78E-49,174
Q9BQ39,Q86XP3,32.8,369,222,9,138,496,254,606,4.11E-47,177
Q9BQ39,P26196,29.5,387,250,7,139,521,98,465,2.53E-43,160
Q9BQ39,O00148,28.1,360,236,10,139,491,46,389,3.33E-34,133
Q9BQ39,Q92499,29.6,334,177,10,211,489,286,616,6.89E-33,132
Q9BQ51,Q9NZQ7,40.4,223,107,5,21,218,19,240,1.24E-43,147
Q9BQE3,P07437,41.7,432,242,2,1,432,1,422,2.61E-126,371
Q9BQE3,Q13509,41,449,253,3,1,449,1,437,1.44E-124,367
Q9BQE3,Q9H4B7,39.6,432,251,2,1,432,1,422,1.62E-115,343
Q9BQF6,Q9GZR1,40,450,133,6,733,1046,636,1084,1.43E-79,280
Q9BQS7,P00451,34.1,735,420,10,24,718,20,730,5.57E-124,419
Q9BQS7,P12259,33.1,731,416,13,7,718,8,684,5.04E-117,398
Q9BQS8,Q9Y2I7,45.8,48,26,0,1170,1217,155,202,3.04E-10,62.4
Q9BR01,P49888,33.7,285,171,3,14,280,6,290,4.36E-49,162
Q9BRC7,P51178,46.7,752,388,7,9,755,13,756,2.19E-231,662
Q9BRC7,P19174,34.3,414,233,12,53,437,63,466,8.65E-60,217
Q9BRC7,P16885,35.1,405,238,8,61,444,65,465,5.36E-57,208
Q9BRG2,P29353,36.7,98,53,1,8,105,481,569,1.74E-11,63.9
Q9BRR9,P52757,31.9,213,127,3,538,749,273,468,3.64E-29,119
Q9BRR9,P11274,34.2,196,111,2,539,734,1051,1228,4.48E-25,108
Q9BRZ2,O15164,25.3,233,127,8,21,220,56,274,7.01E-12,66.2
Q9BS26,Q99757,35.1,77,44,2,40,116,72,142,3.50E-08,50.1
Q9BSW2,P61026,40.1,177,100,1,543,719,7,177,5.69E-43,151
Q9BSW2,P20340,40.7,182,105,1,542,720,10,191,1.14E-37,137
Q9BSW2,P51159,37.2,191,108,3,543,721,7,197,1.66E-30,117
Q9BSW2,O14966,41.9,124,67,2,543,661,5,128,1.47E-26,105
Q9BSW7,P17252,31.2,109,74,1,337,445,172,279,2.81E-10,59.7
Q9BT88,P05129,35.5,124,75,4,292,414,158,277,5.39E-16,77.4
Q9BT88,P17252,35.6,90,53,3,174,261,173,259,3.54E-08,52.8
Q9BTC0,Q12830,46.2,52,23,2,269,319,2868,2915,5.99E-11,65.5
Q9BTD8,Q14576,32.8,67,45,0,388,454,46,112,6.09E-06,45.4
Q9BTE7,Q96GG9,34.9,186,119,1,49,232,63,248,1.15E-42,142
Q9BUF5,Q13509,93,443,31,0,1,443,1,443,1.09e-310,838
Q9BUF5,P07437,91,443,40,0,1,443,1,443,1.47E-302,818
Q9BUF5,Q9H4B7,80,430,86,0,1,430,1,430,4.40E-262,716
Q9BUJ2,Q92499,35.8,165,83,4,227,385,97,244,5.27E-26,111
Q9BUM1,P35575,35.9,334,205,5,8,332,12,345,4.62E-64,204
Q9BUQ8,Q92841,38.9,419,221,6,373,786,152,540,6.76E-89,294
Q9BUQ8,O00571,38.6,422,227,4,375,786,164,563,5.76E-85,281
Q9BUQ8,Q86XP3,40,403,210,4,373,773,235,607,1.75E-81,278
Q9BUQ8,Q14240,31.3,393,233,4,390,780,32,389,6.58E-59,203
Q9BUQ8,P60842,31.6,393,232,5,390,780,31,388,1.68E-58,202
Q9BUQ8,P26196,31.2,414,240,6,360,772,73,442,4.30E-55,195
Q9BUQ8,O00148,29.9,418,254,7,382,795,35,417,2.88E-54,191
Q9BUQ8,P38919,29.8,382,230,5,402,781,49,394,3.72E-54,190
Q9BUQ8,Q92499,29.5,352,201,8,468,779,286,630,8.26E-30,123
Q9BUT1,P15428,35.3,204,97,9,4,186,3,192,3.87E-19,81.3
Q9BV35,P12236,29.7,296,182,10,187,463,10,298,3.17E-31,119
Q9BV35,P05141,29.3,294,182,10,187,461,10,296,5.63E-30,115
Q9BV35,O43772,26.5,189,125,6,186,362,110,296,3.27E-13,67.4
Q9BV79,Q99536,31.1,219,131,5,75,286,81,286,2.94E-20,88.6
Q9BV94,Q9UKM7,30.8,493,255,17,32,480,243,693,2.17E-46,171
Q9BVA1,P07437,96.4,439,16,0,1,439,1,439,3.80e-320,862
Q9BVA1,Q13509,92.2,446,34,1,1,445,1,446,2.46e-309,835
Q9BVA1,Q9H4B7,80.9,430,82,0,1,430,1,430,1.55E-264,722
Q9BVG8,Q9Y496,42,336,179,9,445,768,14,345,1.04E-70,244
Q9BVG8,Q9BW19,41.9,370,185,6,432,771,297,666,6.05E-70,241
Q9BVG8,O15066,41.9,341,180,9,445,772,9,344,6.71E-67,234
Q9BVG8,P33176,40.9,328,180,6,445,768,8,325,1.43E-59,216
Q9BVG8,O60282,39.2,329,186,7,445,768,8,327,1.32E-56,207
Q9BVG8,Q12840,39.8,329,183,7,445,768,9,327,2.55E-56,207
Q9BVG8,P52732,38.6,345,188,8,445,768,18,359,3.07E-53,197
Q9BVG8,O60333,37.4,353,189,11,445,768,5,354,3.28E-51,192
Q9BVG8,Q15058,38.4,344,190,9,446,768,359,701,1.69E-49,187
Q9BVG8,Q7Z4S6,36.2,376,175,12,445,768,9,371,3.02E-49,186
Q9BVG8,Q9NS87,37,341,193,7,446,768,27,363,1.92E-48,183
Q9BVH7,Q11203,28.2,195,116,7,91,273,155,337,6.21E-11,60.1
Q9BVQ7,P55072,39.1,611,305,10,172,739,170,756,2.96E-133,411
Q9BVQ7,P43686,36.4,286,157,6,444,726,143,406,2.71E-48,173
Q9BVQ7,Q9ULI0,42.1,271,135,6,202,453,402,669,4.89E-45,172
Q9BVQ7,Q6PL18,39.3,272,139,7,202,452,428,694,5.84E-41,159
Q9BW62,P55072,39.1,299,162,6,196,481,465,756,1.98E-52,187
Q9BW62,Q6PL18,35.9,284,158,8,197,468,415,686,1.45E-39,150
Q9BW62,P43686,38.1,239,134,5,201,433,158,388,9.85E-39,143
Q9BW62,Q9ULI0,37.5,248,138,6,197,435,389,628,1.35E-36,141
Q9BW83,P20340,34.6,162,101,3,7,168,15,171,3.22E-22,86.7
Q9BW92,P26639,54.1,691,298,3,29,718,51,723,7.02E-277,775
Q9BWV1,Q15746,22.7,384,225,12,323,696,1098,1419,1.40E-09,59.7
Q9BWV7,Q8NG68,30.4,286,156,10,142,392,60,337,7.30E-25,103
Q9BX46,P09651,38.5,78,48,0,9,86,103,180,1.09E-11,60.8
Q9BX63,P18074,25.8,671,417,21,243,868,67,701,3.19E-44,170
Q9BX68,P49773,59.5,126,49,1,38,163,3,126,1.06E-52,161
Q9BXA5,Q9NS75,30.5,311,200,8,8,311,20,321,1.19E-32,121
Q9BXA5,P51582,33,285,182,5,26,306,38,317,1.19E-32,122
Q9BXA5,P32246,29.3,297,200,5,18,312,29,317,4.20E-26,103
Q9BXA5,P43657,28.8,288,188,7,23,300,16,296,4.96E-26,103
Q9BXA5,P30872,26.1,303,195,5,12,303,47,331,2.33E-25,102
Q9BXA5,Q99677,27.4,307,201,5,8,303,24,319,3.45E-25,101
Q9BXA5,P47211,28.3,293,188,8,21,303,31,311,2.45E-24,99
Q9BXA5,P41145,27.3,286,183,6,30,303,66,338,1.52E-22,94.4
Q9BXA5,P51685,25,284,206,3,23,306,35,311,5.62E-22,92.4
Q9BXA5,P30874,28.2,305,191,8,22,310,35,327,1.21E-21,91.7
Q9BXA5,P25090,27.2,294,190,9,31,310,34,317,4.79E-21,89.7
Q9BXA5,P51686,27.1,295,202,6,23,312,48,334,5.72E-21,89.7
Q9BXA5,P32745,25.3,293,204,3,17,303,38,321,1.29E-19,86.3
Q9BXA5,P61073,26,315,214,5,18,330,33,330,1.47E-19,85.5
Q9BXA5,Q8TDS5,25.3,293,194,8,18,302,87,362,1.10E-18,83.6
Q9BXA5,Q15743,28.3,286,192,7,18,300,16,291,1.41E-18,82.8
Q9BXA5,O43603,25.3,288,198,7,22,303,24,300,2.22E-18,82.4
Q9BXA5,P21462,26,296,192,8,30,310,33,316,4.23E-18,81.3
Q9BXA5,Q969F8,23.2,302,205,5,20,303,39,331,2.14E-16,76.6
Q9BXA5,Q96G91,30.6,245,147,8,32,259,37,275,1.23E-14,71.2
Q9BXA5,P21730,25.8,287,196,7,28,310,42,315,9.73E-12,62.4
Q9BXA5,Q9Y2T6,29.4,177,112,5,34,205,31,199,3.91E-09,54.3
Q9BXB1,P23945,26.2,423,291,7,413,815,219,640,7.35E-43,164
Q9BXB5,Q9Y5P4,36.5,85,51,2,79,163,28,109,1.10E-07,52.4
Q9BXC0,P49019,52.3,344,157,4,5,343,17,358,2.32E-117,342
Q9BXC0,Q8TDS4,52.3,344,157,4,5,343,17,358,1.72E-116,339
Q9BXC0,Q8TDS5,39.1,289,162,5,4,285,81,362,7.74E-62,201
Q9BXC0,P47900,30.7,280,180,5,18,285,54,331,2.53E-35,129
Q9BXC0,P31391,29.9,284,177,8,27,297,59,333,3.55E-28,110
Q9BXC0,P30872,27.6,301,195,8,10,295,47,339,5.08E-28,110
Q9BXC0,P30874,28.4,299,193,7,13,298,41,331,5.20E-28,109
Q9BXC0,Q9UPC5,25.8,306,210,5,3,297,42,341,4.16E-27,107
Q9BXC0,P35346,29.1,289,191,7,17,298,42,323,2.87E-25,102
Q9BXC0,P32745,27.5,298,191,8,11,292,39,327,3.78E-25,102
Q9BXC0,P41146,26.9,286,194,6,21,296,57,337,2.06E-24,99.8
Q9BXC0,P32249,26.6,301,203,7,4,287,18,317,1.68E-23,97.1
Q9BXC0,P50052,29,300,186,8,5,285,34,325,1.13E-22,94.7
Q9BXC0,Q15077,27.1,292,199,6,7,285,18,308,3.56E-22,92.8
Q9BXC0,P51684,25.3,300,206,8,6,292,36,330,1.75E-18,82.8
Q9BXC0,P32248,27.7,303,189,12,1,285,43,333,2.44E-18,82.4
Q9BXC0,Q969V1,23.2,289,203,7,12,287,33,315,3.14E-16,75.9
Q9BXC0,Q9UKP6,25.6,285,183,10,9,278,45,315,1.40E-15,74.3
Q9BXC0,P46092,25.4,303,201,12,6,292,31,324,2.01E-11,61.6
Q9BXM7,Q86SG6,26,223,117,8,292,498,57,247,1.13E-08,55.1
Q9BXM7,Q9P286,27.6,174,95,7,340,507,546,694,1.81E-07,51.2
Q9BXM7,O60285,28.1,167,89,8,345,505,161,302,3.04E-07,50.4
Q9BXM7,Q9NQU5,27.2,158,96,6,346,501,510,650,4.05E-07,50.1
Q9BXM7,Q9P1W9,28.4,155,87,5,345,499,146,276,5.27E-07,48.9
Q9BXM7,Q04771,28.7,136,73,3,324,446,290,414,2.46E-06,47.4
Q9BXM7,O96013,29.3,164,95,8,340,500,418,563,3.47E-06,47
Q9BXR5,O60603,31.6,787,501,16,9,775,13,782,6.58E-88,292
Q9BXR6,P08603,33.1,904,247,3,23,568,325,1228,2.00E-176,529
Q9BXU7,P40818,26.5,245,158,6,296,525,778,1015,1.85E-12,68.6
Q9BXU7,Q9UK80,27.3,260,154,9,296,525,213,467,1.14E-11,65.5
Q9BXU7,O75604,27.7,253,146,10,296,525,268,506,1.59E-11,65.1
Q9BXU9,P0DP23,41.6,77,45,0,75,151,5,81,2.91E-17,73.9
Q9BXU9,P27482,46.4,69,37,0,75,143,5,73,5.61E-16,70.5
Q9BXW4,Q9H492,59.2,120,49,0,7,126,1,120,3.77E-43,136
Q9BXW4,Q9GZQ8,55,120,54,0,7,126,1,120,2.29E-40,129
Q9BY11,P46108,35.8,53,33,1,390,442,137,188,4.54E-06,45.4
Q9BY64,P16662,85,513,77,0,1,513,1,513,0,907
Q9BY64,O75795,73.8,530,138,1,1,529,1,530,3.81E-297,811
Q9BY64,P22309,45.2,518,248,7,9,512,15,510,7.99E-142,417
Q9BY64,Q9HAW8,44.7,514,266,8,5,512,6,507,4.21E-138,407
Q9BY64,Q9HAW7,44.4,514,268,8,5,512,6,507,1.19E-137,406
Q9BY64,O60656,44,516,267,9,5,512,6,507,4.75E-137,404
Q9BY64,P19224,44.2,498,252,6,25,512,28,509,7.16E-137,404
Q9BY79,Q9Y6L7,32.2,326,190,9,141,448,461,773,3.33E-42,160
Q9BY79,O43897,32.7,297,179,8,141,429,459,742,2.72E-40,154
Q9BY79,P13497,32,297,181,7,141,429,432,715,8.91E-39,149
Q9BY79,P48740,29.5,105,66,4,153,252,195,296,1.03E-07,52
Q9BY84,Q9Y6W6,35.5,293,169,6,27,300,173,464,1.22E-49,177
Q9BY84,Q16828,34,332,170,8,19,307,27,352,2.35E-48,171
Q9BY84,Q13115,32.8,293,176,7,25,298,44,334,3.31E-44,160
Q9BY84,P28562,33.9,301,181,4,15,298,13,312,1.69E-43,157
Q9BY84,O95147,37.4,163,100,2,137,298,4,165,5.33E-26,103
Q9BY84,Q9NRW4,33.1,139,91,2,158,296,4,140,2.50E-19,83.6
Q9BY84,Q9BV47,35.9,145,83,4,162,299,65,206,3.77E-16,75.1
Q9BYB0,O14745,39,82,37,1,581,662,23,91,7.18E-06,47.4
Q9BYE0,Q14469,39.8,93,52,2,14,106,36,124,1.35E-10,57
Q9BYE2,O15393,39.2,370,205,8,203,558,125,488,5.67E-88,278
Q9BYE2,Q9NRS4,38.2,359,205,5,211,556,77,431,2.08E-81,259
Q9BYE2,P05981,36.1,374,210,9,214,562,39,408,3.01E-72,235
Q9BYE2,P03952,44.4,252,127,7,315,559,381,626,1.94E-63,217
Q9BYE2,Q9NRR2,41.1,285,144,7,306,586,18,282,5.33E-61,202
Q9BYE2,Q8IU80,44.2,242,128,5,317,554,568,806,1.50E-60,212
Q9BYE2,Q16651,40.7,263,141,6,317,569,37,294,1.99E-59,199
Q9BYE2,P03951,42.4,243,126,7,325,559,387,623,6.91E-58,202
Q9BYE2,P20231,41.5,241,127,5,326,555,31,268,1.26E-55,186
Q9BYE2,Q15661,41.5,241,127,5,326,555,31,268,1.76E-55,186
Q9BYE2,Q9Y5Y6,41.4,249,132,7,317,554,604,849,3.50E-51,186
Q9BYE2,P17538,36.2,246,141,6,317,554,19,256,3.64E-44,155
Q9BYE2,P00748,37.7,247,139,6,319,554,367,609,1.35E-41,156
Q9BYE2,P00750,35.2,267,149,6,314,558,296,560,1.38E-41,155
Q9BYE2,P08709,35.6,247,141,7,324,558,211,451,5.17E-40,149
Q9BYE2,P07477,36.1,241,135,7,325,562,23,247,5.54E-40,143
Q9BYE2,P07478,34.4,241,139,7,325,562,23,247,5.03E-38,138
Q9BYE2,P49863,36.7,240,137,7,326,558,27,258,5.67E-38,138
Q9BYE2,P00746,33.6,238,142,7,324,556,24,250,4.07E-33,124
Q9BYG0,Q9Y5Z6,35.6,270,162,7,73,340,63,322,8.83E-49,165
Q9BYG0,Q9Y2A9,36.3,281,160,9,82,353,102,372,5.73E-46,159
Q9BYH8,O75762,30.5,95,61,2,617,711,67,156,3.23E-06,47.8
Q9BYJ1,O15296,51.3,717,302,3,1,711,1,676,2.59E-253,713
Q9BYJ1,P09917,38.9,720,385,7,1,711,1,674,5.28E-172,506
Q9BYJ1,P18054,35.4,715,406,8,1,711,1,663,9.81E-148,443
Q9BYJ1,P16050,34.9,716,407,9,1,711,1,662,5.49E-140,423
Q9BYJ4,O00481,34.9,192,97,6,302,485,341,512,6.11E-22,95.9
Q9BYJ4,P38398,32.9,76,47,1,9,84,18,89,5.57E-08,52.8
Q9BYT9,Q9NQ90,43,825,410,13,178,965,157,958,2.00E-212,630
Q9BYT9,Q5XXA6,41.7,858,420,17,179,978,127,962,3.14E-206,614
Q9BYV9,Q16236,37.1,105,66,0,609,713,460,564,6.18E-12,66.2
Q9BYW1,P22732,42.8,470,266,1,9,475,10,479,1.23E-123,368
Q9BYW1,P11166,36.9,461,287,2,8,468,8,464,2.36E-96,297
Q9BYW1,P14672,37.1,477,286,3,24,496,34,500,3.29E-94,292
Q9BYW1,P11169,35.2,457,293,2,13,469,10,463,3.39E-86,271
Q9BYW1,P11168,31.5,499,297,4,13,473,10,501,5.16E-71,232
Q9BYW1,Q9NY64,26.1,490,292,14,9,468,22,471,1.41E-25,106
Q9BYX7,P61160,46.5,381,189,4,7,372,8,388,1.37E-120,352
Q9BYX7,P61158,33.4,407,230,8,9,375,9,414,4.54E-69,220
Q9BYZ2,P00338,71.5,330,94,0,50,379,1,330,3.55E-178,496
Q9BYZ2,P07195,66.9,332,109,1,50,380,1,332,4.98E-162,455
Q9BYZ6,P63000,40,200,94,7,12,208,1,177,1.98E-35,130
Q9BYZ6,P60953,38.5,200,97,7,12,208,1,177,3.35E-32,120
Q9BYZ6,P61586,39,200,96,7,16,212,7,183,1.22E-31,119
Q9BZC1,P09651,38.5,65,39,1,148,211,10,74,2.22E-08,53.1
Q9BZD2,Q99808,33.4,452,269,7,45,470,6,451,3.41E-74,238
Q9BZD2,Q14542,31.9,451,275,8,46,470,7,451,1.63E-58,197
Q9BZD6,P08709,42,100,45,2,10,97,7,105,1.03E-14,69.7
Q9BZD6,P00740,50,62,31,0,35,96,30,91,1.15E-13,66.6
Q9BZD6,P00742,52.3,65,30,1,32,96,21,84,1.18E-13,66.6
Q9BZD6,P04070,45.3,64,34,1,33,96,24,86,3.79E-10,56.2
Q9BZD6,P00734,42.4,66,37,1,33,98,25,89,4.86E-08,50.1
Q9BZE0,P08151,40.2,82,46,2,170,249,237,317,3.09E-13,69.7
Q9BZE0,P10070,36.6,82,49,2,170,249,439,519,1.02E-12,68.2
Q9BZG2,P15309,44.3,350,180,5,32,378,35,372,1.27E-94,287
Q9BZJ3,Q15661,85.1,235,35,0,8,242,1,235,1.00E-153,426
Q9BZJ3,P20231,84.7,235,36,0,8,242,1,235,4.74E-152,421
Q9BZJ3,Q9NRR2,48.1,206,94,6,38,241,38,232,1.22E-52,170
Q9BZJ3,P17538,36.4,206,113,5,38,241,34,223,1.19E-37,130
Q9BZJ3,P00747,41,205,97,7,38,237,581,766,2.07E-35,130
Q9BZJ3,O15393,35.8,212,118,6,34,240,252,450,4.73E-35,127
Q9BZJ3,P20151,34.4,221,108,9,33,237,20,219,2.01E-29,108
Q9BZJ3,P35030,35.4,209,100,9,38,237,81,263,2.53E-27,103
Q9BZJ3,P07477,34.4,209,102,9,38,237,24,206,3.24E-27,102
Q9BZJ3,Q9NRS4,34.4,209,122,7,30,236,197,392,3.75E-27,105
Q9BZJ3,P49863,34.9,212,110,9,38,238,27,221,6.41E-27,102
Q9BZJ3,P07288,33.8,216,106,9,38,237,25,219,2.30E-26,100
Q9BZJ3,Q9UKR3,35.1,194,103,7,50,237,48,224,4.35E-26,100
Q9BZJ3,Q9Y5K2,32.7,202,115,6,38,237,31,213,4.05E-25,97.1
Q9BZJ3,P04070,33.5,215,120,7,38,242,212,413,7.19E-25,99.4
Q9BZJ3,P24158,34.6,211,110,7,32,237,22,209,8.19E-25,96.3
Q9BZJ3,P07478,33.7,208,103,9,38,236,24,205,1.87E-24,95.1
Q9BZJ3,Q92876,33.2,208,117,8,32,237,16,203,1.30E-23,92.8
Q9BZJ3,P26927,32.3,195,105,7,50,237,493,667,1.82E-21,90.1
Q9BZJ3,Q9Y337,31.6,215,102,11,38,237,67,251,1.08E-20,85.9
Q9BZJ3,P08246,32,203,111,7,38,237,30,208,1.35E-18,79.7
Q9BZJ8,O43614,22.6,328,215,10,56,358,68,381,2.54E-10,59.3
Q9BZJ8,O43613,22.8,355,236,12,56,384,60,402,4.28E-10,58.5
Q9BZQ6,Q9UKM7,32.1,476,259,15,56,499,253,696,4.93E-54,197
Q9BZS1,Q12778,34.1,129,52,4,290,409,136,240,8.24E-13,67.4
Q9BZS1,O43524,44.2,77,35,2,341,409,161,237,1.11E-12,67
Q9BZV2,O60779,53.3,450,195,5,12,454,30,471,3.39E-155,448
Q9BZV2,P41440,42.5,452,232,6,11,458,24,451,6.97E-106,325
Q9BZW2,Q13183,44.9,601,295,10,10,595,11,590,8.11E-161,470
Q9BZW2,Q86YT5,43.1,596,299,8,5,593,6,568,9.61E-159,464
Q9BZW2,Q8WWT9,40.9,601,320,10,11,593,15,598,1.35E-147,436
Q9C000,Q96P20,40.8,693,360,10,312,958,203,891,2.35E-141,458
Q9C030,O00481,36.2,174,92,5,302,472,341,498,2.24E-25,106
Q9C030,P38398,31,71,45,1,15,85,24,90,7.33E-08,52.4
Q9C037,O00481,35.8,190,99,5,309,494,342,512,1.19E-21,95.1
Q9C040,Q9UPN9,23,365,201,10,23,319,125,477,1.92E-15,77.8
Q9C0B5,Q9UIJ5,32.3,161,100,5,89,244,116,272,1.51E-21,94.4
Q9C0B5,Q5W0Z9,34.8,161,96,4,89,244,115,271,3.58E-21,93.2
Q9C0D9,Q9Y6K0,26.6,383,255,12,7,381,43,407,2.47E-28,112
Q9C0E4,Q12923,36.5,85,51,1,655,736,1367,1451,1.15E-08,56.6
Q9C0J1,Q9Y2A9,42.6,345,182,6,41,370,22,365,2.83E-82,253
Q9C0J1,Q9Y5Z6,32.7,272,171,7,104,370,62,326,5.95E-44,152
Q9C0J9,Q14469,38.4,125,60,5,51,173,41,150,1.87E-09,55.8
Q9C0K7,Q7RTN6,50.8,329,161,1,58,386,69,396,2.09E-105,316
Q9C0K7,O95747,31.7,344,176,11,43,375,2,297,3.51E-38,142
Q9C0K7,O00506,30.4,306,144,10,63,368,33,269,7.31E-26,105
Q9C0K7,Q9P289,29.1,323,156,9,63,384,37,287,3.08E-25,103
Q9C0K7,Q9UKE5,26.4,330,176,8,58,377,25,297,6.05E-24,102
Q9C0K7,Q9Y6E0,28.1,306,151,7,63,368,49,285,1.50E-23,99.4
Q9C0K7,O95819,27.1,329,175,7,58,377,25,297,8.13E-23,98.6
Q9C0K7,Q8N4C8,30.4,237,145,5,58,285,25,250,1.99E-22,97.4
Q9C0K7,Q13043,25.6,316,175,7,58,373,30,285,3.90E-22,95.5
Q9C0K7,Q92918,28.1,356,188,11,57,400,16,315,9.43E-22,95.1
Q9C0K7,Q8WXR4,25.7,323,175,7,58,370,27,294,1.14E-21,95.1
Q9C0K7,P45985,25.7,319,177,11,63,374,107,372,1.36E-17,81.3
Q9C0K7,O95382,28.6,213,141,4,64,275,654,856,2.00E-16,79
Q9C0K7,Q56UN5,23.4,299,164,7,80,368,1080,1323,2.68E-16,78.6
Q9C0K7,P46734,24.5,322,181,11,63,378,69,334,1.91E-15,74.3
Q9C0K7,Q99683,24.8,319,185,8,86,399,704,972,3.49E-15,75.1
Q9C0K7,O14733,23,300,168,8,78,370,138,381,6.60E-11,60.8
Q9GZM7,P53634,28.5,333,196,12,129,453,157,455,9.30E-34,129
Q9GZN0,Q9NQS5,28.8,139,87,4,41,179,30,156,1.94E-06,46.6
Q9GZN1,P61158,23.5,426,260,10,5,390,9,408,9.04E-22,93.6
Q9GZN4,Q16651,44.2,292,150,7,10,295,7,291,2.08E-75,232
Q9GZN4,Q9NRR2,41.7,278,148,6,15,289,3,269,1.55E-69,216
Q9GZN4,Q15661,40.3,278,149,7,20,289,3,271,1.42E-64,202
Q9GZN4,P20231,39.9,278,150,7,20,289,3,271,1.59E-63,199
Q9GZN4,P03951,39.4,249,136,7,49,292,387,625,5.64E-54,183
Q9GZN4,P03952,39.6,245,137,5,49,290,390,626,9.34E-54,183
Q9GZN4,P10323,34,294,172,9,19,295,7,295,4.10E-48,164
Q9GZN4,Q9Y5Y6,38.3,248,134,8,49,287,614,851,1.37E-47,168
Q9GZN4,Q04756,35,260,154,6,40,290,393,646,1.19E-44,158
Q9GZN4,P07477,34.8,244,135,8,48,289,22,243,1.28E-44,150
Q9GZN4,P35030,34.3,245,135,9,48,289,79,300,1.27E-41,144
Q9GZN4,P07478,34.7,245,134,9,48,289,22,243,1.65E-41,142
Q9GZN4,P48740,33.5,272,148,11,39,288,434,694,2.40E-41,149
Q9GZN4,P08709,36.8,269,154,8,43,307,208,464,2.98E-41,146
Q9GZN4,P00748,35.7,263,149,8,38,287,356,611,3.26E-40,145
Q9GZN4,P00734,32.6,261,150,10,49,289,363,617,2.67E-37,137
Q9GZN4,P00749,34,247,148,6,49,285,178,419,8.85E-36,131
Q9GZN4,P00750,33.8,272,151,10,35,285,293,556,1.35E-34,129
Q9GZN4,P06870,31.9,254,143,9,48,289,23,258,3.75E-34,123
Q9GZN4,P23946,29.3,249,151,9,46,290,18,245,4.61E-25,98.6
Q9GZR5,Q9NXB9,45.6,270,133,4,34,291,23,290,8.17E-85,254
Q9GZR5,Q9NYP7,47.3,239,124,2,34,272,20,256,1.94E-78,238
Q9GZR5,A1L3X0,46.2,260,135,4,33,289,21,278,9.19E-75,228
Q9GZR5,Q9BW60,42.8,257,142,4,23,275,5,260,3.65E-65,204
Q9GZT5,P56704,38.7,364,165,6,60,417,41,352,8.48E-87,265
Q9GZT5,P56703,38.6,360,171,6,60,417,44,355,1.86E-86,265
Q9GZX7,Q9HC16,45.6,180,86,3,11,180,202,379,1.74E-44,149
Q9GZZ6,P36544,46.5,331,174,2,26,355,22,350,4.42E-102,311
Q9GZZ6,P32297,36.3,468,249,8,12,434,20,483,1.23E-92,286
Q9GZZ6,P43681,42.4,321,184,1,32,351,39,359,3.60E-88,278
Q9GZZ6,P02708,35.5,442,271,7,12,443,6,443,3.76E-88,273
Q9GZZ6,P17787,35.3,431,240,5,39,434,40,466,2.63E-83,262
Q9GZZ6,Q07001,37.1,361,202,6,23,369,22,371,6.13E-67,220
Q9GZZ6,P46098,31.3,469,273,10,13,443,9,466,1.51E-64,213
Q9GZZ6,Q04844,35.8,349,210,6,10,346,6,352,3.73E-59,199
Q9H013,O43184,52.3,663,301,8,61,714,64,720,6.56E-245,710
Q9H013,Q9BZ11,48,692,343,8,29,712,29,711,4.97E-227,660
Q9H013,P78325,40.1,659,330,18,42,681,28,640,7.78E-155,474
Q9H013,Q13443,38.8,703,396,19,2,694,8,686,5.02E-150,462
Q9H013,Q9UNA0,25.8,403,229,15,69,413,91,481,2.85E-18,87.4
Q9H013,O14672,27,196,116,6,342,518,380,567,7.60E-11,63.2
Q9H015,O15245,34.4,540,330,12,1,525,1,531,4.24E-69,229
Q9H015,O75751,31,551,338,12,1,525,1,535,1.24E-67,226
Q9H015,Q8TCC7,31.4,554,334,13,4,542,3,525,5.27E-63,213
Q9H015,Q4U2R8,27.7,553,373,7,4,539,3,545,5.52E-55,192
Q9H015,Q9NSA0,30,554,332,14,4,526,3,531,5.34E-51,181
Q9H015,P11169,29.1,206,129,10,144,337,65,265,7.40E-07,48.9
Q9H015,P22732,31.7,164,89,8,140,289,71,225,2.26E-06,47.4
Q9H082,P61026,42,174,94,4,33,205,9,176,1.00E-42,140
Q9H082,P01112,35.4,181,111,4,34,214,4,178,7.88E-29,104
Q9H082,P01116,35.3,170,104,4,34,203,4,167,1.30E-26,99
Q9H082,P01111,33.5,179,113,4,34,212,4,176,1.96E-25,95.9
Q9H082,P62834,31.6,187,122,4,32,217,2,183,5.75E-22,86.7
Q9H082,Q5HYI8,26.9,145,76,4,35,151,8,150,1.24E-09,53.9
Q9H0C2,P12236,72.3,292,79,1,17,306,5,296,2.98E-154,431
Q9H0C2,P05141,71.7,293,81,1,17,307,5,297,8.11E-152,425
Q9H0C2,O43772,26.2,183,125,3,7,189,97,269,3.20E-13,66.2
Q9H0E7,Q9UK80,27.4,435,197,17,271,675,210,555,4.31E-27,113
Q9H0E7,Q9Y2K6,30,273,130,9,453,681,433,688,8.60E-24,104
Q9H0E7,P40818,26,288,131,9,270,544,774,992,6.57E-17,82.4
Q9H0E7,O75604,27.2,290,126,10,271,545,265,484,1.28E-16,80.9
Q9H0E7,Q13107,26.5,245,109,5,268,500,297,482,6.92E-13,69.3
Q9H0E7,P45974,43.6,55,25,1,243,291,290,344,1.01E-06,49.3
Q9H0E7,Q92995,25.1,195,104,4,243,437,309,461,3.96E-06,47.4
Q9H0M0,P46934,42.8,573,225,9,351,919,842,1315,1.20E-145,462
Q9H0M0,Q9HCE7,40,613,292,9,324,922,207,757,5.99E-140,432
Q9H0M0,Q5TCQ9,56.3,32,14,0,457,488,294,325,4.66E-06,47.8
Q9H0N0,P20340,89.9,208,21,0,1,208,1,208,1.72E-130,365
Q9H0N0,P51159,34.1,164,93,4,15,165,11,172,2.03E-24,94.7
Q9H0P0,Q969T7,57.5,287,122,0,50,336,3,289,2.02E-122,351
Q9H0R8,Q9H492,34.2,117,69,3,8,116,4,120,8.56E-19,73.2
Q9H0S4,P38919,32,369,249,2,23,390,37,404,7.95E-67,217
Q9H0S4,Q86XP3,38.2,356,208,5,25,371,254,606,3.59E-64,220
Q9H0S4,Q92841,41.2,335,185,5,44,368,191,523,6.84E-64,216
Q9H0S4,P26196,32.3,378,251,4,26,401,98,472,7.43E-64,211
Q9H0S4,O00148,32.9,374,245,6,26,394,46,418,7.96E-63,207
Q9H0S4,O00571,33.8,391,235,5,24,391,180,569,6.56E-62,210
Q9H0S4,Q92499,46.9,64,34,0,26,89,4,67,1.41E-13,70.1
Q9H0T7,P20340,41,161,93,2,18,177,12,171,2.56E-37,126
Q9H0T7,P62834,35.2,165,104,3,18,180,2,165,1.05E-21,85.5
Q9H0U4,P61026,58.3,168,70,0,5,172,6,173,1.19E-70,211
Q9H0U4,P51159,42,181,94,3,4,173,5,185,5.58E-48,154
Q9H0U4,P20340,36.8,193,122,0,9,201,14,206,2.85E-42,139
Q9H0U4,O14966,33.9,171,108,2,6,171,5,175,4.83E-33,115
Q9H0U4,Q5HYI8,28.6,105,66,2,10,105,8,112,2.34E-10,55.5
Q9H0Z9,P09651,38.5,78,48,0,32,109,103,180,1.54E-11,60.5
Q9H172,Q9UNQ0,29.6,531,339,10,74,575,54,578,5.37E-70,237
Q9H1H9,O60333,59.6,389,143,6,1,381,1,383,4.30E-121,420
Q9H1H9,Q15058,44.2,565,277,12,1,544,354,901,2.36E-118,410
Q9H1H9,Q9Y496,45.8,393,185,8,6,392,15,385,7.15E-81,280
Q9H1H9,O15066,45.3,386,183,9,2,381,6,369,7.01E-76,266
Q9H1H9,Q9NS87,42,400,191,11,6,390,27,400,5.57E-64,238
Q9H1H9,O60282,42.9,361,172,9,2,359,5,334,2.53E-61,226
Q9H1H9,P33176,41.4,362,176,8,1,359,4,332,3.51E-60,223
Q9H1H9,Q12840,42.7,361,172,9,2,359,6,334,3.31E-59,220
Q9H1H9,Q7Z4S6,37.3,415,203,12,3,381,7,400,4.96E-57,216
Q9H1H9,Q02224,40,380,201,8,6,383,7,361,5.85E-57,216
Q9H1H9,P52732,37.8,399,203,11,6,384,19,392,4.37E-56,211
Q9H1H9,Q9BW19,39.7,302,142,10,73,353,382,664,4.52E-41,160
Q9H1H9,Q02241,31.5,426,198,10,6,352,26,436,3.13E-39,156
Q9H1H9,O95235,39.1,215,124,3,143,354,299,509,2.26E-32,134
Q9H1J5,P56703,39.4,307,166,6,36,336,62,354,8.95E-75,232
Q9H1J5,P56704,39.7,307,165,6,36,336,59,351,1.64E-74,231
Q9H1J7,P56704,45.8,358,170,8,12,359,9,352,1.01E-113,332
Q9H1J7,P56703,44.6,368,179,9,2,359,3,355,2.71E-109,321
Q9H1V8,Q9H2J7,66.3,735,235,8,1,727,1,730,0,982
Q9H1V8,Q9Y345,34.8,624,285,11,60,639,191,736,1.19E-118,372
Q9H1V8,P48067,33.7,590,285,7,60,620,100,612,1.03E-116,364
Q9H1V8,Q9UN76,34.6,628,288,13,58,639,34,584,1.97E-116,362
Q9H1V8,P23975,35.9,580,277,9,56,617,52,554,4.14E-115,357
Q9H1V8,Q9NSD5,34.7,580,284,10,59,620,31,533,8.15E-114,353
Q9H1V8,Q01959,35.8,584,279,10,55,620,55,560,1.04E-112,351
Q9H1V8,Q99884,34.8,663,326,14,57,696,34,613,2.26E-112,351
Q9H1V8,P30531,33.3,546,288,7,56,591,40,519,3.16E-112,349
Q9H1V8,P48065,34.7,548,276,7,52,581,28,511,7.28E-111,346
Q9H1V8,P31645,33.3,564,297,7,54,601,73,573,2.23E-110,345
Q9H1V8,P31641,32.3,628,330,9,32,639,12,564,3.85E-108,339
Q9H1V8,P48066,33.4,563,286,8,42,582,32,527,6.51E-105,331
Q9H1Y3,P0DMS8,28.2,294,173,9,51,324,22,297,2.05E-17,79.7
Q9H1Y3,P29371,24,279,195,6,49,317,93,364,5.31E-14,70.5
Q9H1Y3,P49683,28.4,282,182,9,56,324,76,350,1.64E-12,65.5
Q9H1Y3,P51679,29,314,163,18,35,323,40,318,6.64E-12,63.5
Q9H201,Q9Y6I3,40.1,613,251,16,1,565,1,545,3.65E-84,272
Q9H221,Q9UNQ0,28.4,585,392,12,102,667,77,653,6.85E-61,213
Q9H221,P08183,26.1,222,143,7,88,301,1053,1261,3.18E-11,63.9
Q9H221,P13569,24.9,213,130,8,88,295,441,628,7.00E-06,46.6
Q9H223,Q9H4M9,73.5,535,139,1,1,535,1,532,7.05E-290,793
Q9H239,Q99542,34.4,459,258,13,39,490,31,453,1.06E-67,224
Q9H239,P03956,33.4,494,260,19,12,489,8,448,2.08E-61,206
Q9H239,P45452,32.9,490,260,17,9,480,6,444,1.70E-58,198
Q9H239,P09238,31.9,467,263,14,36,489,34,458,2.74E-56,192
Q9H239,P08254,31.4,484,280,13,25,496,23,466,5.51E-54,186
Q9H239,P22894,30.7,518,286,20,9,510,4,464,1.66E-50,177
Q9H239,P09237,33.6,268,144,9,24,285,21,260,9.88E-36,131
Q9H239,P14780,34.7,199,101,6,33,228,42,214,1.25E-22,99
Q9H252,Q12809,54.2,1213,274,25,1,987,1,1158,0,1088
Q9H252,O95259,39.5,751,360,11,4,715,7,702,1.66E-177,540
Q9H252,O60741,24.9,485,303,9,247,704,133,583,1.13E-41,162
Q9H254,P46939,49.6,232,113,4,52,281,22,251,4.52E-59,224
Q9H255,P29275,32.2,118,76,2,31,148,15,128,6.80E-07,47.4
Q9H2A2,P00352,39,477,273,6,14,486,33,495,1.18E-112,339
Q9H2A2,P47895,39.3,476,266,7,17,486,48,506,5.14E-111,335
Q9H2A2,P05091,39.3,463,267,5,29,486,58,511,1.68E-110,334
Q9H2A2,O94788,39.3,466,265,6,28,486,58,512,3.44E-110,333
Q9H2A2,P30837,38.8,464,268,5,29,486,58,511,4.16E-108,328
Q9H2A2,P51649,35.2,489,302,6,1,483,51,530,2.19E-92,288
Q9H2A2,P30838,29.3,454,283,10,46,486,3,431,7.93E-43,155
Q9H2B2,P17252,32.7,113,69,4,152,262,157,264,2.97E-10,59.3
Q9H2B2,P05129,35.5,93,55,3,172,262,175,264,6.55E-09,55.1
Q9H2B2,P05771,27.4,124,83,4,144,265,149,267,2.61E-08,53.1
Q9H2C1,P53667,33.3,111,73,1,5,115,25,134,2.10E-21,93.6
Q9H2D1,P05141,28.8,299,186,9,24,306,10,297,3.01E-24,97.4
Q9H2F3,P14060,39.8,354,205,5,13,361,7,357,9.64E-78,241
Q9H2F3,P26439,40.1,354,204,5,13,361,6,356,1.16E-75,236
Q9H2H8,P62937,50.4,129,59,3,9,133,17,144,2.96E-35,118
Q9H2H8,Q08752,50,140,57,3,9,136,29,167,4.98E-35,122
Q9H2H8,P30405,48.4,128,61,3,9,132,59,185,2.03E-30,107
Q9H2R5,O60259,47.6,254,118,5,1,251,13,254,1.15E-81,243
Q9H2R5,Q92876,44.1,245,125,1,10,254,10,242,9.62E-77,230
Q9H2R5,Q9UKR3,44.6,267,119,6,6,255,10,264,9.30E-72,218
Q9H2R5,Q9Y337,44.1,238,120,5,21,256,66,292,3.45E-70,215
Q9H2R5,P07478,43.8,258,131,4,1,256,1,246,3.85E-69,211
Q9H2R5,P35030,43.1,239,124,3,18,256,77,303,1.57E-65,203
Q9H2R5,Q9Y5K2,38.3,235,132,2,21,254,30,252,1.89E-60,189
Q9H2R5,P06870,38.7,271,141,6,1,256,1,261,9.58E-60,187
Q9H2R5,P20231,39.6,250,111,12,25,249,33,267,1.45E-39,135
Q9H2R5,Q15661,39.2,250,112,12,25,249,33,267,7.96E-39,134
Q9H2R5,P04070,36,242,135,6,21,249,211,445,1.89E-38,137
Q9H2R5,Q9Y5Y6,37.6,250,125,10,21,251,614,851,5.93E-37,135
Q9H2R5,P00747,37.7,252,120,10,21,256,580,810,1.70E-35,131
Q9H2R5,O60235,34.7,245,130,9,21,251,186,414,1.04E-34,126
Q9H2R5,P08246,32.2,255,144,7,8,256,18,249,3.46E-34,121
Q9H2R5,Q9NRR2,34.3,248,131,10,19,250,35,266,5.82E-33,119
Q9H2R5,P00749,34.1,261,131,10,21,254,178,424,8.88E-33,121
Q9H2R5,O15393,30.4,250,143,8,21,254,255,489,3.09E-31,117
Q9H2R5,Q04756,31.3,252,143,9,21,254,407,646,9.17E-31,117
Q9H2R5,P03951,32.9,237,124,8,34,251,400,620,2.95E-30,115
Q9H2R5,P05981,31.7,259,139,7,20,254,161,405,1.34E-29,112
Q9H2U1,Q7Z478,40.9,820,447,15,196,990,561,1367,9.78E-181,560
Q9H2U1,Q7L2E3,35.8,797,447,13,207,988,434,1180,7.97E-152,479
Q9H2U9,O43184,34.3,630,392,12,53,662,62,689,2.01E-121,383
Q9H2U9,Q13443,32,621,400,9,55,661,62,674,2.84E-113,359
Q9H2U9,P78325,33.8,659,378,18,24,664,26,644,2.51E-111,354
Q9H2U9,Q9BZ11,32.3,622,396,12,60,662,67,682,2.52E-105,338
Q9H2U9,Q9UNA0,24.4,357,193,13,106,394,129,476,3.47E-16,80.1
Q9H306,P09238,51,478,219,7,1,465,1,476,2.09E-163,469
Q9H306,P08254,50.5,479,221,7,1,465,1,477,1.24E-162,467
Q9H306,P03956,49.9,467,225,7,5,467,7,468,2.23E-153,443
Q9H306,P22894,48.5,470,230,7,1,466,4,465,4.18E-153,442
Q9H306,P45452,49.7,445,214,7,26,465,32,471,6.23E-151,437
Q9H306,P39900,47.5,472,236,9,3,465,2,470,3.14E-140,410
Q9H306,O60882,43.6,452,235,11,29,465,37,483,6.95E-123,366
Q9H306,P50281,39.5,392,194,9,63,414,65,453,1.44E-78,254
Q9H306,Q9Y5R2,36.3,413,201,8,59,414,107,514,2.47E-74,244
Q9H306,P09237,47.3,239,116,4,26,261,28,259,1.71E-70,223
Q9H306,P08253,29.4,591,216,11,31,433,48,625,1.42E-67,227
Q9H306,P51512,32.9,435,232,10,54,432,64,494,1.09E-61,210
Q9H306,P51511,32,459,228,12,33,414,53,504,2.98E-59,204
Q9H306,Q9NPA2,35.6,407,211,17,52,412,51,452,9.25E-57,196
Q9H306,Q9ULZ9,33.3,426,236,15,28,411,47,466,3.53E-55,192
Q9H306,P24347,35.5,377,201,13,86,430,75,441,8.29E-54,186
Q9H306,Q9NRE1,41.3,240,126,5,26,261,25,253,1.71E-53,179
Q9H306,P14780,25.5,646,227,17,26,432,38,668,7.92E-45,165
Q9H324,Q9UHI8,34.9,840,472,28,121,911,122,935,1.62E-143,453
Q9H324,O75173,35.1,817,444,30,40,829,60,817,1.30E-116,378
Q9H324,Q9UNA0,32.5,884,479,27,78,912,89,903,2.13E-116,380
Q9H324,Q76LX8,29.9,890,519,32,229,1057,63,908,7.07E-94,325
Q9H324,P78325,26.7,679,365,33,36,680,26,605,1.62E-30,127
Q9H324,O43184,25.7,509,280,22,76,536,68,526,1.93E-30,127
Q9H329,P29074,41.7,333,188,4,87,415,31,361,3.68E-73,256
Q9H329,P26045,33.6,307,200,3,82,386,26,330,1.81E-50,189
Q9H329,Q15678,27.7,307,199,6,88,382,24,319,4.97E-30,125
Q9H334,O43524,33,194,101,8,469,642,161,345,7.59E-14,72
Q9H334,Q12778,49.2,65,28,1,469,528,164,228,6.80E-13,68.9
Q9H361,Q14576,28.3,198,117,5,192,382,40,219,1.51E-16,79
Q9H3D4,P04637,49.6,262,127,2,162,423,94,350,2.88E-80,258
Q9H3M0,Q14721,40.9,416,243,2,10,424,18,431,1.22E-105,332
Q9H3M0,Q9UK17,32.5,418,243,8,25,432,42,430,5.77E-60,206
Q9H3M0,Q09470,31.9,452,243,13,10,434,19,432,5.85E-59,199
Q9H3M0,P22001,32.1,455,239,11,8,434,92,504,7.60E-59,201
Q9H3M0,P22459,32.8,427,218,11,25,416,178,570,1.46E-58,202
Q9H3M0,P16389,30.6,428,237,9,25,425,35,429,4.94E-54,186
Q9H3M0,P17658,28.6,483,246,11,9,425,28,477,1.49E-47,169
Q9H3M0,P22460,29.3,440,224,10,27,416,124,526,1.28E-46,168
Q9H3S3,O15393,38.7,341,200,6,113,449,150,485,4.93E-79,251
Q9H3S3,Q9NRS4,33.4,365,224,6,91,450,81,431,1.17E-66,217
Q9H3S3,P03952,40.4,245,138,5,215,455,388,628,1.74E-59,203
Q9H3S3,P03951,38.5,252,144,7,207,453,378,623,1.40E-57,197
Q9H3S3,P20231,41.8,244,124,7,218,449,31,268,1.42E-54,181
Q9H3S3,Q15661,41.4,244,125,7,218,449,31,268,2.79E-54,180
Q9H3S3,Q9NRR2,42,262,134,10,202,452,17,271,9.97E-54,180
Q9H3S3,P10323,38.6,246,135,7,217,448,42,285,8.60E-52,177
Q9H3S3,Q04756,38.4,284,151,6,177,450,374,643,1.81E-51,181
Q9H3S3,P00747,36.8,266,148,6,192,455,563,810,7.68E-51,181
Q9H3S3,P40313,36.1,244,139,6,211,449,27,258,2.39E-45,156
Q9H3S3,P00748,37.7,257,148,5,204,450,357,611,1.01E-44,162
Q9H3S3,Q99895,35.8,265,147,10,204,453,11,267,1.97E-44,154
Q9H3S3,Q9UKR3,37.2,242,128,8,218,451,36,261,3.60E-43,150
Q9H3S3,P00749,33.3,279,166,7,194,454,149,425,1.51E-41,150
Q9H3S3,P20151,36.9,268,132,12,201,451,9,256,3.54E-40,142
Q9H3S3,P49863,33.8,234,146,5,218,448,27,254,7.43E-40,141
Q9H3S3,P07288,35,266,140,8,202,451,8,256,9.57E-40,141
Q9H3S3,Q92876,34.3,239,140,7,216,453,20,242,1.19E-33,124
Q9H3S3,P08246,32.7,248,145,8,210,455,22,249,5.48E-27,106
Q9H3S3,P24158,31.7,243,139,8,215,451,25,246,5.98E-27,106
Q9H3S3,P14210,29.2,219,147,2,231,449,507,717,7.28E-24,102
Q9H3S7,P26045,36.8,242,141,6,1220,1457,673,906,2.52E-34,140
Q9H3S7,P18031,30,297,193,7,1195,1481,16,307,4.35E-33,131
Q9H3S7,P43378,35.9,251,143,6,1220,1455,330,577,1.01E-31,130
Q9H3S7,Q05209,33.5,251,151,7,1220,1462,61,303,2.74E-30,127
Q9H3S7,P35236,31.8,245,153,8,1217,1456,119,354,1.22E-29,119
Q9H3S7,Q99952,32.6,285,168,11,1183,1458,28,297,1.85E-29,121
Q9H3S7,Q12913,36.1,202,122,4,1220,1418,1068,1265,1.13E-28,122
Q9H3S7,Q9Y2R2,31.6,272,163,10,1220,1479,57,317,4.26E-28,120
Q9H3S7,P23471,29.7,259,157,9,1220,1460,1753,2004,2.40E-24,108
Q9H3S7,P08575,26.1,261,156,6,1220,1449,971,1225,7.35E-18,87.4
Q9H3Z4,P31689,59.4,64,23,1,17,80,8,68,5.38E-18,78.2
Q9H427,Q9NPC2,65.5,258,89,0,1,258,1,258,5.47E-111,325
Q9H427,O14649,64.3,258,92,0,1,258,1,258,2.19E-107,316
Q9H427,O95069,34.7,245,141,7,13,242,67,307,9.45E-31,117
Q9H427,P57789,32,241,144,5,18,242,82,318,6.98E-28,110
Q9H427,Q96T54,32,250,143,8,11,243,25,264,4.02E-27,106
Q9H427,O95279,31.7,325,193,12,18,324,15,328,1.69E-26,106
Q9H427,Q9NYG8,31.7,252,145,7,11,242,9,253,7.84E-25,100
Q9H4A9,P16444,51.1,360,168,4,73,426,20,377,2.94E-121,358
Q9H4E5,P60953,64.9,185,63,1,22,204,4,188,7.99E-87,252
Q9H4E5,P63000,61.3,186,69,1,22,204,4,189,6.05E-82,239
Q9H4E5,P61586,50.8,181,89,0,23,203,7,187,2.05E-63,192
Q9H4F1,Q11201,30.5,167,102,3,73,237,139,293,1.37E-16,76.3
Q9H4G0,P29074,43.1,339,185,4,92,423,24,361,1.33E-82,282
Q9H4G0,P26045,35.4,302,187,4,98,392,30,330,6.46E-52,193
Q9H4G0,Q15678,25.6,305,199,7,98,383,22,317,3.28E-24,106
Q9H4L4,Q96HI0,54,274,120,3,300,572,485,753,1.36E-95,305
Q9H4L4,Q9P0U3,42.6,195,105,3,385,572,449,643,1.59E-46,170
Q9H4L4,Q9HC62,34.2,228,131,5,360,572,365,588,5.64E-39,148
Q9H4L7,P51532,36.6,528,279,10,485,999,742,1226,2.42E-78,278
Q9H4L7,P51531,36.1,529,280,11,485,999,712,1196,1.31E-77,276
Q9H4L7,Q14839,34.7,525,265,10,496,997,725,1194,7.43E-71,256
Q9H4L7,Q92698,29.9,529,303,15,497,997,153,641,3.24E-47,178
Q9H4M7,Q99418,36.7,49,31,0,59,107,264,312,4.43E-07,50.1
Q9H4M7,O43739,36.7,49,31,0,59,107,269,317,4.43E-07,50.1
Q9H4Y5,P78417,64,242,86,1,1,242,1,241,2.54E-116,330
Q9H596,O95147,48.8,172,88,0,14,185,19,190,1.24E-59,182
Q9H596,P28562,38.8,129,79,0,29,157,181,309,1.42E-23,93.2
Q9H596,Q13115,34.9,146,95,0,29,174,203,348,5.71E-21,86.3
Q9H596,Q9Y6W6,34.3,143,92,1,29,169,329,471,3.84E-20,84.3
Q9H596,Q9NRW4,32.1,134,90,1,24,157,7,139,7.81E-17,72
Q9H596,Q9BV47,39,141,73,5,29,160,69,205,1.27E-16,72
Q9H596,P51452,32.9,140,83,5,24,153,32,170,1.63E-13,63.2
Q9H596,Q16828,33,115,69,3,48,157,233,344,1.00E-12,62.8
Q9H5I5,Q92508,43.8,2595,1179,43,192,2750,170,2520,0,1892
Q9H5P4,Q12923,38.2,76,46,1,858,932,1364,1439,9.86E-08,53.5
Q9H5P4,Q5TCQ9,32.1,84,55,2,85,167,1020,1102,6.15E-07,50.8
Q9H5Z1,Q7Z478,28,740,401,12,49,672,567,1290,1.72E-81,280
Q9H5Z1,Q7L2E3,33.4,497,282,9,49,515,429,906,4.00E-66,234
Q9H6B9,P34913,29.1,316,189,11,69,355,233,542,4.51E-37,137
Q9H6Q3,P07948,42.3,175,97,1,22,192,53,227,1.60E-39,140
Q9H6Q3,P08631,45.3,159,83,1,38,192,84,242,2.61E-39,140
Q9H6Q3,P51451,46.5,159,80,2,38,192,64,221,1.05E-38,138
Q9H6Q3,P06239,43.2,162,88,1,38,195,67,228,2.85E-37,134
Q9H6Q3,P06241,45.3,159,82,2,38,191,88,246,8.49E-34,125
Q9H6Q3,P09769,42.3,163,89,2,38,195,83,245,2.08E-33,124
Q9H6Q3,P07947,42.1,159,87,2,38,191,97,255,5.54E-32,120
Q9H6Q3,P12931,40.4,161,91,2,36,191,88,248,2.34E-27,107
Q9H6Q3,P42685,31.7,167,97,3,38,192,48,209,1.64E-19,84.7
Q9H6Q3,P62993,32.1,140,88,3,37,176,3,135,1.41E-14,68.2
Q9H6Q3,P19174,34.7,98,47,5,92,179,552,642,2.12E-06,45.8
Q9H6R0,Q7L2E3,33.6,541,297,16,67,563,418,940,7.69E-71,248
Q9H6R0,Q7Z478,39.4,203,108,3,70,262,568,765,2.54E-36,144
Q9H6S0,Q7Z478,31.2,1005,454,25,190,1163,569,1367,5.10E-119,403
Q9H6S0,Q7L2E3,28.7,912,415,16,193,1084,434,1130,1.13E-91,321
Q9H6S0,Q96MU7,48.2,137,64,2,1289,1418,356,492,2.61E-31,129
Q9H6T3,Q02790,29.9,144,82,2,131,255,268,411,4.07E-11,62.8
Q9H6T3,Q13451,31.9,119,66,2,131,234,266,384,8.75E-10,58.5
Q9H6X2,P58335,57.3,475,200,2,4,477,3,475,4.00E-151,440
Q9H7D0,Q92608,58.1,1681,670,10,1,1674,1,1653,0,1883
Q9H7F0,P05023,22.6,752,444,24,280,997,189,836,2.84E-21,97.8
Q9H7P9,P15498,27.2,324,215,9,108,420,200,513,1.04E-17,86.3
Q9H832,P61077,38.7,119,64,2,101,219,3,112,5.20E-20,82.8
Q9H845,P49748,46.9,588,300,8,37,617,71,653,1.19E-169,496
Q9H845,Q92947,29.4,354,227,9,96,442,95,432,1.55E-36,139
Q9H8H2,Q92841,30.7,420,226,12,231,643,172,533,3.30E-46,174
Q9H8H2,Q86XP3,29.4,452,258,13,230,677,253,647,1.83E-43,167
Q9H8H2,P38919,26.9,446,249,13,221,653,29,410,3.16E-35,136
Q9H8H2,O00571,29.4,385,204,11,255,623,204,536,1.80E-34,137
Q9H8H2,P26196,26.8,377,215,9,257,632,122,438,1.99E-32,129
Q9H8H2,Q14240,26.6,410,227,14,255,655,57,401,1.04E-30,122
Q9H8H2,P60842,25.7,412,231,13,255,653,56,405,1.11E-29,119
Q9H8H2,Q92499,25.4,350,227,11,304,633,285,620,2.15E-22,100
Q9H8W4,P98174,29.3,208,118,7,27,208,582,786,3.58E-20,86.7
Q9H8W5,Q9UPN9,29.7,344,210,9,39,374,140,459,1.49E-32,130
Q9H8W5,O15164,27.4,350,233,9,37,374,66,406,4.38E-29,120
Q9H9G7,Q9UKV8,81,843,151,2,18,860,26,859,0,1417
Q9H9J4,Q6R6M4,58.5,354,141,1,67,420,36,383,4.71E-133,416
Q9H9J4,O75604,30.4,336,191,10,111,409,267,596,4.71E-34,137
Q9H9J4,Q9UK80,28.7,349,192,10,112,409,213,555,1.35E-28,119
Q9H9J4,Q13107,27.6,196,112,4,112,280,303,495,2.89E-12,68.6
Q9HA47,Q9BZX2,72,257,55,3,23,277,20,261,4.95E-125,354
Q9HAP6,P78352,41.4,99,57,1,91,189,311,408,3.26E-17,76.6
Q9HAP6,Q12923,45.1,71,36,1,94,161,1369,1439,2.55E-13,65.5
Q9HAQ2,O15066,41.3,320,179,5,54,370,56,369,1.64E-62,221
Q9HAQ2,Q9Y496,38.2,374,207,9,7,370,15,374,1.85E-61,217
Q9HAQ2,Q9NS87,36.9,379,212,10,7,371,27,392,3.29E-60,219
Q9HAQ2,Q02224,33,454,263,12,1,445,1,422,2.34E-54,201
Q9HAQ2,Q15058,33.1,423,231,11,62,470,416,800,1.06E-53,199
Q9HAQ2,O60333,37.9,322,173,8,64,367,68,380,4.72E-47,179
Q9HAQ2,Q7Z4S6,32.3,356,203,8,52,370,46,400,1.32E-43,168
Q9HAQ2,Q9BW19,36.7,324,166,12,38,337,352,660,1.53E-38,150
Q9HAQ2,Q99661,35,311,173,11,37,338,296,586,2.13E-36,144
Q9HAQ2,Q02241,25.9,406,222,10,7,334,26,430,5.49E-28,118
Q9HAQ2,O95235,34.5,206,126,5,136,335,300,502,1.41E-20,94.4
Q9HAR2,Q99972,39.8,241,129,4,156,389,268,499,3.50E-51,186
Q9HAU0,Q99418,40,50,30,0,172,221,262,311,4.83E-06,47.4
Q9HAU0,O43739,40,50,30,0,172,221,267,316,4.83E-06,47.4
Q9HAU4,Q9HCE7,69.1,792,166,9,1,748,1,757,0,1066
Q9HAU4,P46934,42.2,597,285,14,159,745,769,1315,7.56E-138,436
Q9HAU8,Q9H4A4,46.7,661,303,9,27,674,22,646,1.58E-199,576
Q9HAU8,P09960,33.9,525,330,9,146,663,84,598,5.26E-92,296
Q9HAV4,O14980,25.8,194,122,4,54,243,66,241,9.00E-13,70.1
Q9HAW9,O60656,94.9,530,27,0,1,530,1,530,0,1030
Q9HAW9,Q9HAW8,94.5,530,29,0,1,530,1,530,0,1030
Q9HAW9,Q9HAW7,94.5,530,29,0,1,530,1,530,0,1025
Q9HAW9,P19224,70.8,520,147,4,14,530,15,532,3.20E-259,715
Q9HAW9,P22309,67.6,528,159,3,11,530,10,533,5.16E-256,707
Q9HAW9,O75795,45.8,517,267,7,18,523,14,528,9.31E-154,447
Q9HAW9,P16662,44.4,518,274,7,6,513,5,518,1.71E-148,434
Q9HB19,Q9HB21,56.5,308,125,5,1,308,1,299,2.16E-111,330
Q9HB29,P14778,41.2,571,286,16,5,550,7,552,4.44E-125,377
Q9HB55,P08684,75.9,502,121,0,1,502,1,502,1.87E-286,782
Q9HB55,P20815,75.7,502,121,1,1,502,1,501,6.62E-282,770
Q9HB55,P24557,33.9,531,302,9,6,496,12,533,1.41E-94,294
Q9HB55,Q86W10,29.1,475,302,13,13,467,18,477,2.20E-46,166
Q9HB55,P78329,26.4,405,273,10,80,467,97,493,2.08E-35,135
Q9HB55,P51589,25,452,311,14,39,476,45,482,1.24E-29,119
Q9HB55,P08686,24.8,448,291,13,53,485,47,463,2.40E-24,103
Q9HB55,P05093,25.1,501,322,17,12,481,2,480,6.28E-24,102
Q9HB55,P10635,33.5,158,104,1,309,465,309,466,6.44E-20,89.7
Q9HB55,P05177,32,172,105,3,302,465,314,481,2.90E-19,87.8
Q9HB55,Q16678,32.7,159,99,4,292,444,316,472,3.52E-14,72
Q9HB58,O15164,30.3,195,90,8,523,674,813,1004,5.74E-14,72.8
Q9HB58,Q9UPN9,29.4,170,79,6,533,664,886,1052,1.25E-10,62
Q9HB58,Q14839,47.6,42,21,1,537,577,452,493,7.44E-06,46.6
Q9HBH0,P63000,49.5,192,94,1,20,211,4,192,1.45E-62,190
Q9HBH0,P61586,49.2,191,93,1,21,211,7,193,3.45E-61,187
Q9HBH0,P60953,44.8,192,102,2,20,211,4,191,1.48E-54,170
Q9HBH0,P62826,31.6,136,91,2,11,145,2,136,5.92E-18,76.3
Q9HBI6,P78329,87.1,519,67,0,1,519,1,519,0,947
Q9HBI6,Q86W10,40.1,509,287,10,7,512,4,497,2.45E-126,376
Q9HBI6,Q16850,23.3,339,223,8,148,481,162,468,5.70E-20,90.1
Q9HBJ8,Q9BYF1,46.1,165,83,2,19,177,612,776,5.49E-40,142
Q9HBU6,Q9Y259,31.7,341,191,8,135,448,66,391,9.57E-46,160
Q9HBU6,P35790,32.1,352,184,12,137,442,110,452,2.07E-40,147
Q9HBX9,Q9Y5X5,22.3,287,188,10,425,689,170,443,2.72E-09,57.4
Q9HBX9,Q9UPC5,20.6,349,243,11,384,717,34,363,2.88E-06,47.4
Q9HBY0,P04839,58.8,570,232,1,2,568,1,570,2.75E-253,703
Q9HBY0,Q9Y5S8,56.3,572,237,5,2,568,1,564,2.80E-232,650
Q9HBY0,Q9NPH5,34.6,601,325,12,5,568,8,577,5.77E-113,345
Q9HBY0,Q96PH1,28.2,560,281,15,47,551,263,756,1.60E-56,200
Q9HBZ2,Q99814,25.9,410,253,10,50,456,1,362,1.79E-30,125
Q9HBZ2,Q16665,26.4,386,212,14,61,435,15,339,7.98E-28,117
Q9HBZ2,Q15788,25.3,352,196,15,69,403,29,330,3.94E-14,73.6
Q9HC96,P17655,30.6,506,291,13,13,496,45,512,6.28E-64,222
Q9HCC9,Q9Y2I7,41.9,74,41,1,799,872,142,213,3.51E-14,74.3
Q9HCE6,Q7Z628,22,200,149,4,306,504,164,357,5.24E-08,54.3
Q9HCF6,Q9BX84,53.3,1292,503,14,53,1305,5,1235,0,1304
Q9HCF6,O94759,31.5,1284,690,33,63,1301,61,1200,2.19E-161,530
Q9HCF6,Q8TD43,28.9,1309,736,40,61,1294,7,1195,6.85E-133,443
Q9HCF6,Q7Z2W7,28.8,1169,625,33,63,1195,43,1040,4.86E-130,432
Q9HCF6,Q9NZQ8,28.7,1186,681,30,140,1268,26,1103,9.04E-122,410
Q9HCF6,Q9UBN4,20.9,387,227,14,882,1221,354,708,6.93E-14,74.3
Q9HCF6,Q9UL62,21.1,360,207,14,890,1200,359,690,6.07E-11,64.7
Q9HCF6,Q9HCX4,21.3,254,168,7,978,1216,520,756,1.00E-06,50.8
Q9HCH5,P05129,31.1,119,68,5,767,883,156,262,6.34E-10,60.1
Q9HCK4,P10586,26.1,706,382,24,224,828,32,698,1.36E-36,148
Q9HCK5,Q9UKV8,79,849,166,2,13,861,23,859,0,1394
Q9HCK8,Q14839,39.3,840,389,20,667,1414,542,1352,5.90E-142,489
Q9HCK8,P51531,42.2,495,248,10,811,1284,724,1201,9.99E-101,357
Q9HCK8,P51532,42.5,496,245,10,811,1284,754,1231,4.26E-99,352
Q9HCM4,P29074,40.4,342,198,4,43,380,29,368,4.69E-76,261
Q9HCM4,P26045,34.7,308,197,3,39,344,25,330,2.35E-56,204
Q9HCM4,Q15678,28.2,298,191,6,39,324,17,303,6.95E-32,130
Q9HCM9,O00481,53.1,160,73,2,337,495,340,498,1.47E-51,181
Q9HCQ5,Q8IUC8,38.9,522,280,15,89,596,55,551,5.35E-111,341
Q9HCQ5,Q10472,36.4,519,297,14,89,596,56,552,1.19E-106,330
Q9HCQ5,Q8NCL4,40.4,490,257,17,108,576,131,606,5.54E-95,301
Q9HCQ5,Q10471,41.1,418,224,11,84,494,72,474,9.38E-93,294
Q9HCQ5,Q96FL9,35.2,495,289,16,114,597,74,547,5.02E-90,286
Q9HCQ5,Q14435,40.6,434,233,14,91,505,121,548,8.30E-87,280
Q9HCQ5,Q86SR1,39.8,384,211,10,106,479,100,473,1.82E-83,270
Q9HCS2,P78329,81.7,520,95,0,1,520,1,520,0,884
Q9HCS2,Q86W10,39.3,506,289,9,11,512,6,497,1.10E-124,372
Q9HCS2,P08684,27,440,277,15,97,517,80,494,2.28E-41,152
Q9HCS2,P20815,26.8,481,303,15,64,523,47,499,7.31E-40,148
Q9HCS2,Q07973,30.1,186,126,3,313,498,311,492,3.29E-21,94
Q9HCS4,Q9UJU2,51.8,409,133,14,31,423,16,376,2.59E-101,310
Q9HD20,P05023,21.8,629,387,20,298,881,166,734,2.68E-23,104
Q9HD20,P54707,22,636,377,22,298,881,181,749,4.81E-21,97.1
Q9HD26,P29074,30,70,47,2,289,356,517,586,7.08E-07,48.9
Q9HD43,Q12913,28.6,1067,654,31,82,1108,328,1326,1.51E-102,350
Q9HD43,P23467,45.9,307,160,3,800,1105,1683,1984,6.76E-78,279
Q9HD43,P10586,42,295,162,4,788,1077,1315,1605,4.66E-64,236
Q9HD43,P18433,40.6,283,159,4,800,1077,221,499,4.34E-61,221
Q9HD43,Q13332,42.1,278,157,3,800,1077,1373,1646,1.65E-60,224
Q9HD43,P28827,38.2,304,178,4,800,1103,880,1173,2.05E-60,224
Q9HD43,P23469,39.6,285,162,7,800,1079,115,394,5.56E-55,201
Q9HD43,P08575,40.8,240,138,3,844,1081,677,914,4.70E-54,203
Q9HD43,P23470,36.9,293,167,5,800,1077,828,1117,1.27E-53,202
Q9HD43,P23471,39.1,299,158,7,798,1077,1697,1990,3.38E-53,201
Q9HD43,Q99952,44.6,249,124,6,835,1076,47,288,2.74E-52,188
Q9HD43,P29350,37.3,284,166,6,810,1081,234,517,8.29E-52,190
Q9HD43,Q12923,41,261,141,5,837,1093,2230,2481,2.93E-51,195
Q9HD43,Q06124,40.5,252,137,5,843,1081,272,523,4.80E-51,187
Q9HD43,P43378,37.2,317,176,6,797,1101,283,588,1.71E-49,183
Q9HD43,Q05209,40.1,247,140,4,843,1085,57,299,3.02E-49,185
Q9HD43,P18031,37.3,271,156,6,838,1098,34,300,3.10E-49,178
Q9HD43,P26045,38.9,244,137,3,839,1078,665,900,1.76E-47,181
Q9HD43,P29074,38.3,253,145,3,839,1087,674,919,5.80E-47,179
Q9HD43,P35236,36.9,244,148,4,846,1088,121,359,5.87E-47,169
Q9HD43,Q9Y2R2,36.7,297,167,7,800,1090,19,300,8.89E-47,178
Q9HD43,P17706,36.3,256,157,2,824,1077,22,273,5.27E-46,168
Q9HD43,Q15256,38.3,235,138,5,844,1076,415,644,2.31E-42,162
Q9HD43,Q15678,37.1,259,149,6,838,1083,927,1184,4.97E-38,152
Q9HD43,P54829,36,247,145,8,847,1087,325,564,2.97E-37,145
Q9HD67,Q9UKN7,44.6,716,370,11,62,763,1221,1923,1.05E-156,537
Q9HD67,Q8WXR4,38.1,750,398,17,66,763,346,1081,5.33E-130,441
Q9HD67,Q8NEV4,37.4,760,402,16,60,763,335,1076,3.49E-125,432
Q9HD67,P35580,36.6,743,443,11,45,762,67,806,1.23E-124,434
Q9HD67,Q9UKX2,35.4,790,466,16,5,763,32,808,2.37E-124,433
Q9HD67,P35579,36.3,743,442,11,45,762,63,799,1.45E-122,427
Q9HD67,Q7Z406,35.4,738,450,11,49,763,91,824,1.45E-117,412
Q9NNW7,Q16881,56.4,489,209,2,39,524,162,649,4.09E-196,559
Q9NNW7,P00390,40,477,259,13,40,508,65,522,5.30E-98,303
Q9NP58,P08183,51.9,241,114,1,587,825,389,629,4.89E-65,234
Q9NP58,O95342,47,266,134,4,559,818,1046,1310,2.01E-59,217
Q9NP58,O15440,26.6,233,156,3,591,822,563,781,5.40E-26,112
Q9NP58,Q92887,30.2,235,144,5,590,819,637,856,8.64E-25,108
Q9NP58,P13569,28.9,232,162,3,588,818,1208,1437,4.38E-24,106
Q9NP60,P14778,29.4,521,327,16,74,573,55,555,2.85E-57,201
Q9NP72,P61026,44.3,192,98,4,10,200,11,194,4.28E-52,164
Q9NP72,P51159,36.6,183,101,4,2,171,3,183,9.31E-36,122
Q9NP72,O14966,32.3,167,108,3,10,171,9,175,1.77E-27,100
Q9NP72,Q5HYI8,28.3,106,67,3,6,102,4,109,1.39E-06,44.7
Q9NP78,P08183,34.9,524,325,6,238,750,124,642,1.88E-86,295
Q9NP78,O95342,35.8,497,312,5,255,746,168,662,1.63E-83,287
Q9NP78,O60706,25,584,383,16,187,738,985,1545,5.19E-31,128
Q9NP78,P13569,23.1,242,173,4,502,738,1208,1441,5.64E-16,79.7
Q9NP90,P62826,33.1,157,98,2,9,165,12,161,4.11E-27,100
Q9NP90,Q5HYI8,26.9,145,82,5,8,128,7,151,1.33E-08,50.4
Q9NP91,Q9H2J7,44.4,606,302,8,1,587,57,646,1.87E-182,530
Q9NP91,P30531,36.2,552,288,7,5,547,44,540,4.30E-119,363
Q9NP91,P48065,36.7,597,293,10,3,582,34,562,8.01E-117,357
Q9NP91,P48067,34.9,613,297,8,5,589,100,638,8.87E-117,360
Q9NP91,Q9Y345,35.5,592,278,10,2,547,188,721,1.71E-115,359
Q9NP91,P31645,34.1,599,309,10,5,584,79,610,5.93E-114,350
Q9NP91,Q99884,35.6,562,287,8,5,547,37,542,7.66E-113,348
Q9NP91,Q9NSD5,35.1,584,293,8,5,571,32,546,9.19E-112,344
Q9NP91,P31641,34.8,589,293,9,5,572,41,559,1.07E-111,344
Q9NP91,P48066,34.2,588,297,10,5,572,50,567,1.49E-111,344
Q9NP91,P23975,35.4,571,282,13,5,547,56,567,3.04E-106,330
Q9NP91,Q01959,34.1,566,289,10,5,547,60,564,2.54E-105,328
Q9NP91,Q9UN76,33.1,586,291,9,5,544,36,566,5.74E-102,320
Q9NP95,P05230,43.5,131,69,3,69,198,29,155,1.86E-26,97.1
Q9NPB9,P32248,39,351,185,5,19,349,36,377,1.68E-74,232
Q9NPB9,P51686,37.7,302,181,2,28,322,35,336,2.59E-74,231
Q9NPB9,P51684,36.1,335,188,7,8,330,23,343,3.78E-65,208
Q9NPB9,P51679,37.4,305,179,6,24,319,19,320,3.22E-59,192
Q9NPB9,P25025,35,317,195,4,38,345,45,359,8.98E-59,191
Q9NPB9,P49238,36.7,300,176,4,22,314,12,304,8.60E-58,188
Q9NPB9,P61073,34.7,297,186,3,20,311,17,310,7.88E-54,178
Q9NPB9,P25024,35.5,279,172,3,50,322,48,324,1.05E-53,177
Q9NPB9,P49682,31.4,328,210,4,2,322,18,337,6.88E-52,173
Q9NPB9,P51685,33,294,192,3,31,320,25,317,3.84E-51,171
Q9NPB9,P41597,34.1,302,187,6,17,312,19,314,6.05E-51,171
Q9NPB9,P32246,34.9,295,181,7,31,317,24,315,1.14E-49,167
Q9NPB9,P51677,31.8,299,193,6,24,314,17,312,2.38E-48,164
Q9NPB9,P30556,31.8,305,188,7,31,319,18,318,2.94E-46,158
Q9NPB9,P25106,29.8,275,184,3,51,316,54,328,3.32E-45,155
Q9NPB9,P50052,32,309,181,9,44,331,47,347,4.13E-40,142
Q9NPB9,P30411,28.6,311,197,8,18,311,38,340,1.02E-36,134
Q9NPB9,P25090,30.4,313,196,8,17,311,2,310,1.30E-31,119
Q9NPB9,Q99788,30.2,295,176,7,41,313,40,326,1.31E-30,117
Q9NPB9,P21462,31.2,282,167,7,50,311,35,309,2.39E-30,115
Q9NPB9,Q9NS75,25.9,316,215,7,15,320,16,322,1.57E-29,113
Q9NPB9,P32249,25.1,303,198,7,40,320,30,325,1.90E-28,110
Q9NPB9,P31391,26.1,299,191,7,35,317,41,325,2.78E-28,110
Q9NPB9,P43657,29,286,175,9,49,314,25,302,2.79E-28,110
Q9NPB9,P35346,27.1,306,202,7,42,335,41,337,1.88E-27,108
Q9NPG1,Q99835,25.7,544,343,16,28,540,70,583,9.05E-39,150
Q9NPG8,Q9UIJ5,53.2,47,22,0,151,197,129,175,2.51E-13,67.4
Q9NPH0,P15309,26.9,402,217,16,43,419,26,375,3.99E-24,100
Q9NPI9,P63252,51.1,325,153,3,26,344,37,361,1.31E-105,316
Q9NPI9,P48050,45.6,353,166,5,29,357,14,364,1.28E-104,314
Q9NPI9,Q14654,42.1,323,179,5,30,345,29,350,3.35E-81,252
Q9NPI9,P48048,39.4,335,193,5,31,355,37,371,1.68E-78,245
Q9NPI9,P78508,39.4,315,179,6,33,337,27,339,2.85E-69,221
Q9NPI9,O60928,32,331,209,8,34,353,18,343,3.19E-43,152
Q9NQ66,P51178,35.7,617,330,17,197,797,191,756,3.21E-91,308
Q9NQ66,P19174,36.6,265,155,6,539,795,952,1211,3.16E-41,162
Q9NQ66,P16885,31.6,427,238,16,63,468,64,457,8.24E-40,158
Q9NQ87,Q14469,40.6,128,71,2,44,169,35,159,6.42E-18,79.7
Q9NQB0,Q9UJU2,52.5,444,138,9,1,433,1,382,9.09E-120,358
Q9NQC1,O95696,32.7,444,252,12,92,493,111,549,9.06E-48,180
Q9NQC1,P55201,30.3,423,237,11,137,508,215,630,1.43E-45,174
Q9NQC1,Q9ULD4,38.8,242,133,6,137,368,154,390,3.08E-42,163
Q9NQH7,P12955,29.3,468,278,12,72,500,23,476,2.19E-42,155
Q9NQI0,O00571,52.8,451,198,6,249,689,141,586,5.05E-148,444
Q9NQI0,Q92841,39.8,397,224,7,276,667,158,544,2.39E-86,285
Q9NQI0,Q86XP3,38.5,405,231,6,276,675,241,632,1.10E-74,257
Q9NQI0,P26196,32.8,363,220,6,290,647,98,441,4.70E-53,188
Q9NQI0,Q14240,28.9,384,250,8,290,668,35,400,1.13E-52,185
Q9NQI0,P60842,29.3,368,240,7,289,652,33,384,1.43E-51,182
Q9NQI0,O00148,28.6,399,256,7,290,680,46,423,3.93E-46,167
Q9NQI0,Q92499,36.2,58,37,0,290,347,4,61,6.69E-06,46.6
Q9NQR9,P35575,50.8,354,172,2,1,354,5,356,1.97E-126,364
Q9NQT8,O60333,59.1,391,143,5,1,382,1,383,2.09E-121,421
Q9NQT8,Q15058,44,559,284,12,3,545,356,901,4.23E-115,400
Q9NQT8,O15066,47.4,386,172,10,6,384,10,371,3.02E-82,285
Q9NQT8,Q9Y496,45.3,391,191,7,6,393,15,385,2.95E-81,281
Q9NQT8,Q9NS87,41.8,400,200,10,2,391,24,400,1.90E-64,239
Q9NQT8,Q02224,39.6,396,205,9,6,393,7,376,1.36E-58,221
Q9NQT8,Q7Z4S6,36.9,420,199,12,3,382,7,400,1.31E-57,218
Q9NQT8,P33176,39.7,363,182,7,1,360,4,332,2.52E-57,214
Q9NQT8,O60282,39.5,362,184,7,2,360,5,334,1.76E-56,211
Q9NQT8,P52732,38,395,209,10,6,385,19,392,2.55E-56,211
Q9NQT8,Q12840,39.8,362,182,7,2,360,6,334,8.55E-55,206
Q9NQT8,Q9BW19,38.9,347,154,13,39,354,345,664,4.34E-45,172
Q9NQT8,Q99661,35.1,367,196,13,3,357,256,592,2.35E-40,158
Q9NQT8,Q02241,31.1,354,166,6,76,353,85,436,2.80E-35,144
Q9NQT8,O95235,39.1,215,124,3,144,355,299,509,2.55E-33,137
Q9NQX4,Q9UKX2,38.7,798,455,14,13,789,38,822,1.47E-153,516
Q9NQX4,P35580,39.8,800,435,17,7,779,30,809,5.42E-147,497
Q9NQX4,P35579,37.8,841,464,19,13,834,32,832,1.58E-146,496
Q9NQX4,Q7Z406,38.6,792,446,15,7,776,50,823,1.48E-142,484
Q9NQX4,Q9UKN7,40.3,715,406,13,68,776,1223,1922,7.43E-137,471
Q9NQX4,Q8WXR4,35.6,762,445,14,69,791,345,1099,1.45E-122,417
Q9NQX4,Q8NEV4,33.6,812,486,18,70,839,341,1141,5.22E-117,405
Q9NR16,Q9Y4K0,35.5,361,165,8,1047,1345,70,424,4.26E-57,210
Q9NR16,P58215,36.5,351,171,6,1047,1345,56,406,4.32E-57,209
Q9NR16,Q96JB6,27.9,563,284,14,476,992,32,518,2.85E-53,198
Q9NR16,P21757,49,102,52,0,1035,1136,349,450,2.06E-27,114
Q9NR23,P12643,31.3,355,206,11,30,363,58,395,3.61E-45,157
Q9NR23,P12644,30.2,367,210,11,26,363,58,407,3.49E-43,152
Q9NR23,P22004,32.1,280,156,7,111,363,240,512,1.77E-38,141
Q9NR30,Q92841,33.7,377,229,10,189,556,176,540,1.44E-56,204
Q9NR30,P38919,32.6,371,230,7,188,554,40,394,3.89E-55,192
Q9NR30,P60842,32.5,372,230,8,187,553,33,388,3.81E-52,184
Q9NR30,Q14240,32.9,371,228,8,188,553,35,389,4.93E-51,181
Q9NR30,O00571,34.4,358,197,10,211,544,205,548,7.28E-50,183
Q9NR30,Q86XP3,32.6,368,224,8,187,545,254,606,6.50E-46,174
Q9NR30,P26196,32,363,214,9,211,563,121,460,1.00E-43,162
Q9NR30,Q92499,29.2,339,188,10,260,546,286,624,3.31E-31,127
Q9NR31,P84077,28.2,181,117,2,18,197,9,177,1.51E-24,92.4
Q9NR34,Q9UKM7,39.7,443,250,10,185,617,260,695,9.71E-95,303
Q9NR48,Q96L73,42.1,259,127,8,2067,2319,1865,2106,1.26E-48,190
Q9NR48,Q9BZ95,42.2,225,117,7,2067,2285,1068,1285,4.87E-46,181
Q9NR48,O96028,39.7,234,132,6,2067,2296,986,1214,5.19E-45,177
Q9NR48,Q9BYW2,38.6,241,133,8,2059,2289,1459,1694,2.22E-43,172
Q9NR48,Q15910,31.9,191,111,5,2096,2269,547,735,4.98E-21,98.2
Q9NR48,Q92800,32.8,186,101,5,2094,2269,565,736,7.69E-20,94.4
Q9NR48,Q03164,35,137,85,2,2150,2284,3834,3968,1.18E-19,94.7
Q9NR48,Q9UMN6,35,137,85,2,2150,2284,2580,2714,4.10E-17,86.3
Q9NR48,O14686,31.5,146,98,2,2137,2281,5389,5533,9.44E-15,78.6
Q9NR48,Q8NEZ4,29.5,146,101,2,2137,2281,4763,4907,6.12E-14,75.9
Q9NR48,Q86U86,32.3,99,67,0,2451,2549,52,150,3.80E-10,63.2
Q9NR81,Q7Z628,62.5,437,163,1,11,447,64,499,5.22E-192,547
Q9NR81,P15498,22.8,184,133,5,122,302,194,371,1.04E-08,55.1
Q9NR99,P10586,29.9,314,171,13,1850,2140,29,316,1.93E-20,97.1
Q9NR99,Q13332,28,318,183,11,1851,2140,30,329,3.63E-17,86.3
Q9NR99,O15146,29.5,173,110,5,2647,2818,37,198,4.48E-09,59.3
Q9NRC6,P46939,40.8,233,130,5,45,275,22,248,3.14E-41,166
Q9NRD8,P04839,29.3,564,317,16,1053,1548,21,570,3.97E-61,218
Q9NRD8,Q9Y5S8,28.5,575,337,14,1034,1548,4,564,2.13E-60,215
Q9NRD8,Q96PH1,25,805,432,21,805,1531,44,754,1.69E-58,214
Q9NRD8,Q9NPH5,26.1,583,305,15,1043,1534,17,564,1.69E-49,183
Q9NRD8,P05164,25.6,551,339,17,40,544,178,703,4.38E-25,110
Q9NRD9,Q9Y5S8,30.6,526,291,15,1086,1551,53,564,3.82E-63,223
Q9NRD9,Q96PH1,25.4,806,434,22,801,1534,44,754,5.26E-59,216
Q9NRD9,P04839,29.2,538,295,15,1083,1551,50,570,5.39E-58,208
Q9NRD9,Q9NPH5,27,562,283,17,1081,1551,52,577,8.00E-52,190
Q9NRD9,P11678,29.1,547,322,24,37,541,153,675,9.64E-33,134
Q9NRD9,P05164,26.5,570,351,21,15,541,159,703,1.33E-27,118
Q9NRF2,P29353,39.2,97,53,2,520,616,481,571,3.55E-11,63.5
Q9NRF2,Q06124,30.6,98,46,4,527,609,112,202,2.87E-06,47.8
Q9NRG1,P00492,68.2,211,67,0,14,224,7,217,7.68E-108,306
Q9NRH3,P07437,33.4,446,286,6,3,447,2,437,1.55E-90,279
Q9NRH3,Q13509,34.3,434,271,7,3,435,2,422,3.66E-90,278
Q9NRH3,Q9H4B7,34.3,435,270,8,3,435,2,422,9.18E-88,272
Q9NRK6,P08183,36.8,585,351,5,152,734,63,630,1.46E-102,339
Q9NRK6,O95342,39,510,296,7,231,734,158,658,7.65E-97,324
Q9NRK6,P33527,29.5,492,318,9,247,726,1048,1522,3.22E-44,169
Q9NRM0,P22732,45.9,475,254,1,56,527,17,491,4.01E-145,424
Q9NRM0,P11166,40.1,459,271,3,57,514,12,467,4.91E-118,355
Q9NRM0,P14672,39.1,463,274,4,57,514,24,483,1.22E-107,328
Q9NRM0,P11169,37.1,458,286,1,57,514,10,465,3.89E-102,314
Q9NRM0,P11168,30.7,515,304,7,57,528,10,514,1.16E-76,248
Q9NRW1,P20340,90.9,208,19,0,1,208,1,208,9.04E-137,379
Q9NRW1,P51159,35.8,162,93,2,15,165,11,172,9.52E-29,104
Q9NRY4,P52757,37.5,184,111,4,1251,1430,279,462,4.58E-28,117
Q9NRY4,P11274,33.1,169,107,3,1243,1407,1048,1214,1.12E-19,93.2
Q9NRZ9,P51532,40,550,261,10,213,752,744,1234,8.08E-112,372
Q9NRZ9,P51531,39.8,550,262,10,213,752,714,1204,5.00E-111,369
Q9NRZ9,Q14839,37.6,591,265,15,200,767,707,1216,3.80E-100,339
Q9NRZ9,Q92698,27.8,561,304,14,222,747,152,646,7.34E-52,191
Q9NS23,O94806,40.4,47,24,1,63,109,166,208,3.79E-06,45.8
Q9NS39,Q15633,27.2,206,120,5,142,342,48,228,3.79E-07,50.1
Q9NS40,Q12809,61.1,1115,361,19,1,1075,1,1082,0,1192
Q9NS40,O95259,45,531,244,5,373,866,183,702,2.91E-144,458
Q9NS40,Q9Y3Q4,25.6,503,316,12,381,857,235,705,4.03E-42,165
Q9NS40,O60741,24.9,506,316,14,381,857,115,585,2.94E-40,158
Q9NS61,P62166,38.5,182,112,0,89,270,9,190,5.25E-45,147
Q9NS82,Q01650,49.5,471,234,3,29,498,39,506,4.87E-154,447
Q9NS82,Q9UPY5,43.7,471,262,2,28,498,32,499,8.11E-132,390
Q9NSA2,Q9UK17,63.6,678,193,15,1,647,1,655,6.59E-274,762
Q9NSA2,P22001,36.2,494,250,14,25,472,87,561,2.61E-75,249
Q9NSA2,Q14721,37.8,418,234,6,27,423,16,428,3.66E-75,255
Q9NSA2,P16389,38.8,405,203,9,40,417,33,419,3.31E-73,241
Q9NSA2,Q09470,39.3,399,203,10,40,417,37,417,4.18E-73,241
Q9NSA2,P22459,38.9,411,201,9,40,417,176,569,1.03E-71,241
Q9NSA2,P22460,38.1,420,196,8,44,417,124,525,2.38E-70,237
Q9NSA2,P17658,37.2,443,197,9,40,417,41,467,2.87E-65,221
Q9NSC7,Q11203,28.3,290,172,10,303,585,108,368,2.62E-23,99.4
Q9NST1,Q96AD5,45.6,399,197,4,1,399,1,379,1.68E-114,344
Q9NTJ3,Q14683,26.9,1305,753,36,90,1279,10,1228,1.20E-39,157
Q9NTQ9,P29033,51.8,218,100,1,1,213,1,218,6.21E-86,253
Q9NTQ9,P17302,40.8,233,114,2,2,211,3,234,9.78E-58,186
Q9NU39,Q08050,46.3,82,40,2,107,187,236,314,1.49E-16,79
Q9NUE0,Q9UIJ5,36.3,124,77,2,191,314,126,247,6.92E-20,87.4
Q9NUE0,Q5W0Z9,32.6,141,93,2,174,314,108,246,8.44E-18,81.3
Q9NUL7,P60842,28,379,238,8,127,504,33,377,1.19E-38,143
Q9NUL7,Q14240,28.1,391,245,9,127,516,34,389,1.21E-38,143
Q9NUL7,P38919,26.4,394,247,9,127,516,39,393,1.10E-36,138
Q9NUL7,P26196,29.3,386,233,12,123,505,92,440,1.78E-36,139
Q9NUL7,Q92841,31,355,221,5,150,504,193,523,2.24E-35,138
Q9NUL7,O00571,28.4,370,205,8,150,493,202,537,2.99E-31,125
Q9NUL7,Q92499,38.7,62,36,1,127,188,3,62,9.41E-08,52
Q9NUN7,Q5QJU3,39.5,86,50,2,15,98,14,99,1.74E-12,63.2
Q9NUP9,P78352,41.4,99,57,1,91,189,311,408,2.14E-16,73.9
Q9NUP9,Q12923,42.3,71,38,1,94,161,1369,1439,3.08E-12,62
Q9NUT2,P08183,38.1,554,315,12,174,711,734,1275,4.86E-93,313
Q9NUT2,O95342,38.3,494,297,8,222,711,169,658,2.39E-92,311
Q9NUT2,O60706,26.2,504,339,14,219,707,1060,1545,1.45E-31,129
Q9NUU7,Q14240,40.2,381,210,7,90,465,32,399,5.03E-86,267
Q9NUU7,P60842,40.3,380,211,7,90,465,31,398,3.83E-85,265
Q9NUU7,P38919,37.5,381,215,8,92,465,39,403,3.60E-80,252
Q9NUU7,O00148,32,378,242,6,93,465,46,413,1.13E-60,202
Q9NUU7,P26196,36.1,374,221,10,93,462,98,457,8.11E-60,201
Q9NUU7,O00571,30.5,384,227,10,90,446,179,549,2.83E-40,150
Q9NUU7,Q92841,29.7,377,227,12,111,465,191,551,3.58E-33,130
Q9NUV7,O15270,72.5,520,136,3,33,549,43,558,2.45E-281,773
Q9NUV7,O15269,33.7,261,169,3,160,418,98,356,5.92E-47,168
Q9NVA2,Q9UHD8,43.7,293,155,5,20,304,277,567,8.16E-78,249
Q9NVE7,Q9H999,36.3,353,200,8,37,366,14,364,2.83E-59,202
Q9NVE7,Q8TE04,36.2,354,201,6,37,367,239,590,2.37E-57,203
Q9NVE7,Q9BZ23,36.7,354,199,8,37,367,214,565,4.62E-56,199
Q9NVF9,Q9Y259,32.2,348,198,9,62,382,55,391,3.11E-45,157
Q9NVF9,P35790,28.7,373,191,11,62,376,97,452,1.46E-33,127
Q9NVH1,P31689,43.4,76,37,2,15,90,7,76,1.39E-10,60.5
Q9NVJ2,P61586,26,146,88,5,22,156,7,143,3.18E-07,45.8
Q9NVJ2,Q15382,22.4,116,87,1,22,134,8,123,4.84E-06,42.4
Q9NVP1,Q92841,32.5,354,233,5,191,541,183,533,2.30E-48,178
Q9NVP1,P38919,29.7,360,241,7,186,543,45,394,1.65E-46,167
Q9NVP1,O00571,34.4,340,198,8,199,518,200,534,3.38E-45,168
Q9NVP1,Q86XP3,31.9,383,238,6,166,537,239,609,2.15E-44,168
Q9NVP1,Q92499,25.4,338,186,9,241,518,277,608,4.08E-19,89
Q9NVP2,Q9Y294,70.6,204,58,1,1,202,1,204,5.82E-103,293
Q9NW13,P09651,28,157,93,5,6,161,16,153,1.62E-06,48.1
Q9NW15,Q9NQ90,25.4,393,235,9,239,577,437,825,5.87E-21,95.1
Q9NW15,Q5XXA6,24.4,242,152,5,364,577,570,808,1.10E-15,78.2
Q9NWZ5,Q9BZX2,52.1,211,94,2,97,300,19,229,3.95E-72,228
Q9NX02,Q96P20,32.9,1068,635,17,11,1043,10,1030,7.78E-154,481
Q9NXF8,Q9UIJ5,29.4,194,111,7,109,286,99,282,6.13E-20,86.3
Q9NXF8,Q5W0Z9,28.7,230,133,6,52,257,25,247,1.33E-18,82.4
Q9NXL9,P33991,32.5,576,331,18,54,592,203,757,1.61E-62,227
Q9NXR8,Q9H160,72.4,58,16,0,349,406,201,258,1.02E-29,114
Q9NXW2,P31689,51.5,101,37,3,111,211,7,95,1.74E-22,95.1
Q9NY28,Q8IUC8,37.2,478,250,12,137,572,71,540,1.18E-91,291
Q9NY28,Q10472,38.1,423,246,10,137,551,72,486,5.94E-88,282
Q9NY28,Q8NCL4,36.8,506,250,18,134,582,129,621,9.57E-82,267
Q9NY28,Q10471,34.5,498,288,17,138,623,93,564,1.19E-79,260
Q9NY28,Q14435,38.1,433,231,14,131,536,132,554,3.72E-77,255
Q9NY28,Q96FL9,38.2,380,214,9,138,511,68,432,6.47E-75,247
Q9NY28,Q86SR1,30.6,510,303,14,144,627,108,592,1.51E-73,245
Q9NY65,P07437,39.8,447,251,3,1,443,1,433,3.82E-123,363
Q9NY65,Q13509,39.9,449,252,3,1,445,1,435,7.44E-122,360
Q9NY93,P26196,30.3,403,233,8,9,407,98,456,4.52E-46,166
Q9NY93,P60842,29.2,394,239,7,9,401,34,388,9.09E-44,157
Q9NY93,Q14240,29.3,393,240,6,9,401,35,389,1.23E-42,154
Q9NY93,O00571,30.2,377,216,9,27,388,200,544,3.22E-31,125
Q9NY93,Q92499,49.2,61,31,0,9,69,4,64,4.57E-12,65.9
Q9NY97,Q9Y2A9,41.3,303,168,5,103,397,65,365,1.54E-74,234
Q9NY99,P78352,28.4,197,112,6,40,209,106,300,4.46E-09,56.2
Q9NYB5,Q9NPD5,47.2,652,332,5,26,671,9,654,5.14E-216,619
Q9NYB5,Q9Y6L6,46.6,646,335,5,30,671,15,654,7.45E-213,611
Q9NYB5,O94956,32,647,399,13,42,666,48,675,1.90E-107,340
Q9NYF8,Q9Y2W1,53,413,163,9,512,902,535,938,9.98E-55,202
Q9NYG2,Q9UIJ5,33,182,101,5,106,273,99,273,2.57E-22,92.8
Q9NYG2,Q5W0Z9,43,114,51,2,129,242,128,227,1.15E-18,82.4
Q9NYI0,O43739,38.1,155,95,1,588,742,101,254,2.29E-26,110
Q9NYI0,Q99418,34.8,155,100,1,588,742,96,249,2.01E-23,101
Q9NYL5,Q16850,23.9,464,314,13,25,468,63,507,6.85E-27,110
Q9NYL5,P08684,26.6,229,148,5,253,468,275,496,2.96E-17,81.3
Q9NYL5,P20815,24.7,227,154,4,253,468,275,495,1.64E-16,79
Q9NYM4,P49683,36.1,299,176,6,70,360,59,350,1.15E-44,156
Q9NYM4,P25103,33.6,295,179,5,77,363,38,323,1.82E-43,154
Q9NYM4,P29371,33.2,298,184,5,72,363,86,374,5.18E-42,151
Q9NYM4,P49146,34.3,297,183,6,70,361,49,338,5.63E-42,149
Q9NYM4,Q9Y5X5,31.4,322,201,6,68,371,144,463,4.42E-41,150
Q9NYM4,Q9GZQ6,32.1,315,192,7,70,366,42,352,2.49E-37,138
Q9NYM4,P21452,30.9,307,202,3,72,373,34,335,3.71E-36,134
Q9NYM4,P50391,33.2,310,186,7,70,365,40,342,1.72E-35,132
Q9NYM4,O43614,29.5,332,188,8,73,363,56,382,3.83E-35,132
Q9NYM4,Q96P65,25.5,310,210,6,71,363,45,350,2.34E-31,121
Q9NYM4,O43613,27.9,333,194,7,73,363,48,376,1.16E-28,114
Q9NYM4,P32238,24.2,359,210,6,68,369,41,394,1.91E-23,99
Q9NYM4,P48039,28,293,188,8,80,363,36,314,7.26E-23,96.3
Q9NYM4,P35346,27.3,348,219,11,71,406,39,364,2.92E-22,94.7
Q9NYM4,P48145,28,300,184,8,76,361,42,323,1.19E-21,92.4
Q9NYM4,P49286,26.2,301,196,8,68,360,41,323,9.08E-20,87.4
Q9NYM4,P51679,27.6,301,181,12,78,364,46,323,6.31E-17,79
Q9NYM4,P30556,29.8,191,129,2,78,266,35,222,1.52E-16,77.8
Q9NYM4,P25025,25.3,320,202,10,71,374,48,346,1.53E-16,77.8
Q9NYM4,P25024,26.3,304,192,10,71,362,39,322,1.90E-16,77.4
Q9NYM4,P35348,28.2,195,125,5,71,262,25,207,1.06E-12,66.6
Q9NYM4,P25101,23.2,246,160,5,81,309,90,323,4.00E-12,64.7
Q9NYM4,P35368,25.8,155,109,2,54,202,24,178,3.52E-11,62
Q9NYM4,Q13639,23.6,309,203,10,71,353,19,320,4.63E-11,61.2
Q9NYM4,P25100,33.1,118,77,1,82,197,107,224,8.76E-11,60.8
Q9NYR8,P14061,46.9,286,147,5,4,286,2,285,2.21E-69,216
Q9NYR8,Q9BPW9,31,187,114,7,6,186,30,207,1.50E-17,79
Q9NYR9,P62834,29.6,135,92,2,6,140,5,136,6.00E-12,58.9
Q9NYS0,Q15382,27,159,113,2,3,161,5,160,6.22E-13,61.6
Q9NYS0,P20340,31.4,153,86,6,6,150,15,156,2.65E-09,52
Q9NYW0,Q9NYW1,40.7,307,169,4,5,302,5,307,1.36E-62,198
Q9NYW0,Q9NYV8,39.8,299,163,7,4,292,4,295,1.31E-50,167
Q9NYW0,P59538,37.9,293,176,4,8,296,8,298,2.11E-46,156
Q9NYW0,P59536,28.7,293,181,6,17,292,17,298,1.56E-19,84.3
Q9NYW4,Q9NYW7,29.6,307,195,4,1,294,1,299,1.21E-25,100
Q9NYZ4,Q9Y286,70.8,476,130,3,2,477,1,467,4.20E-226,627
Q9NZ71,P18074,25.4,775,458,19,3,732,2,701,3.90E-52,194
Q9NZ94,P22303,32.8,652,341,16,5,636,1,575,2.81E-93,303
Q9NZ94,P06276,32.4,621,322,15,27,629,15,555,1.18E-88,290
Q9NZ94,P23141,32.9,611,301,16,42,627,24,550,1.01E-82,273
Q9NZ94,O00748,32.2,611,319,16,29,629,18,543,2.22E-81,270
Q9NZ94,P19835,32.5,627,312,15,22,626,4,541,3.83E-77,263
Q9NZC4,P11308,26.3,278,151,10,47,288,131,390,2.39E-19,85.1
Q9NZC4,P41212,41.5,82,47,1,209,290,341,421,4.51E-18,81.3
Q9NZC4,P50549,39,100,58,3,190,288,317,414,2.51E-15,73.2
Q9NZC7,P56937,27.6,279,149,7,125,361,3,270,1.14E-17,80.9
Q9NZH6,P18510,29.3,140,88,6,53,191,31,160,1.13E-10,55.8
Q9NZI2,P62166,45.6,182,99,0,46,227,9,190,1.35E-56,176
Q9NZM1,P17252,28.8,80,52,1,390,464,187,266,3.31E-06,49.3
Q9NZM3,Q92888,26.9,349,240,7,1199,1535,406,751,5.08E-25,110
Q9NZM3,Q9H4M9,42.9,91,51,1,16,106,439,528,3.41E-15,77.8
Q9NZM3,P42566,42.1,95,54,1,238,332,122,215,2.87E-14,75.5
Q9NZM3,P09769,42.9,63,33,2,1133,1193,83,144,2.78E-10,62
Q9NZM3,P12931,38.5,78,45,2,1118,1193,75,151,2.82E-10,62
Q9NZM3,P06241,42.9,63,33,2,1133,1193,88,149,2.82E-10,62
Q9NZM3,P16333,26.6,203,82,8,756,954,111,250,9.12E-09,56.6
Q9NZN1,P14778,29.2,524,323,19,73,573,54,552,4.72E-53,189
Q9NZN3,Q9H4M9,86.5,532,72,0,1,532,1,532,0,928
Q9NZN3,P42566,51,96,46,1,439,533,122,217,3.99E-22,97.8
Q9NZN4,Q9H4M9,70.3,539,155,1,1,539,1,534,8.35E-280,768
Q9NZN4,P42566,52,98,46,1,441,537,119,216,1.06E-23,102
Q9NZN5,Q92888,39.3,793,422,13,350,1135,23,763,9.37E-149,476
Q9NZP8,P00736,35.9,702,207,6,24,483,1,701,3.39E-140,417
Q9NZP8,Q8IU80,32.2,245,147,10,246,483,578,810,5.63E-29,118
Q9NZP8,P03951,31,248,139,11,246,479,389,618,1.49E-23,101
Q9NZP8,P08311,29.7,249,136,9,246,483,22,242,8.52E-17,77.4
Q9NZR2,O75581,31.7,1307,820,32,1262,2542,23,1282,9.41E-119,415
Q9NZR2,P01130,32,413,261,11,2923,3320,311,718,3.03E-35,145
Q9NZT1,P0DP23,47.8,46,24,0,1,46,1,46,6.93E-09,48.9
Q9NZV8,Q9UK17,73.6,660,139,7,1,630,1,655,0,909
Q9NZV8,Q14721,37.2,435,243,7,28,440,18,444,4.55E-74,251
Q9NZV8,P22001,37.3,418,216,10,28,415,88,489,2.80E-69,233
Q9NZV8,P22459,38,408,202,9,43,415,178,569,9.77E-69,233
Q9NZV8,P16389,36.9,401,209,6,43,415,35,419,1.91E-68,228
Q9NZV8,Q09470,37,395,211,7,43,415,39,417,2.41E-68,228
Q9NZV8,P22460,36.4,420,204,7,43,415,122,525,4.41E-66,225
Q9NZV8,P17658,35.2,438,206,8,43,415,43,467,5.54E-63,214
Q9P0K1,Q9BZ11,31.3,655,382,20,87,711,64,680,6.25E-97,320
Q9P0K1,P78325,29.7,660,383,22,73,711,41,640,6.83E-82,279
Q9P0K8,Q08050,55.1,78,31,2,66,142,236,310,2.04E-18,86.3
Q9P0K8,O43524,48.4,91,38,3,70,155,161,247,5.25E-17,81.6
Q9P0K8,Q12778,50,78,32,2,70,142,164,239,3.62E-16,79
Q9P0L9,Q9HCX4,30.3,142,81,3,443,570,545,682,1.19E-06,49.3
Q9P0U4,Q12830,34.3,67,43,1,17,82,2858,2924,6.97E-10,59.7
Q9P0U4,Q8NHM5,47.8,46,23,1,163,208,607,651,6.66E-06,46.6
Q9P0V9,Q9UHD8,42.8,292,159,4,45,329,277,567,7.02E-76,245
Q9P107,P52757,32.7,275,157,6,492,757,213,468,3.48E-33,131
Q9P202,Q5TCQ9,35.2,88,52,3,141,225,1022,1107,2.32E-07,52
Q9P212,P19174,45.5,224,111,4,1324,1542,249,466,3.63E-48,187
Q9P212,P16885,46.7,214,107,4,1332,1542,249,458,3.09E-47,184
Q9P212,P51178,43.5,216,116,3,1328,1542,232,442,1.29E-39,157
Q9P212,Q8IV61,23.4,188,113,5,532,716,153,312,3.27E-07,52.8
Q9P218,P20701,28.7,136,93,2,179,314,156,287,1.74E-10,62.8
Q9P232,Q9UDY8,27,178,105,7,133,303,137,296,1.22E-06,49.7
Q9P275,Q6R6M4,51.9,337,155,2,86,422,45,374,5.02E-114,362
Q9P275,O75604,31.9,332,191,11,122,420,267,596,1.93E-38,150
Q9P275,Q9UK80,28.7,355,184,10,123,420,213,555,7.98E-31,126
Q9P275,Q13107,26.6,199,106,7,123,289,303,493,2.70E-11,65.1
Q9P275,P54578,21,276,187,8,102,351,85,355,5.62E-06,47.4
Q9P296,P21730,38.7,341,189,5,4,327,2,339,2.42E-69,218
Q9P296,Q99788,30.5,318,190,8,5,296,9,321,2.87E-35,129
Q9P296,Q16581,40.2,169,93,3,32,197,20,183,6.54E-33,124
Q9P296,Q9Y5Y4,32.2,283,172,5,37,301,34,314,7.55E-32,120
Q9P296,P49682,32.5,311,186,9,1,295,20,322,2.16E-27,107
Q9P296,Q15722,28.1,288,186,8,29,300,12,294,1.78E-18,82.4
Q9P296,P32248,27.5,276,170,9,41,295,64,330,2.34E-14,70.5
Q9P2D1,Q14839,39.5,849,398,24,825,1584,542,1363,4.23E-147,506
Q9P2D1,P51531,42.4,498,249,10,965,1441,721,1201,4.54E-102,362
Q9P2D1,P51532,43,498,246,10,965,1441,751,1231,4.90E-101,359
Q9P2E2,O15066,62.9,364,134,1,2,364,6,369,3.32E-144,446
Q9P2E2,Q9Y496,63,357,131,1,6,361,15,371,2.98E-140,434
Q9P2E2,P52732,46.2,370,183,7,6,361,19,386,7.32E-86,296
Q9P2E2,O60333,45.8,391,183,7,1,367,1,386,2.76E-79,281
Q9P2E2,Q9NS87,45.1,401,177,12,4,384,25,402,6.70E-78,276
Q9P2E2,Q12840,43.8,377,194,7,5,379,9,369,3.47E-71,254
Q9P2E2,O60282,46,341,167,6,5,342,8,334,1.00E-70,251
Q9P2E2,Q7Z4S6,40.8,395,188,7,5,360,9,396,2.14E-70,254
Q9P2E2,Q02224,43.2,368,190,9,1,361,1,356,7.18E-70,253
Q9P2E2,Q15058,42.2,377,191,9,6,362,359,728,2.79E-69,251
Q9P2E2,P33176,45.6,338,169,6,6,342,9,332,1.35E-68,245
Q9P2E2,Q9BW19,41.3,303,156,10,45,331,363,659,6.18E-48,179
Q9P2E2,Q99661,36.2,340,193,10,8,335,261,588,1.17E-42,164
Q9P2E2,Q02241,33.9,254,142,5,102,329,177,430,3.47E-31,129
Q9P2G9,Q05516,26.5,98,67,1,64,161,31,123,6.93E-06,46.2
Q9P2H5,Q9UK80,31,197,103,6,438,601,209,405,2.52E-12,67.8
Q9P2H5,Q96K76,26.3,194,117,4,414,602,161,333,2.64E-11,65.1
Q9P2H5,O75604,29.6,189,104,6,434,598,260,443,2.58E-09,58.2
Q9P2H5,Q9Y2K6,35.6,104,60,3,439,535,143,246,8.15E-08,53.5
Q9P2H5,P40818,30.5,187,106,7,442,606,778,962,2.23E-06,48.9
Q9P2J3,Q14145,26.9,398,279,7,14,406,40,430,1.39E-42,159
Q9P2M7,P35579,40,110,61,2,1009,1113,1769,1878,7.68E-07,50.8
Q9P2N4,Q9UHI8,39.8,888,486,21,101,965,77,938,7.64E-210,649
Q9P2N4,O75173,45.1,601,313,10,283,871,208,803,7.97E-173,545
Q9P2N4,Q9UNA0,38.6,795,428,13,149,904,129,902,2.05E-166,531
Q9P2N4,O43184,27.9,409,228,15,101,502,71,419,3.61E-23,104
Q9P2N4,Q76LX8,28.4,261,147,13,1509,1733,695,951,6.94E-14,74.7
Q9P2N7,Q14145,26.6,398,281,6,66,459,51,441,4.47E-41,155
Q9P2P5,P46934,36.4,775,420,17,803,1569,606,1315,6.00E-131,438
Q9P2P5,Q9HCE7,47.9,390,191,6,1189,1572,374,757,1.61E-105,352
Q9P2P5,Q5TCQ9,39.3,61,35,2,967,1025,273,333,4.51E-07,52
Q9P2P6,O60333,37.9,686,294,12,2,593,4,651,6.98E-109,386
Q9P2P6,Q15058,39.1,617,296,12,2,598,357,913,6.53E-103,366
Q9P2P6,O15066,38.7,421,188,12,3,413,9,369,7.46E-59,217
Q9P2P6,Q9Y496,39,418,185,11,3,410,14,371,8.33E-59,216
Q9P2P6,P52732,36,464,220,14,3,445,18,425,1.15E-53,205
Q9P2P6,Q9NS87,36.4,418,199,11,4,410,27,388,1.42E-49,193
Q9P2P6,Q7Z4S6,34.4,453,202,13,2,416,8,403,4.77E-48,188
Q9P2P6,P33176,33.7,395,186,10,3,391,8,332,7.80E-44,173
Q9P2P6,Q12840,33.2,395,189,10,3,391,9,334,1.57E-42,169
Q9P2P6,O60282,32.9,395,191,9,3,391,8,334,3.67E-42,167
Q9P2P6,Q02224,33.2,461,221,17,4,445,7,399,1.15E-40,164
Q9P2P6,Q9BW19,34.3,335,151,9,71,385,379,664,1.92E-36,147
Q9P2P6,Q99661,32,391,191,10,6,384,261,588,2.50E-33,138
Q9P2R3,Q9UM47,31.8,129,87,1,768,896,1837,1964,3.52E-13,71.6
Q9P2U7,Q9NRA2,40.7,454,246,5,62,498,39,486,1.42E-117,354
Q9P2U8,Q9NRA2,41.8,466,244,7,57,506,32,486,3.59E-121,364
Q9UBC2,P42566,57.7,411,121,2,11,420,11,369,6.88E-145,448
Q9UBC2,Q9H4M9,46.9,98,51,1,118,215,436,532,6.01E-21,94.7
Q9UBC5,Q9UKN7,38.3,736,415,15,6,726,1220,1931,2.69E-138,458
Q9UBC5,P35580,37.4,732,416,11,10,714,87,803,1.52E-127,425
Q9UBC5,Q7Z406,36.6,762,431,14,11,744,108,845,6.62E-126,421
Q9UBC5,P35579,36.2,729,426,10,10,714,83,796,2.29E-122,410
Q9UBC5,Q9UKX2,35.8,738,432,12,10,720,88,810,1.80E-119,402
Q9UBC5,Q8WXR4,33.8,781,431,18,11,732,346,1099,1.91E-111,373
Q9UBC5,Q8NEV4,32,794,458,19,2,738,332,1100,9.29E-108,366
Q9UBF9,Q15746,28.7,188,126,3,250,435,414,595,6.52E-20,90.9
Q9UBG0,P22897,34.6,1482,888,41,33,1476,14,1452,5.57E-280,837
Q9UBG0,P06734,38.2,136,79,4,382,516,163,294,6.81E-21,92.8
Q9UBG0,P14780,41.1,73,43,0,161,233,262,334,1.34E-15,79.3
Q9UBG0,P08253,44.1,59,33,0,171,229,275,333,3.75E-15,77.8
Q9UBH0,P18510,49.3,148,62,4,9,153,38,175,6.47E-38,125
Q9UBI4,P22307,31.9,91,56,3,304,391,449,536,8.98E-09,54.3
Q9UBK8,P29474,27.6,714,420,21,6,697,522,1160,2.08E-49,184
Q9UBK8,P29475,26.7,719,420,22,6,697,762,1400,7.66E-49,182
Q9UBK8,P35228,30.6,435,270,10,265,697,724,1128,2.81E-47,177
Q9UBN6,O00220,42.4,443,156,8,5,384,60,466,5.68E-77,243
Q9UBP0,P55072,36.1,296,165,8,329,604,464,755,1.33E-39,152
Q9UBP0,P43686,34.7,242,149,5,328,563,151,389,2.04E-34,132
Q9UBP5,Q14469,43.4,129,67,3,40,166,28,152,9.68E-21,87.8
Q9UBQ7,P56545,27.1,258,182,4,75,327,98,354,4.95E-18,81.6
Q9UBR4,P53667,35.7,115,73,1,27,141,21,134,8.21E-22,94.7
Q9UBS3,P31689,50,80,38,1,26,105,6,83,9.78E-18,78.2
Q9UBS4,P31689,36.6,336,168,10,26,328,7,330,2.37E-51,173
Q9UBT2,Q8TBC4,45.5,198,89,4,19,199,71,266,2.56E-43,159
Q9UBT2,P22314,31.1,479,250,20,10,419,461,928,3.57E-38,149
Q9UBT2,P41226,29.8,443,252,13,21,408,436,874,3.04E-30,124
Q9UBT3,O94907,38.8,188,100,5,41,220,85,265,1.24E-35,124
Q9UBV2,P08253,49.3,69,32,1,103,168,322,390,5.13E-16,79.3
Q9UBV2,P14780,62.3,53,20,0,116,168,336,388,9.48E-16,78.6
Q9UBV2,P02751,53.1,49,23,0,120,168,413,461,4.01E-12,67.4
Q9UBV4,P56704,43.6,328,159,7,47,365,42,352,5.49E-91,274
Q9UBV4,P56703,43.2,331,164,6,43,365,41,355,5.45E-89,269
Q9UBV7,P15291,34.9,209,127,4,91,294,174,378,6.62E-34,125
Q9UBX3,O43772,23.3,287,205,7,13,287,17,300,4.58E-09,53.5
Q9UBX7,O60259,51.5,227,108,2,51,277,30,254,2.39E-90,266
Q9UBX7,Q9UKR3,48.2,257,122,2,35,280,7,263,2.39E-89,264
Q9UBX7,Q9Y337,50.6,233,108,4,52,282,65,292,1.11E-83,250
Q9UBX7,Q9P0G3,46.9,258,130,3,27,281,13,266,3.17E-82,246
Q9UBX7,Q92876,43.1,248,135,2,33,280,1,242,3.40E-76,229
Q9UBX7,P20151,43.4,256,134,2,38,282,5,260,4.13E-76,230
Q9UBX7,P06870,42,257,137,3,38,282,5,261,1.27E-72,221
Q9UBX7,P49862,43.2,250,133,3,36,282,9,252,1.91E-72,220
Q9UBX7,P07288,39.5,256,144,2,38,282,5,260,5.60E-71,217
Q9UBX7,P35030,44.4,232,123,3,51,282,78,303,4.23E-67,208
Q9UBX7,P07478,42.8,250,134,4,36,282,3,246,1.38E-65,202
Q9UBX7,P04070,33.5,242,139,7,51,275,209,445,1.47E-40,143
Q9UBX7,O60235,34.6,243,131,8,51,277,184,414,4.06E-37,133
Q9UBX7,P05981,34.8,253,135,9,53,282,162,407,4.04E-36,130
Q9UBX7,P03951,36.3,240,132,9,53,277,387,620,2.27E-35,131
Q9UBX7,P20231,33.6,277,138,13,35,275,1,267,7.82E-35,124
Q9UBX7,Q9NRR2,33.7,243,129,10,53,276,37,266,7.98E-34,122
Q9UBX7,Q9Y5Y6,34.1,246,137,8,51,277,612,851,1.44E-33,126
Q9UBX7,Q15661,33.2,277,139,13,35,275,1,267,3.18E-33,120
Q9UBX7,P00734,33.6,259,136,11,53,279,363,617,1.17E-32,123
Q9UBX7,Q04756,34.7,245,138,10,53,280,407,646,1.31E-32,123
Q9UBX7,P00748,33.1,248,137,9,52,277,371,611,1.38E-31,120
Q9UBX7,P08246,28.5,253,160,6,36,282,12,249,2.46E-25,99
Q9UBX8,P15291,41.3,283,159,5,94,372,115,394,2.48E-72,228
Q9UDX3,P49638,30.2,242,151,8,7,243,19,247,1.86E-22,93.6
Q9UDY2,P78352,28.1,449,224,18,502,885,304,718,2.31E-26,113
Q9UDY4,P31689,34.6,358,190,9,5,335,7,347,5.42E-50,169
Q9UDY6,O00481,39,164,96,3,307,468,337,498,1.45E-26,109
Q9UEF7,P09848,37.7,995,519,21,42,963,884,1850,1.27E-211,654
Q9UEF7,Q9H227,41.7,480,227,8,61,505,3,464,3.70E-115,360
Q9UEW3,Q96JB6,47.1,104,49,2,421,518,29,132,2.42E-23,101
Q9UFF9,Q9UIV1,76.8,280,65,0,1,280,1,280,4.83E-165,457
Q9UGI9,Q9UGJ0,63.3,316,115,1,169,483,245,560,3.16E-142,417
Q9UGI9,P54619,64.8,298,105,0,183,480,28,325,2.82E-136,394
Q9UGK8,Q8TD19,29.9,281,167,9,39,298,359,630,3.59E-18,84.7
Q9UGM1,P36544,42.5,365,203,4,12,373,9,369,1.24E-100,308
Q9UGM1,P32297,36.1,463,276,7,18,463,24,483,4.65E-98,301
Q9UGM1,P02708,36.2,453,257,7,29,476,22,447,4.47E-95,292
Q9UGM1,P43681,43,321,182,1,32,351,38,358,1.28E-91,288
Q9UGM1,P17787,33.8,441,268,7,42,468,42,472,7.29E-81,257
Q9UGM1,Q07001,31.7,451,288,5,32,462,26,476,2.11E-70,230
Q9UGM1,Q04844,34.3,329,204,4,33,349,26,354,3.38E-63,210
Q9UGM1,P46098,29.3,441,291,8,33,467,36,461,1.11E-57,195
Q9UGM1,O95264,28.2,294,203,4,34,322,35,325,7.77E-37,138
Q9UGM3,Q96JB6,35.3,555,264,17,102,605,32,542,1.32E-78,275
Q9UGM3,Q9Y4K0,35,514,266,13,1261,1742,69,546,3.30E-71,253
Q9UGM3,O43897,29,393,225,13,1766,2116,349,729,1.12E-37,152
Q9UGM3,Q9Y6L7,29.4,391,226,13,1766,2116,351,731,8.98E-36,146
Q9UGM3,P13497,27.7,386,239,11,1766,2116,322,702,1.53E-33,139
Q9UGM3,P21757,46.4,112,56,1,226,333,338,449,3.06E-25,108
Q9UGM3,Q9Y5Y6,41.1,141,62,5,1989,2121,324,451,1.82E-18,89.7
Q9UGM3,P48740,31.6,117,69,6,1766,1876,185,296,2.01E-07,53.5
Q9UGP8,P31689,43.9,66,36,1,101,165,3,68,1.19E-09,58.2
Q9UGQ3,Q9NY64,43.7,481,243,9,24,498,16,474,6.07E-112,337
Q9UGQ3,P14672,28.8,503,296,14,24,498,15,483,9.60E-38,142
Q9UGQ3,P11166,28.7,492,292,15,37,501,11,470,1.44E-37,141
Q9UGQ3,P11168,30,426,247,13,93,498,105,499,6.82E-34,131
Q9UGQ3,P11169,26,488,302,13,38,498,10,465,3.05E-29,117
Q9UGQ3,P22732,27.9,430,263,12,86,498,76,475,2.61E-28,115
Q9UGR2,Q02790,33.7,86,54,1,43,125,277,362,2.18E-07,51.6
Q9UH03,Q9UHD8,73.6,292,76,1,40,331,277,567,2.75E-156,449
Q9UH17,Q9HC16,56.6,387,160,5,1,382,1,384,4.12E-154,437
Q9UH17,P31941,88.6,193,19,1,190,382,10,199,1.43E-126,360
Q9UHB4,P29474,28.4,655,383,22,8,594,522,1158,1.31E-50,186
Q9UHB4,P35228,28.6,623,378,24,5,594,538,1126,1.82E-49,182
Q9UHB4,P29475,27.1,658,388,20,8,594,762,1398,3.80E-49,181
Q9UHC6,O14786,35.1,114,68,2,73,182,314,425,2.43E-15,78.6
Q9UHC6,Q16832,25.4,236,157,8,13,235,13,242,1.05E-13,73.2
Q9UHF1,P13497,53.3,45,21,0,136,180,702,746,4.12E-07,48.1
Q9UHF1,O43897,61.8,34,13,0,136,169,729,762,5.51E-07,47.8
Q9UHI5,Q01650,54.9,474,212,2,21,494,32,503,4.88E-183,521
Q9UHI5,Q9UPY5,45.8,461,247,2,34,494,38,495,2.55E-139,409
Q9UHI6,P38919,35.7,370,227,5,44,412,21,380,2.87E-67,226
Q9UHI6,O00148,34.4,390,245,4,54,440,36,417,6.07E-67,226
Q9UHI6,P26196,33.8,396,250,5,50,444,84,468,6.36E-65,222
Q9UHI6,O00571,26.8,388,250,8,49,412,167,544,2.21E-34,137
Q9UHL0,P38919,38.4,378,215,7,98,470,39,403,1.30E-85,266
Q9UHL0,P60842,40.6,387,211,8,96,475,31,405,2.23E-85,266
Q9UHL0,Q14240,39.2,380,214,7,96,470,32,399,1.55E-82,258
Q9UHL0,P26196,35.4,373,226,7,99,468,98,458,2.84E-64,213
Q9UHL0,O00571,31,381,213,13,96,444,179,541,1.06E-39,149
Q9UHM6,P0DMS8,28.7,293,193,7,69,358,11,290,4.55E-16,76.3
Q9UHM6,P47211,25.5,294,199,6,79,367,42,320,6.06E-16,76.3
Q9UHM6,Q92847,27.9,294,184,8,82,361,55,334,1.66E-15,75.1
Q9UHM6,Q969V1,24.3,292,211,5,73,363,37,319,1.88E-14,71.6
Q9UHM6,Q9Y5X5,24.8,339,210,11,85,399,162,479,7.02E-14,70.9
Q9UHM6,P29274,24.8,399,251,12,75,449,11,384,2.84E-13,68.6
Q9UHM6,P29275,26.7,322,179,10,78,367,15,311,4.37E-13,67.4
Q9UHM6,Q96RJ0,22.3,314,215,6,67,365,20,319,1.96E-12,65.5
Q9UHM6,Q9Y5N1,32.6,138,87,2,85,216,49,186,2.32E-12,65.9
Q9UHM6,O43193,26.2,149,104,1,57,199,19,167,3.59E-11,62
Q9UHM6,Q13304,26.8,190,129,5,78,264,67,249,8.78E-08,51.2
Q9UHP7,Q07108,38,150,87,2,42,186,48,196,1.02E-37,126
Q9UHP7,P06734,30.9,123,73,6,75,186,163,284,4.22E-15,69.3
Q9UHX1,Q15717,28.9,90,61,1,216,302,7,96,2.35E-09,56.2
Q9UHY1,Q9BYP7,33.7,291,175,8,52,335,134,413,5.62E-35,137
Q9UHY1,Q9Y3S1,35.1,251,148,7,81,324,208,450,1.51E-32,130
Q9UHY1,Q9H4A3,34.3,251,150,7,81,324,234,476,8.82E-31,125
Q9UI38,Q16651,34.5,238,146,4,119,353,51,281,2.50E-46,159
Q9UI38,P05981,34.8,244,140,6,123,358,173,405,9.65E-41,146
Q9UI38,P03952,34.4,244,126,9,124,355,402,623,2.84E-39,145
Q9UI38,Q9NRR2,31.6,237,145,5,119,353,44,265,2.08E-36,132
Q9UI38,P03951,32.1,243,143,6,119,355,394,620,2.63E-34,131
Q9UI38,O15393,27.5,265,157,8,103,354,243,485,1.42E-32,125
Q9UI38,Q99895,32.4,244,141,9,118,353,35,262,1.72E-28,109
Q9UI38,P04070,30.9,259,141,9,111,353,209,445,4.61E-26,106
Q9UI42,P15085,54.4,421,190,2,1,421,1,419,9.80E-169,477
Q9UI42,P15086,41,424,233,6,4,421,5,417,8.29E-108,322
Q9UI42,P15088,38,421,247,5,1,416,1,412,4.91E-95,289
Q9UI42,Q96IY4,39.2,362,213,5,62,420,66,423,2.91E-79,248
Q9UIA0,O43739,72.9,388,104,1,8,394,13,400,9.03E-215,592
Q9UIA0,Q99418,69.4,389,118,1,7,394,7,395,5.20E-207,572
Q9UIG0,Q9NRL2,26.7,438,247,14,884,1253,786,1217,8.11E-27,116
Q9UIG0,Q9UIF9,26.7,285,149,4,1152,1425,1644,1879,2.58E-24,108
Q9UIG0,Q96T88,46.8,47,24,1,1187,1232,318,364,6.16E-09,57.8
Q9UIG8,Q9NPD5,34.6,651,397,11,23,653,11,652,6.47E-120,372
Q9UIG8,Q9Y6L6,34.8,658,386,14,22,653,12,652,1.20E-116,363
Q9UIG8,O94956,33.7,650,387,12,34,653,43,678,5.34E-116,362
Q9UIH9,Q13118,68.6,35,11,0,318,352,366,400,1.67E-09,56.6
Q9UII4,Q8TD19,29.1,230,148,3,122,337,410,638,4.00E-22,100
Q9UII4,Q86SG6,26.6,252,160,6,88,314,434,685,1.53E-16,81.6
Q9UII6,Q9BV47,53.4,161,72,2,31,191,48,205,9.01E-52,163
Q9UII6,P51452,47.3,150,77,1,47,194,31,180,6.16E-38,127
Q9UII6,Q13115,36.6,145,83,4,48,191,198,334,1.85E-17,76.6
Q9UII6,O95147,38.2,152,84,5,46,195,27,170,4.51E-17,73.2
Q9UII6,P28562,36.8,155,84,5,48,196,176,322,5.14E-16,72.4
Q9UII6,Q9NRW4,32.2,146,89,4,44,188,3,139,1.36E-14,66.2
Q9UII6,Q9Y6W6,35,140,78,5,49,184,325,455,8.31E-12,60.5
Q9UII6,Q76I76,30.9,139,87,5,48,185,310,440,2.83E-10,56.2
Q9UII6,Q9H1R2,28.3,138,89,3,49,185,5,133,2.67E-09,52.8
Q9UIJ7,P27144,59.7,221,88,1,4,223,2,222,1.45E-95,276
Q9UIJ7,P54819,44.5,200,105,2,8,201,16,215,3.83E-54,171
Q9UIL4,P52732,32,338,175,9,32,363,71,359,2.15E-36,138
Q9UIL4,Q9BW19,31.2,372,192,8,8,368,350,668,1.27E-34,132
Q9UIL4,Q9Y496,31.5,336,170,9,32,363,66,345,1.78E-32,126
Q9UIL4,O15066,30.8,321,166,6,48,367,79,344,2.64E-32,125
Q9UIL4,Q7Z4S6,31.2,330,182,8,49,363,72,371,1.22E-31,124
Q9UIL4,P33176,30.1,336,172,7,31,363,50,325,1.39E-31,124
Q9UIL4,Q15058,30.9,337,168,10,38,363,419,701,9.91E-31,121
Q9UIL4,O60333,29.6,341,170,6,38,363,69,354,1.36E-30,121
Q9UIL4,O60282,31.5,337,167,10,31,363,51,327,2.76E-30,120
Q9UIL4,Q9NS87,31,336,169,8,38,363,81,363,1.40E-29,118
Q9UIL4,Q12840,30.6,337,170,10,31,363,51,327,7.60E-29,115
Q9UIL4,Q02224,29.7,340,179,8,31,367,51,333,6.06E-27,110
Q9UIL8,Q03164,36,125,58,5,41,159,1869,1977,1.57E-14,72
Q9UIV8,P05121,27.4,390,257,8,7,391,34,402,4.33E-40,144
Q9UIX4,Q14721,40.5,435,238,6,51,482,19,435,4.12E-106,333
Q9UIX4,Q9UK17,32.9,432,244,9,58,483,31,422,6.64E-61,209
Q9UIX4,P22459,33,461,237,13,46,475,156,575,1.12E-56,197
Q9UIX4,P16389,29.7,435,248,7,64,479,34,429,5.34E-55,189
Q9UIX4,Q09470,31.3,418,233,8,64,467,38,415,1.32E-54,188
Q9UIX4,P22001,31.4,439,234,10,64,479,105,499,2.13E-53,187
Q9UIX4,P22460,28.8,458,249,9,64,483,121,539,6.57E-46,167
Q9UIX4,P17658,28.8,466,245,9,64,475,42,474,1.33E-44,162
Q9UJ37,Q11203,27.1,277,168,11,102,369,117,368,1.96E-17,80.1
Q9UJ96,Q14721,39.2,406,237,5,16,419,30,427,8.01E-88,283
Q9UJ96,Q9UK17,31.1,428,256,8,3,423,26,421,2.45E-53,187
Q9UJ96,P22001,30.8,426,221,10,18,412,105,487,7.51E-45,162
Q9UJ96,Q09470,29.6,422,246,10,18,422,38,425,5.89E-44,158
Q9UJ96,P22459,29.2,452,252,12,5,421,158,576,8.63E-44,160
Q9UJ96,P16389,29.3,437,234,11,18,422,34,427,7.90E-42,152
Q9UJ96,P22460,29.6,443,237,13,13,412,113,523,1.85E-39,147
Q9UJ96,P17658,25.9,475,243,10,16,421,40,474,1.02E-33,130
Q9UJA3,P33991,30.6,650,395,11,194,834,258,860,1.53E-81,277
Q9UJA9,O14638,34.5,388,239,6,26,399,157,543,1.47E-72,243
Q9UJA9,P22413,35,386,235,6,31,401,213,597,3.62E-72,243
Q9UJA9,Q13822,29.9,391,236,9,30,401,166,537,5.40E-52,186
Q9UJD0,O00750,34.1,123,75,3,158,276,1506,1626,3.37E-14,70.5
Q9UJD0,O00443,28.5,123,81,3,158,276,1561,1680,4.71E-08,51.6
Q9UJM3,Q07912,36.6,309,145,10,127,415,603,880,2.04E-28,116
Q9UJS0,P12236,27,281,191,5,335,602,15,294,2.38E-26,107
Q9UJS0,P05141,27.3,271,175,6,335,588,15,280,2.23E-24,101
Q9UJT1,P07437,23.7,455,304,11,3,450,4,422,3.63E-36,135
Q9UJT1,Q13509,24.2,451,307,11,3,450,4,422,1.03E-35,134
Q9UJU5,Q08050,44.8,96,44,4,132,221,222,314,6.19E-17,80.9
Q9UJU5,O43524,43.8,80,38,2,145,219,161,238,3.51E-13,68.9
Q9UJU6,P19174,43.6,55,28,3,375,427,794,847,2.01E-06,47.4
Q9UJV9,O00571,38.7,439,239,8,173,591,172,600,3.07E-90,290
Q9UJV9,Q86XP3,36.8,497,280,8,136,617,208,685,8.29E-84,279
Q9UJV9,Q92841,40,413,230,8,161,566,150,551,4.68E-80,265
Q9UJV9,P38919,33.2,371,229,7,182,549,39,393,3.16E-55,190
Q9UJV9,Q14240,30.9,385,246,8,180,560,32,400,3.98E-55,190
Q9UJV9,P60842,30.4,385,248,8,180,560,31,399,5.27E-53,184
Q9UJV9,P26196,32.1,346,220,6,192,536,107,438,7.81E-47,169
Q9UJV9,Q92499,29,348,183,11,246,536,279,619,2.48E-32,130
Q9UJW2,P07858,29.8,325,190,10,156,465,26,327,1.52E-36,135
Q9UJW3,Q9Y6K1,40.9,342,169,5,35,345,476,815,3.15E-77,253
Q9UJW3,Q9UBC3,38.7,326,170,5,35,330,417,742,7.49E-77,251
Q9UJY1,P04792,41,161,76,4,19,169,17,168,8.27E-30,106
Q9UJY1,P02511,35.2,165,91,5,6,170,1,149,2.76E-17,73.2
Q9UJY1,P02489,37.8,74,46,0,98,171,73,146,2.91E-13,62.4
Q9UK05,P12644,32,403,194,17,59,429,54,408,1.04E-38,141
Q9UK05,P12643,30.1,395,191,14,67,429,55,396,2.99E-37,137
Q9UK53,Q9H160,53,232,99,2,187,418,56,277,5.84E-65,207
Q9UKF2,Q13443,39.3,662,374,16,32,674,34,686,6.14E-157,474
Q9UKF2,O43184,32.8,680,402,21,25,674,46,700,2.22E-108,350
Q9UKF2,Q9BZ11,33.1,634,389,21,66,674,70,693,2.77E-96,315
Q9UKF2,P78325,30.1,661,393,24,34,664,22,643,4.07E-81,274
Q9UKF2,O14672,23.4,364,189,17,227,522,256,597,7.20E-08,53.1
Q9UKF5,Q13443,36.8,687,397,12,2,666,15,686,1.76E-158,479
Q9UKF5,Q9BZ11,29.8,634,404,21,60,666,74,693,9.65E-86,287
Q9UKF5,P78325,29.8,651,388,22,32,653,30,640,2.50E-79,270
Q9UKF5,O14672,32.4,108,63,4,328,426,379,485,1.47E-08,55.5
Q9UKG4,Q86YT5,41.4,611,285,10,20,622,21,566,3.50E-153,451
Q9UKG4,Q13183,40.3,626,317,11,5,625,6,579,8.55E-143,425
Q9UKG4,Q8WWT9,38.2,613,336,8,11,622,15,585,5.12E-138,413
Q9UKJ8,Q13443,38,693,394,15,4,675,9,686,6.88E-169,503
Q9UKJ8,O43184,31.4,733,429,26,20,709,30,731,2.18E-106,342
Q9UKJ8,Q9BZ11,33.5,606,352,20,107,680,112,698,3.96E-97,315
Q9UKJ8,P78325,29.4,745,436,29,17,721,6,700,4.92E-72,248
Q9UKJ8,Q9UNA0,24.2,384,205,20,109,421,130,498,7.68E-09,56.2
Q9UKP4,Q9UHI8,35.7,894,499,33,90,930,84,954,2.83E-144,468
Q9UKP4,Q76LX8,32.8,772,451,26,244,969,82,831,7.22E-99,347
Q9UKP4,O43184,24.2,669,390,34,84,698,72,677,7.68E-24,106
Q9UKP4,P78325,24.5,563,330,25,82,604,59,566,1.68E-19,92.4
Q9UKP5,Q9UHI8,33.5,893,516,28,88,931,77,940,4.16E-152,476
Q9UKP5,O75173,35.9,777,420,25,81,829,77,803,3.62E-130,414
Q9UKP5,Q76LX8,30.5,845,492,32,241,1032,71,873,1.50E-100,345
Q9UKP5,O43184,23.8,673,377,28,76,691,59,652,2.87E-31,129
Q9UKP5,P78325,25.2,524,290,20,84,563,56,521,6.62E-30,125
Q9UKP5,Q13443,23.8,656,375,31,78,688,59,634,1.37E-28,120
Q9UKQ2,P78325,40,690,363,17,25,694,26,684,4.75E-160,482
Q9UKQ2,O43184,36.4,634,357,14,57,657,68,688,1.79E-138,429
Q9UKQ2,Q9BZ11,36.4,624,358,14,61,657,70,681,4.19E-130,404
Q9UKQ2,Q13443,34,652,394,14,25,657,40,674,7.88E-128,398
Q9UKQ2,O14672,21.8,550,330,20,36,509,42,567,3.83E-18,86.3
Q9UKR0,O60259,50.9,234,113,2,13,245,24,256,4.26E-82,244
Q9UKR0,P49862,46,235,119,5,16,248,24,252,1.75E-69,211
Q9UKR0,Q9Y5K2,43.1,239,128,6,6,241,14,247,3.60E-61,190
Q9UKR0,P20151,40.2,256,142,3,3,248,6,260,2.31E-55,176
Q9UKR0,P03952,37.8,254,131,14,9,241,374,621,1.01E-36,134
Q9UKR0,P00750,33.5,275,129,15,13,246,300,561,2.20E-26,104
Q9UKS6,Q02779,38.9,54,29,1,370,419,23,76,4.66E-07,49.3
Q9UKS6,P46108,34,53,34,1,368,420,137,188,9.97E-06,44.3
Q9UKU6,P15144,35.6,905,546,13,136,1017,71,961,2.13E-185,561
Q9UKU6,Q07075,33.8,926,559,20,115,1022,65,954,5.67E-160,494
Q9UKU6,Q6P179,32.6,914,566,14,135,1018,63,956,9.81E-158,488
Q9UKU6,Q9NZ08,30.9,915,572,14,135,1018,48,933,4.67E-151,470
Q9UKU6,Q9UIQ6,32.2,902,556,18,135,1018,162,1025,7.14E-144,454
Q9UKU6,Q9H4A4,24.5,351,235,11,257,598,160,489,2.97E-15,77.4
Q9UKU7,P49748,30.8,380,252,4,41,409,94,473,3.42E-52,182
Q9UKW4,P15498,58.7,849,339,7,1,846,1,840,0,996
Q9UKW4,Q7Z628,27.3,176,114,6,193,361,175,343,2.64E-09,57.8
Q9UKW4,P80192,41.9,62,30,2,786,843,52,111,3.04E-06,48.1
Q9UKW6,P41212,45.1,82,43,2,175,255,341,421,5.64E-16,74.3
Q9UKW6,P11308,41.9,86,45,4,175,259,313,394,5.67E-13,65.5
Q9UKX3,Q9UKX2,82.5,1845,321,2,1,1843,1,1845,0,1664
Q9UKX3,P35580,47.6,892,434,12,27,900,25,901,4.81E-256,803
Q9UKX3,P35579,48.8,884,419,15,34,900,28,894,4.87E-254,797
Q9UKX3,Q7Z406,47.3,848,416,14,68,900,87,918,6.05E-235,746
Q9UKX3,Q9UKN7,36.5,732,428,13,86,808,1222,1925,2.84E-122,428
Q9UKX3,Q8WXR4,32.1,807,476,16,51,813,310,1088,3.90E-107,372
Q9UKX3,Q8NEV4,32.7,785,451,17,88,824,340,1095,4.26E-104,367
Q9UKX5,P56199,38.2,1211,664,21,6,1176,10,1176,9.50E-276,807
Q9UKX5,P17301,35.7,1193,696,25,23,1188,30,1178,3.58E-232,694
Q9UKX5,P20701,29.6,1232,698,52,8,1179,6,1128,1.96E-113,379
Q9UKX5,P13612,28.1,662,401,25,368,1001,199,813,2.02E-52,197
Q9UKX5,P06756,23.7,887,557,29,368,1177,186,1029,8.44E-41,160
Q9UKZ9,O43897,33.2,268,142,5,33,265,462,727,4.85E-43,158
Q9UKZ9,Q9Y6L7,29.9,264,148,6,33,261,620,881,8.33E-38,143
Q9UL18,Q9UKV8,83.6,845,136,3,15,857,16,859,0,1473
Q9UL25,P20340,36.9,203,117,2,20,221,14,206,1.24E-41,138
Q9UL25,P51159,38.7,181,93,4,18,182,8,186,6.57E-35,121
Q9UL25,O14966,32,178,114,4,16,187,4,180,6.34E-26,97.4
Q9UL25,P63000,27.3,187,120,5,19,191,3,187,4.87E-20,81.6
Q9UL25,P60953,29.2,178,110,5,19,182,3,178,2.60E-18,77
Q9UL26,P20340,37.9,169,105,0,3,171,11,179,4.98E-44,143
Q9UL26,P61026,38.3,180,102,2,7,177,11,190,6.47E-40,132
Q9UL26,P51159,34.9,166,91,4,6,157,10,172,1.47E-30,108
Q9UL26,Q5HYI8,26.4,110,72,2,2,102,3,112,1.63E-08,50.1
Q9UL52,O60235,38.9,422,254,4,2,423,1,418,4.04E-109,325
Q9UL52,Q9Y5Y6,45.9,259,120,6,178,423,604,855,4.01E-67,226
Q9UL52,Q8IU80,46.4,237,119,3,187,417,572,806,2.14E-63,215
Q9UL52,Q16651,38.6,249,136,5,186,420,39,284,9.41E-51,172
Q9UL52,Q15661,39,251,127,9,187,417,23,267,2.22E-45,155
Q9UL52,P20231,38.7,253,125,10,187,417,23,267,1.67E-44,153
Q9UL52,P00747,37.1,245,141,5,178,417,567,803,2.64E-44,162
Q9UL52,P00748,35.5,256,152,5,178,421,359,613,1.88E-38,144
Q9UL52,P00742,33.8,237,139,7,191,417,234,462,1.10E-36,137
Q9UL52,P48740,31.7,300,160,10,164,423,403,697,2.29E-36,138
Q9UL68,Q01538,44,1267,482,25,1,1186,1,1121,4.86E-195,596
Q9UL68,Q9Y468,44.9,69,31,2,884,947,598,664,4.16E-10,61.2
Q9UL68,O95251,29.5,139,81,6,795,930,86,210,2.93E-06,48.5
Q9ULC3,O14966,39.1,174,98,5,11,177,9,181,1.79E-33,117
Q9ULC3,P63000,38,121,73,2,9,128,3,122,3.39E-18,77
Q9ULC3,P61586,32.8,128,84,2,11,137,7,133,6.71E-17,73.6
Q9ULC8,Q9UIJ5,34.4,160,96,5,89,243,116,271,6.94E-22,95.5
Q9ULC8,Q5W0Z9,33.3,162,95,4,89,243,115,270,4.54E-18,84
Q9ULD8,O95259,37.9,734,382,15,5,704,8,701,2.52E-150,471
Q9ULD8,Q12809,34.9,897,356,14,1,704,1,862,1.50E-145,463
Q9ULG1,P51532,28.2,791,300,13,493,1276,729,1258,6.78E-84,301
Q9ULG1,P51531,27.9,767,287,11,493,1254,699,1204,7.75E-84,301
Q9ULG1,Q14839,27.2,751,261,10,516,1252,724,1202,1.40E-64,240
Q9ULG1,Q92698,40.8,152,88,2,1100,1249,495,646,4.06E-27,116
Q9ULI4,Q99661,25.8,310,190,8,428,725,307,588,6.74E-10,61.2
Q9ULJ8,P78352,31.5,108,73,1,491,598,147,253,1.87E-07,52.4
Q9ULK0,P39086,30.5,896,533,23,5,859,17,863,2.52E-114,372
Q9ULK0,Q13002,29.2,907,557,23,23,899,35,886,7.53E-109,357
Q9ULK0,Q13003,30.9,855,519,24,23,852,35,842,3.52E-108,355
Q9ULK0,P42262,29.7,859,533,22,24,857,27,839,3.11E-106,349
Q9ULK0,P42261,28.3,861,537,22,24,857,25,832,3.38E-102,338
Q9ULK0,P48058,28.9,858,546,21,22,857,25,840,1.09E-99,332
Q9ULK0,P42263,28.7,861,543,25,24,857,34,850,2.38E-98,328
Q9ULK0,Q16478,34.5,556,325,14,318,859,302,832,1.91E-86,296
Q9ULK0,Q13224,26.8,466,275,13,439,860,406,849,4.38E-40,158
Q9ULK0,Q14957,26.8,406,264,12,464,855,455,841,9.75E-36,144
Q9ULL4,P08581,31,261,166,8,795,1050,526,777,3.58E-19,92
Q9ULQ1,O95180,20.3,418,227,10,217,589,1415,1771,4.81E-07,50.8
Q9ULQ1,O43497,19.6,496,284,13,217,667,1397,1822,9.47E-06,46.6
Q9ULR3,O75688,26.4,193,85,5,268,460,131,266,1.97E-10,60.1
Q9ULR3,P35813,23.2,224,110,5,241,460,97,262,7.72E-08,51.6
Q9ULR3,O15355,24.4,193,90,6,268,460,328,464,1.00E-07,51.6
Q9ULT8,Q00688,34.4,64,38,1,1893,1956,9,68,3.85E-06,47.8
Q9ULV0,P35580,40.4,787,426,16,13,778,36,800,1.94E-149,506
Q9ULV0,Q9UKX2,40,745,397,15,61,777,78,800,2.05E-146,497
Q9ULV0,P35579,39.1,778,446,13,13,778,32,793,5.11E-145,493
Q9ULV0,Q7Z406,38.5,782,445,14,13,778,56,817,8.75E-143,487
Q9ULV0,Q9UKN7,40.7,713,398,11,70,777,1223,1915,2.01E-138,478
Q9ULV0,Q8WXR4,34.6,745,435,16,71,778,345,1074,1.89E-113,391
Q9ULV0,Q8NEV4,34.4,759,412,17,72,776,341,1067,1.83E-107,377
Q9ULV5,Q00613,39.5,471,235,12,9,443,7,463,5.44E-76,245
Q9ULW5,P61026,49,196,98,2,60,254,6,200,3.91E-63,194
Q9ULW5,P01112,32.2,174,114,4,64,236,4,174,3.75E-25,95.9
Q9ULW5,P01111,34.3,169,107,4,64,231,4,169,1.03E-24,94.7
Q9ULW5,P01116,32.9,173,112,4,64,235,4,173,1.44E-24,94.4
Q9ULW5,P62834,30.7,176,118,4,64,237,4,177,2.50E-24,93.6
Q9ULW5,Q5HYI8,25.7,148,81,5,65,184,8,154,3.12E-09,53.1
Q9ULY5,Q8WTT0,39.5,205,117,3,8,207,6,208,3.26E-47,152
Q9UM01,Q01650,50.3,479,229,3,17,493,35,506,2.91E-160,462
Q9UM01,Q9UPY5,45.1,474,258,1,20,493,27,498,1.16E-147,430
Q9UM19,P62166,56.8,185,78,1,1,185,1,183,7.68E-74,218
Q9UM54,P35579,36.9,791,425,17,5,768,30,773,1.39E-129,437
Q9UM54,P35580,35.9,793,433,15,5,768,34,780,2.37E-128,434
Q9UM54,Q9UKN7,37,746,395,15,52,780,1217,1904,3.55E-121,414
Q9UM54,Q7Z406,34.7,790,440,17,7,768,56,797,3.59E-120,410
Q9UM54,Q9UKX2,34.1,807,451,16,7,783,38,793,7.23E-117,400
Q9UM54,Q8WXR4,31.7,796,452,20,49,797,334,1084,7.02E-99,342
Q9UM54,Q8NEV4,31.9,786,446,19,57,797,338,1079,2.76E-98,343
Q9UMF0,P05362,50.2,452,217,4,37,487,30,474,2.84E-138,421
Q9UMQ6,P07384,54.9,705,313,2,36,738,12,713,7.06E-295,822
Q9UMQ6,P17655,53.1,697,323,2,37,733,3,695,3.82E-281,786
Q9UMR2,Q14240,40.7,381,208,7,91,466,32,399,9.30E-87,269
Q9UMR2,P60842,40.8,380,209,7,91,466,31,398,5.03E-86,267
Q9UMR2,P38919,37.3,381,216,8,93,466,39,403,2.88E-79,250
Q9UMR2,O00148,32.5,378,240,6,94,466,46,413,5.62E-62,205
Q9UMR2,P26196,35.8,374,222,10,94,463,98,457,1.62E-59,200
Q9UMR2,O00571,30.5,384,227,9,91,447,179,549,4.50E-41,153
Q9UMR2,Q92841,29.5,376,229,11,112,466,191,551,2.01E-33,131
Q9UMR7,Q8WTT0,51.9,187,83,3,55,237,30,213,5.80E-66,201
Q9UMX6,P62166,40.1,167,89,4,20,182,26,185,1.34E-35,121
Q9UMZ3,P10586,26.5,1403,883,45,993,2325,321,1645,1.97E-94,338
Q9UMZ3,Q13332,25.5,1476,913,55,950,2328,298,1683,4.03E-83,302
Q9UMZ3,P23467,36.9,517,285,16,1804,2293,1462,1964,5.18E-76,279
Q9UMZ3,Q12913,31.8,578,332,15,1759,2316,788,1323,1.29E-65,243
Q9UMZ3,P23470,38.3,316,164,7,2016,2306,828,1137,1.80E-58,221
Q9UMZ3,P28827,36.2,334,202,5,2003,2332,867,1193,5.41E-58,219
Q9UMZ3,P18433,37.8,283,168,2,2015,2291,220,500,2.29E-56,209
Q9UMZ3,P23471,38.9,301,155,7,2019,2296,1702,1996,2.58E-56,214
Q9UMZ3,P08575,38.9,280,168,1,2015,2291,632,911,1.68E-55,211
Q9UMZ3,P23469,38.8,281,157,6,2022,2291,117,393,1.03E-48,184
Q9UMZ3,P35236,39.9,258,146,6,2035,2289,96,347,3.72E-48,174
Q9UMZ3,P18031,35.8,246,145,5,2055,2291,35,276,5.21E-45,167
Q9UMZ3,P26045,39.2,260,141,7,2039,2290,649,899,1.45E-44,174
Q9UMZ3,P29074,36.2,279,163,5,2018,2290,640,909,8.21E-44,171
Q9UMZ3,P29350,35.9,276,156,9,2036,2293,244,516,1.79E-42,163
Q9UMZ3,P17706,33.9,274,170,5,2023,2291,7,274,1.91E-42,159
Q9UMZ3,Q06124,35.5,310,174,10,2005,2289,210,518,2.33E-42,163
Q9UMZ3,P43378,33.7,255,154,2,2058,2297,325,579,2.43E-41,160
Q9UMZ3,Q15256,34.5,284,162,8,2021,2289,370,644,4.03E-41,160
Q9UMZ3,P54829,36.3,270,158,9,2037,2300,301,562,1.71E-40,157
Q9UMZ3,Q99952,33.6,295,181,6,2017,2299,7,298,2.37E-40,154
Q9UMZ3,Q15678,33.3,273,165,5,2039,2295,912,1183,1.05E-39,159
Q9UMZ3,Q12923,38.8,258,140,8,2047,2294,2220,2469,2.84E-38,155
Q9UMZ3,P54756,26.1,207,128,7,598,785,349,549,2.94E-09,59.7
Q9UMZ3,P54764,34,103,66,2,602,702,432,534,7.41E-08,55.1
Q9UN19,P42684,31.5,127,78,4,30,154,168,287,1.04E-10,59.3
Q9UN19,P00519,31.3,112,68,4,30,139,122,226,5.92E-10,57
Q9UN19,P41240,32.5,80,48,3,35,111,82,158,8.22E-06,43.9
Q9UN37,P55072,36.7,259,151,8,118,369,468,720,1.92E-44,162
Q9UN37,Q9ULI0,36.5,233,140,4,123,348,396,627,1.26E-39,149
Q9UN37,Q6PL18,36.1,233,141,4,123,348,422,653,1.84E-38,145
Q9UN37,P43686,34.5,235,145,6,120,348,158,389,2.10E-33,127
Q9UN79,Q9UJU2,38.6,70,41,2,423,491,298,366,1.98E-08,53.9
Q9UN88,P28472,52.8,307,145,0,55,361,33,339,1.81E-119,361
Q9UN88,P24046,40.7,285,167,2,70,352,84,368,3.30E-77,251
Q9UN88,P23416,42.5,299,158,5,63,352,48,341,2.37E-76,248
Q9UN88,P23415,37.8,373,209,8,63,414,42,412,1.04E-75,246
Q9UN88,O75311,41.7,295,166,4,63,352,47,340,9.37E-75,244
Q9UN88,Q16445,39.3,295,177,2,59,351,32,326,1.20E-69,230
Q9UN88,P14867,37.7,305,187,3,55,357,38,341,1.97E-66,222
Q9UN88,P31644,35.8,327,203,3,33,357,27,348,8.64E-66,220
Q9UN88,P48169,38.2,293,179,2,61,351,50,342,2.64E-64,219
Q9UN88,P34903,36.5,299,188,2,55,351,63,361,4.85E-64,216
Q9UNA1,P52757,37.7,183,101,4,392,568,293,468,5.46E-30,121
Q9UNF0,P46108,37.7,53,32,1,431,483,137,188,6.89E-06,45.1
Q9UNI6,Q9NRW4,32.1,140,90,1,27,166,5,139,2.47E-17,76.3
Q9UNI6,P28562,32.8,119,76,1,25,143,172,286,1.35E-13,68.2
Q9UNI6,Q16828,32.9,155,96,2,8,162,194,340,4.62E-13,66.6
Q9UNL4,Q9H160,33.2,244,156,4,6,248,27,264,2.02E-42,143
Q9UNP4,Q11203,40.7,295,170,4,120,414,86,375,5.39E-72,228
Q9UNP9,P30405,66.1,171,58,0,129,299,35,205,1.73E-87,258
Q9UNP9,P62937,67.7,161,52,0,139,299,3,163,2.43E-82,243
Q9UNP9,P23284,59.6,161,62,2,141,299,45,204,4.43E-64,198
Q9UNP9,Q08752,58.8,170,62,1,138,299,14,183,1.38E-62,199
Q9UNT1,O14966,36.7,120,70,3,23,136,9,128,3.44E-19,79.7
Q9UNU6,Q16647,41.6,485,261,6,28,499,25,500,8.86E-125,371
Q9UNW8,Q15743,32.2,283,177,4,47,322,26,300,4.12E-43,151
Q9UNW8,Q13304,28.5,277,186,3,55,325,72,342,2.88E-30,116
Q9UNW8,Q99677,31.4,318,197,8,48,352,45,354,4.16E-30,116
Q9UNW8,P25106,28.7,314,201,6,48,348,50,353,5.06E-30,115
Q9UNW8,P43657,26.8,314,203,7,49,347,24,325,1.68E-27,108
Q9UNW8,P25116,27.5,287,187,4,48,322,108,385,5.08E-23,97.1
Q9UNW8,P55085,26,327,212,10,41,349,74,388,7.40E-23,96.3
Q9UNW8,P41231,28.7,282,182,7,43,311,34,309,8.27E-23,95.9
Q9UNW8,P51582,26.8,295,201,6,43,327,36,325,8.60E-22,92.8
Q9UNW8,Q9UPC5,25.7,323,202,5,11,317,36,336,1.01E-21,92.8
Q9UNW8,Q9Y271,24.8,310,219,5,25,324,6,311,1.01E-20,89.4
Q9UNW8,P30556,25.6,281,187,5,43,308,29,302,5.91E-20,87.4
Q9UNW8,P25025,30.8,247,152,6,28,263,34,272,5.97E-20,87.4
Q9UNW8,P50052,23.5,345,236,7,29,359,31,361,1.53E-19,86.3
Q9UNW8,P35414,23.5,306,207,6,33,317,19,318,3.23E-19,85.5
Q9UNW8,P25024,30.8,240,135,7,41,263,38,263,4.57E-19,84.7
Q9UNW8,Q15077,25.7,300,199,9,25,308,10,301,3.08E-18,82
Q9UNW8,Q9NS75,24.7,308,210,8,29,325,27,323,6.71E-18,81.3
Q9UNW8,P49238,26.5,287,195,7,43,323,32,308,4.39E-17,79
Q9UNW8,Q15391,23.9,318,219,7,44,346,24,333,1.86E-15,73.9
Q9UNW8,P51679,26.3,285,191,7,49,324,46,320,9.92E-14,68.9
Q9UNW8,P51685,23.8,290,202,7,42,322,35,314,2.32E-13,67.8
Q9UNW8,P51677,22.3,278,199,7,49,317,41,310,7.47E-13,66.2
Q9UNW8,Q96G91,24.4,197,130,3,84,261,71,267,4.64E-12,63.9
Q9UNW8,P51686,24.1,261,171,8,80,325,86,334,1.45E-11,62.4
Q9UNW9,Q96AE4,27.8,180,117,5,28,200,274,447,4.82E-13,68.6
Q9UNY4,Q92698,26.1,656,330,18,542,1160,128,665,3.69E-37,147
Q9UNY4,Q14839,24.9,599,326,16,573,1156,729,1218,5.14E-28,120
Q9UP38,Q99835,26.8,555,315,19,116,644,70,559,1.46E-48,179
Q9UP52,Q04609,27.4,770,473,20,75,791,11,747,1.48E-75,258
Q9UP52,Q9Y3Q0,28,681,443,17,153,790,60,736,2.03E-72,249
Q9UP79,Q9UHI8,49.7,882,382,20,39,888,59,910,3.07E-295,838
Q9UP79,O75173,44.3,815,371,22,21,809,46,803,6.58E-222,646
Q9UP79,Q9UNA0,40.7,861,472,13,51,887,85,930,7.53E-210,618
Q9UPM6,P53667,36.6,123,73,4,69,189,24,143,2.58E-18,83.6
Q9UPN3,P46939,45.5,231,122,3,73,299,26,256,4.08E-51,200
Q9UPP2,Q99418,41.2,194,108,3,651,844,61,248,2.68E-42,157
Q9UPP2,O43739,41.2,199,111,3,646,844,61,253,3.01E-41,154
Q9UPR0,P51178,38.1,753,437,13,140,880,19,754,2.19E-154,476
Q9UPR0,P19174,32.2,444,261,11,153,573,41,467,1.82E-56,211
Q9UPR0,P16885,33.2,428,228,12,186,583,65,464,2.15E-55,207
Q9UPS6,Q03164,52.3,153,69,3,1817,1966,3818,3969,1.47E-38,156
Q9UPS6,Q9UMN6,53.6,153,67,3,1817,1966,2564,2715,1.50E-37,152
Q9UPS6,Q8NEZ4,49,143,70,2,1826,1966,4770,4911,6.96E-32,134
Q9UPS6,O14686,46.9,143,73,2,1826,1966,5396,5537,1.21E-31,133
Q9UPS6,Q15910,40.3,124,72,1,1826,1949,611,732,1.48E-22,102
Q9UPS6,Q92800,41.1,124,71,1,1826,1949,612,733,1.96E-22,102
Q9UPS6,Q9BZ95,35.8,134,85,1,1833,1965,1151,1284,2.19E-19,92.8
Q9UPS6,O96028,36.5,137,86,1,1830,1965,1066,1202,4.83E-19,91.7
Q9UPS6,Q96L73,35.2,128,82,1,1839,1965,1954,2081,1.47E-17,87
Q9UPT9,O75604,31.4,382,200,8,161,517,252,596,1.11E-46,169
Q9UPT9,P40818,31.4,369,189,7,175,517,776,1106,5.21E-45,167
Q9UPT9,Q9UK80,27.8,381,197,8,177,517,213,555,4.97E-34,132
Q9UPT9,Q9Y2K6,28.5,228,143,5,63,279,30,248,4.81E-16,78.6
Q9UPU5,Q93008,30.4,2628,1441,76,123,2577,67,2478,9.59E-293,933
Q9UPU5,Q93009,27.6,366,213,9,1681,2043,206,522,4.72E-27,118
Q9UPU5,Q9UHP3,38.5,65,35,2,1954,2018,591,650,6.45E-06,48.9
Q9UPW0,Q08050,36.2,141,77,5,20,154,177,310,7.11E-21,94.4
Q9UPW0,Q12778,44.1,102,48,3,82,178,164,261,3.03E-19,89
Q9UPW0,O43524,45.5,101,46,3,82,177,161,257,4.14E-19,88.6
Q9UPW8,Q04759,50,44,22,0,553,596,231,274,2.62E-10,62.4
Q9UPX8,Q5TCQ9,32.1,106,59,3,623,725,848,943,9.29E-07,51.2
Q9UQ05,Q12809,37.3,880,344,16,1,689,1,863,1.35E-164,512
Q9UQ05,O95259,38,727,379,15,5,690,8,703,1.40E-149,468
Q9UQ05,O60741,26.9,491,278,15,222,676,138,583,1.89E-32,133
Q9UQ07,Q9UPZ9,42.4,288,161,4,1,286,1,285,8.55E-71,232
Q9UQ07,P20794,40.3,288,167,4,1,286,1,285,4.30E-67,222
Q9UQ07,Q00537,32.9,289,186,6,1,285,189,473,9.23E-45,160
Q9UQ07,Q00532,35.7,305,172,10,1,292,2,295,4.25E-44,154
Q9UQ07,Q8IVW4,32.1,296,180,6,1,285,1,286,4.39E-44,159
Q9UQ07,P28482,31.6,294,188,6,4,287,25,315,1.21E-43,153
Q9UQ07,P27361,31.6,294,188,6,4,287,42,332,1.82E-43,153
Q9UQ07,Q9UQ88,32,297,186,8,1,287,423,713,2.55E-43,159
Q9UQ07,P21127,32.3,297,185,8,1,287,435,725,4.95E-43,158
Q9UQ07,Q8TD08,32.7,297,188,5,1,286,10,305,2.18E-42,154
Q9UQ07,Q13164,31.3,294,187,7,4,284,55,346,3.34E-42,155
Q9UQ07,Q00536,30.4,289,193,6,1,285,162,446,1.07E-41,151
Q9UQ07,Q00535,32.3,294,182,9,1,285,1,286,1.40E-40,143
Q9UQ07,O15264,32.4,293,184,8,2,286,23,309,1.95E-40,145
Q9UQ07,P49840,34.5,307,162,11,4,289,119,407,5.91E-40,146
Q9UQ07,Q92772,31.3,291,192,7,1,286,1,288,2.81E-36,136
Q9UQ07,Q8TDX7,33.6,211,126,8,3,204,33,238,7.58E-28,109
Q9UQ07,Q9HC98,34.1,205,121,8,9,204,50,249,5.75E-26,104
Q9UQ07,P51956,30,220,142,7,1,214,1,214,2.97E-23,99
Q9UQ07,P51955,29.8,228,142,10,3,216,7,230,2.52E-21,92.8
Q9UQ07,Q6P3R8,30.6,222,140,8,1,214,1,216,2.80E-20,90.5
Q9UQ07,Q9NRP7,27.3,289,169,10,1,284,1,253,1.57E-19,88.6
Q9UQ07,Q8NG66,30.7,215,136,8,9,214,34,244,1.50E-18,85.1
Q9UQ07,P15735,26.6,290,173,7,10,286,30,292,3.27E-18,83.2
Q9UQ07,O60285,27.9,215,147,7,4,214,55,265,8.57E-18,82.8
Q9UQ16,P50570,77.1,877,186,4,1,869,1,870,0,1279
Q9UQ16,Q05193,78.1,857,154,7,1,841,1,839,0,1258
Q9UQ26,O00750,33.8,145,85,5,1241,1377,1485,1626,1.88E-13,72.8
Q9UQ26,P17252,28.2,124,82,3,821,941,172,291,1.05E-09,60.1
Q9UQ26,P05771,29.1,141,85,6,807,941,160,291,3.11E-09,58.5
Q9UQ26,P05129,31.6,114,66,3,821,930,172,277,2.81E-08,55.5
Q9UQ90,P55072,41.1,231,132,3,306,535,474,701,5.65E-50,186
Q9UQ90,P43686,41,251,140,4,306,553,162,407,1.02E-45,166
Q9UQC2,Q9HB21,31.5,92,42,3,27,112,208,284,2.99E-08,53.5
Q9UQE7,O95347,26.3,729,456,21,1,689,1,688,5.82E-26,113
Q9UQE7,Q14683,28.7,188,121,4,2,183,3,183,3.22E-15,78.2
Q9UQP3,P02751,28.9,805,546,14,268,1050,1273,2073,2.31E-81,292
Q9UQQ1,Q04609,38.7,744,422,16,12,738,24,750,6.00E-163,486
Q9UQQ1,Q9Y3Q0,38.7,739,425,14,13,737,15,739,9.86E-162,483
Q9UQQ2,P29353,39.5,86,46,2,363,448,487,566,1.02E-08,55.1
Q9UQQ2,P42685,30,90,61,2,356,444,108,196,7.31E-06,45.8
Q9UQR0,Q9Y468,43.3,210,115,2,33,240,274,481,8.04E-47,175
Q9UQR0,Q8NA19,40.3,248,135,6,17,254,29,273,1.04E-46,172
Q9UQR0,Q96JM7,40.5,220,124,5,35,251,234,449,3.69E-45,170
Q9UQR0,Q05BQ5,39.3,211,113,6,40,242,359,562,4.41E-34,135
Q9UQR0,Q9UHJ3,22.6,753,370,18,30,699,239,861,3.93E-26,111
Q9Y226,Q4U2R8,37.3,523,312,8,4,515,3,520,4.59E-102,316
Q9Y226,Q8TCC7,35.2,523,311,11,4,515,3,508,1.72E-95,298
Q9Y226,Q96S37,35.1,530,325,7,4,515,3,531,2.11E-92,291
Q9Y226,Q9NSA0,32.4,547,344,7,4,536,3,537,2.04E-82,265
Q9Y226,O75751,31.5,546,340,10,1,519,1,539,3.16E-77,251
Q9Y226,O15244,32.6,534,342,9,7,524,8,539,9.78E-74,242
Q9Y235,Q9HC16,29.3,191,122,6,43,224,8,194,4.14E-19,82
Q9Y257,Q96T54,33.9,248,148,6,11,254,26,261,2.17E-31,117
Q9Y257,O95279,32.1,237,138,4,17,246,15,235,5.33E-28,110
Q9Y257,Q9NPC2,34.6,179,106,6,91,266,78,248,3.91E-23,95.5
Q9Y257,O14649,39.3,135,72,4,91,221,78,206,4.74E-23,95.5
Q9Y261,O43524,42.2,83,41,2,163,240,161,241,1.97E-15,75.9
Q9Y267,Q96S37,26.5,540,362,9,52,571,3,527,9.21E-44,161
Q9Y267,Q9NSA0,27.7,538,355,8,52,571,3,524,1.48E-42,158
Q9Y272,P62834,37.2,164,94,2,25,188,4,158,2.36E-29,107
Q9Y274,Q11203,34.3,289,180,3,48,329,87,372,1.75E-60,195
Q9Y276,P55072,26.3,171,107,6,196,353,481,645,1.42E-11,63.5
Q9Y276,P43686,29.8,168,100,5,196,350,168,330,4.97E-11,61.2
Q9Y277,P45880,73.5,283,75,0,1,283,12,294,6.04E-161,446
Q9Y289,Q9GZV3,23.6,478,295,19,24,466,3,445,8.92E-06,45.8
Q9Y2C3,Q9Y5Z6,43.2,266,145,3,44,307,65,326,7.12E-73,225
Q9Y2C3,Q9Y2A9,32.9,292,176,6,26,301,73,360,3.65E-46,157
Q9Y2C5,Q9NRA2,37.8,466,280,3,33,496,36,493,9.38E-107,324
Q9Y2C9,O60603,31.5,670,417,18,131,780,134,781,4.83E-88,292
Q9Y2C9,Q9NR97,25,396,268,11,400,778,636,1019,6.53E-23,102
Q9Y2C9,Q9NYK1,26.7,273,174,10,529,792,783,1038,1.36E-16,81.6
Q9Y2C9,Q9NR96,26.4,276,172,13,521,780,752,1012,1.93E-12,68.2
Q9Y2E8,P19634,34.2,401,246,5,88,484,130,516,8.61E-59,207
Q9Y2E8,Q14940,31.8,422,274,6,66,483,54,465,3.22E-58,206
Q9Y2E8,Q9UBY0,33.1,402,251,6,88,487,109,494,5.55E-58,205
Q9Y2E8,P48764,32.6,405,248,7,88,483,83,471,9.33E-58,204
Q9Y2G3,O14983,23.1,510,282,20,396,881,340,763,4.39E-10,61.2
Q9Y2G3,P16615,23.9,348,202,11,554,881,458,762,1.15E-08,56.6
Q9Y2G3,Q93084,23.9,289,143,10,570,836,485,718,2.59E-06,48.9
Q9Y2G8,P31689,51.4,70,32,1,31,100,8,75,3.31E-12,66.2
Q9Y2H6,Q13332,26.4,443,284,14,668,1084,332,758,8.24E-27,116
Q9Y2J0,P05129,40.6,96,55,2,409,504,173,266,3.23E-16,79.7
Q9Y2J0,P17252,40.4,99,57,2,406,504,170,266,4.12E-16,79.3
Q9Y2J0,P05771,39,100,59,2,405,504,169,266,1.51E-14,74.3
Q9Y2J0,O00443,34.9,126,71,3,394,519,1561,1675,1.34E-12,68.6
Q9Y2J2,P29074,48.2,311,155,3,112,416,31,341,6.65E-90,306
Q9Y2J2,P26045,38.3,300,179,4,112,405,31,330,1.70E-60,221
Q9Y2J2,Q15678,28,289,186,6,113,388,24,303,1.32E-29,124
Q9Y2K3,Q9UKX2,62,872,319,4,22,882,6,876,0,1098
Q9Y2K3,P35580,47.3,912,458,9,51,945,33,938,4.70E-247,779
Q9Y2K3,P35579,47.8,878,432,10,51,911,29,897,2.52E-240,760
Q9Y2K3,Q7Z406,44.9,908,474,9,51,941,53,951,9.30E-228,727
Q9Y2K3,Q9UKN7,36.5,718,434,12,105,816,1224,1925,5.26E-122,427
Q9Y2K3,Q8WXR4,34.5,760,437,16,106,821,346,1088,6.89E-113,390
Q9Y2K3,Q8NEV4,33.9,779,453,14,105,838,340,1101,4.60E-112,391
Q9Y2N7,Q16665,43.2,579,236,12,11,508,14,580,3.49E-132,406
Q9Y2N7,Q99814,43.1,554,253,12,1,503,1,543,2.81E-122,382
Q9Y2N7,P35869,26.6,350,202,8,18,323,32,370,1.14E-19,90.9
Q9Y2P4,O14975,50.5,620,305,2,2,619,1,620,1.84E-230,649
Q9Y2P4,Q6P1M0,41.2,590,337,7,37,619,57,643,1.62E-142,426
Q9Y2P4,Q6PCB7,38.5,597,342,10,38,619,60,646,5.45E-138,414
Q9Y2P5,O14975,45.8,601,317,3,90,690,29,620,1.54E-193,558
Q9Y2P5,Q6PCB7,39.5,607,347,11,90,690,54,646,1.44E-121,374
Q9Y2P5,Q6P1M0,39.4,601,341,12,97,690,59,643,4.02E-120,370
Q9Y2R4,P26196,30.9,375,250,6,168,542,99,464,2.62E-51,181
Q9Y2R4,Q92841,30.4,405,259,10,140,534,149,540,7.73E-51,184
Q9Y2R4,Q86XP3,33.2,407,254,8,134,534,226,620,5.34E-50,183
Q9Y2R4,Q92499,26.4,341,193,9,236,521,288,625,2.37E-19,89.4
Q9Y2W6,Q96AE4,29.3,188,102,5,37,194,261,447,4.94E-10,59.3
Q9Y2W7,P62166,43.3,187,106,0,70,256,4,190,1.85E-53,169
Q9Y2X8,P61077,91.8,147,12,0,1,147,1,147,4.43E-105,293
Q9Y2X8,P63146,42.2,135,78,0,2,136,5,139,7.26E-40,129
Q9Y2X8,Q9NPD8,41.1,146,82,1,5,146,6,151,4.79E-37,123
Q9Y2X8,P61081,34.8,132,84,2,5,136,33,162,9.48E-25,91.3
Q9Y2Y9,Q13118,69.7,33,10,0,165,197,367,399,1.61E-08,52.4
Q9Y336,Q9Y286,75.8,471,97,6,1,461,2,465,4.41E-240,661
Q9Y394,P28845,36.5,178,108,3,43,220,28,200,3.88E-23,94.7
Q9Y394,Q9BPX1,29.1,199,126,6,52,247,11,197,5.64E-17,77
Q9Y397,Q9UIJ5,33.6,149,96,3,138,286,126,271,1.80E-19,85.9
Q9Y397,Q5W0Z9,35.9,128,72,2,138,261,125,246,1.00E-16,77.8
Q9Y3C6,P23284,51.7,147,66,4,17,159,54,199,2.91E-45,145
Q9Y3C6,P62937,51.1,137,57,5,12,139,4,139,5.94E-39,127
Q9Y3C6,P30405,48.6,140,62,5,12,142,46,184,8.66E-37,123
Q9Y3C6,Q08752,44.8,163,70,6,6,150,10,170,6.20E-34,120
Q9Y3F4,Q7Z4S6,20.8,202,137,7,99,297,1346,1527,4.91E-08,52
Q9Y3L3,P11274,31.5,197,128,2,273,462,1051,1247,9.34E-23,101
Q9Y3L5,P62834,64.4,174,61,1,1,173,1,174,1.15E-74,219
Q9Y3L5,P01116,50.6,164,80,1,1,164,1,163,2.22E-56,173
Q9Y3L5,P01112,45.9,185,94,2,1,180,1,184,2.55E-55,171
Q9Y3L5,P01111,50,164,81,1,1,164,1,163,3.61E-55,170
Q9Y3L5,Q15382,39.5,157,95,0,5,161,8,164,4.13E-37,124
Q9Y3L5,P62826,25.8,163,116,3,3,164,10,168,2.25E-16,71.2
Q9Y3M8,P11274,29.9,177,114,4,647,818,1040,1211,2.91E-11,65.1
Q9Y3Q7,Q13443,36.1,684,406,15,43,716,64,726,1.11E-136,420
Q9Y3Q7,O43184,31.4,611,356,20,91,667,118,699,2.81E-80,272
Q9Y3Q7,O14672,25.6,199,120,5,315,495,379,567,4.73E-10,60.1
Q9Y3R0,P78352,24.5,323,181,10,482,749,74,388,5.79E-14,73.6
Q9Y3R0,Q12923,41,83,47,2,153,234,1094,1175,1.92E-09,59.3
Q9Y450,Q8IYD1,42.8,428,237,4,258,682,201,623,5.52E-109,340
Q9Y450,P68104,39.6,437,252,3,258,682,5,441,1.82E-102,318
Q9Y450,Q05639,39.3,440,253,4,258,684,5,443,2.64E-102,318
Q9Y4A8,Q16236,39.4,264,150,4,416,677,341,596,4.13E-43,162
Q9Y4B4,Q92698,29,642,311,13,260,891,142,648,6.41E-69,245
Q9Y4B4,Q14839,32.2,205,112,5,714,913,1043,1225,6.41E-21,97.4
Q9Y4B4,P51531,31.9,191,96,4,712,887,1035,1206,6.89E-20,94
Q9Y4B4,P51532,32.8,177,91,3,720,887,1079,1236,2.06E-19,92.4
Q9Y4C8,Q14576,26.4,163,103,4,732,894,41,186,1.92E-09,57.8
Q9Y4E8,Q13107,58.5,950,348,13,1,932,1,922,0,1061
Q9Y4E8,P40818,25,645,172,1,286,930,774,1106,1.65E-61,225
Q9Y4E8,O75604,44.2,197,103,3,277,468,251,445,4.02E-43,164
Q9Y4E8,Q9UK80,38.1,202,104,6,287,471,210,407,4.77E-31,126
Q9Y4E8,Q9Y2K6,43.2,111,56,2,287,396,143,247,7.50E-19,89.4
Q9Y4E8,Q14694,31.4,159,92,7,788,934,643,796,1.52E-13,72
Q9Y4E8,Q6R6M4,24.6,179,103,3,290,468,81,227,1.70E-09,58.5
Q9Y4E8,P54578,28.2,177,104,7,289,457,105,266,4.01E-07,50.8
Q9Y4F1,P29074,43.4,334,182,5,40,367,29,361,1.35E-73,259
Q9Y4F1,Q12923,25.1,303,189,10,42,315,574,867,4.65E-20,94
Q9Y4G8,O95398,34.9,295,185,4,634,924,578,869,9.92E-38,151
Q9Y4I1,Q9UKX2,39.7,769,413,12,64,803,81,827,1.11E-151,512
Q9Y4I1,P35580,40.6,791,433,15,13,786,36,806,6.83E-147,499
Q9Y4I1,P35579,39.6,804,442,17,13,797,32,810,9.01E-146,495
Q9Y4I1,Q9UKN7,40.4,725,407,11,70,790,1223,1926,2.85E-136,471
Q9Y4I1,Q7Z406,38.3,811,457,17,13,803,56,843,4.27E-135,464
Q9Y4I1,Q8WXR4,35.3,812,460,21,36,797,299,1095,2.19E-115,397
Q9Y4I1,Q8NEV4,34.5,779,446,17,72,806,341,1099,4.47E-106,372
Q9Y4J8,P46939,27.1,580,327,17,26,568,2854,3374,6.83E-38,150
Q9Y4L1,P11142,30,526,320,13,38,557,9,492,9.58E-60,214
Q9Y4L1,P0DMV8,29.5,526,323,13,34,553,5,488,7.47E-59,211
Q9Y4L1,P54652,29.7,522,321,14,38,553,10,491,1.73E-56,204
Q9Y4L1,P11021,32.3,400,249,8,31,427,26,406,5.54E-53,194
Q9Y4L1,P38646,29.9,401,249,9,34,427,54,429,4.15E-40,155
Q9Y4W6,P55072,44.7,237,124,4,305,539,474,705,4.34E-53,195
Q9Y4W6,P43686,41.3,252,141,3,304,553,161,407,5.20E-51,181
Q9Y4W6,Q6PL18,34.1,290,155,7,291,553,407,687,1.25E-33,136
Q9Y4W6,Q9ULI0,35.7,252,148,5,291,534,381,626,1.91E-31,129
Q9Y4X4,Q13118,65.8,38,13,0,310,347,362,399,1.12E-08,53.9
Q9Y566,O14745,37.6,101,46,2,668,768,18,101,8.32E-09,57
Q9Y566,Q5TCQ9,34.3,99,52,3,664,759,852,940,4.35E-08,55.8
Q9Y575,O75762,26.2,168,87,4,9,176,412,542,1.30E-07,51.6
Q9Y575,O60733,24.7,190,125,6,11,193,153,331,1.43E-06,48.1
Q9Y577,O00481,39.8,161,94,2,296,456,341,498,1.21E-32,127
Q9Y5J3,Q14469,42.6,129,68,3,41,167,28,152,9.63E-19,81.6
Q9Y5K3,P49585,71.6,331,86,3,41,367,41,367,1.58E-141,404
Q9Y5K6,P80192,46.2,52,23,2,116,162,60,111,5.10E-09,56.6
Q9Y5K6,P15498,42.9,49,28,0,8,56,791,839,7.72E-06,46.2
Q9Y5Q0,O95864,61,446,171,2,1,445,1,444,2.87E-209,582
Q9Y5Q0,O60427,53.6,425,195,2,23,445,20,444,2.27E-172,488
Q9Y5Q5,Q8IU80,38.9,257,133,8,789,1034,567,810,5.77E-49,184
Q9Y5Q5,P05981,38.8,273,146,10,775,1034,140,404,1.38E-44,164
Q9Y5S9,Q15717,30.7,75,52,0,75,149,22,96,7.09E-08,48.1
Q9Y5T5,O75604,33,215,105,6,187,389,258,445,1.64E-16,80.9
Q9Y5T5,Q13107,30.9,204,127,3,186,389,292,481,3.13E-16,80.5
Q9Y5T5,P40818,27.3,194,125,4,197,389,778,956,2.82E-10,61.2
Q9Y5W3,Q13118,74.3,35,9,0,268,302,365,399,2.85E-11,61.6
Q9Y5W8,Q9Y2I1,36.2,94,54,2,588,681,29,116,5.68E-09,57.4
Q9Y5X4,Q9Y466,44.2,385,180,8,45,410,14,382,7.32E-95,287
Q9Y5X4,P10589,40.8,368,168,6,45,407,84,406,5.48E-83,258
Q9Y5X4,P48443,35.6,371,179,7,47,409,139,457,2.05E-63,208
Q9Y5X4,P19793,35.6,371,182,7,47,409,135,456,1.09E-62,206
Q9Y5X4,P28702,34.4,369,190,5,47,409,205,527,2.13E-59,199
Q9Y5X4,P03372,29.9,375,233,12,47,407,185,543,3.60E-34,131
Q9Y5X4,P22736,29.7,370,210,8,46,408,266,592,5.01E-32,125
Q9Y5X4,P13631,27,381,209,9,47,410,90,418,4.23E-30,118
Q9Y5X4,P37231,28.8,410,223,14,36,410,128,503,9.33E-30,117
Q9Y5X4,P10276,25,368,233,5,47,410,88,416,9.04E-28,111
Q9Y5X4,Q92731,27.2,382,221,10,47,407,149,494,1.48E-27,111
Q9Y5X4,P43354,27.5,382,225,11,38,408,252,592,1.99E-27,111
Q9Y5X4,P10826,26.3,372,223,8,47,410,88,416,2.91E-27,110
Q9Y5X4,Q03181,27.1,399,233,11,42,410,69,439,3.48E-27,109
Q9Y5X4,Q13133,29.5,349,221,11,47,390,98,426,5.02E-27,109
Q9Y5X4,Q96RI1,26.6,384,223,12,47,408,137,483,2.66E-25,104
Q9Y5X4,P49116,57.7,78,32,1,47,124,117,193,2.49E-24,102
Q9Y5X4,Q07869,26.7,409,232,15,36,410,92,466,4.87E-24,100
Q9Y5X4,P08235,35.1,228,124,8,39,257,594,806,1.55E-23,100
Q9Y5X4,Q92570,27.6,387,201,13,34,393,271,605,2.79E-23,99.4
Q9Y5X4,P55055,26.3,380,217,10,47,390,87,439,3.81E-23,98.2
Q9Y5X4,P10827,27.6,377,213,13,25,374,26,369,6.07E-23,97.8
Q9Y5X4,P20393,42.6,115,53,1,36,137,108,222,1.23E-21,94.4
Q9Y5X4,P10828,28.6,353,210,13,47,383,107,433,1.87E-21,93.2
Q9Y5X4,Q14995,46.2,93,50,0,45,137,101,193,3.72E-21,92.8
Q9Y600,P20711,24.2,384,268,7,48,414,34,411,1.40E-28,115
Q9Y603,P41212,39.1,432,141,9,9,328,22,443,3.70E-83,256
Q9Y620,Q92698,47.4,589,279,12,255,829,110,681,4.07E-158,479
Q9Y620,P51532,32.9,526,295,16,296,801,754,1241,7.35E-63,229
Q9Y620,P51531,32.5,526,297,17,296,801,724,1211,3.03E-61,224
Q9Y620,Q14839,30.4,540,306,10,296,812,726,1218,1.10E-58,216
Q9Y623,Q9UKX2,91.2,1845,161,1,1,1843,1,1845,0,1829
Q9Y623,P35580,48.3,887,434,11,34,906,32,907,3.53E-256,803
Q9Y623,P35579,48.5,884,427,12,34,903,28,897,2.74E-250,787
Q9Y623,Q7Z406,47.3,854,425,14,65,906,84,924,3.20E-235,747
Q9Y623,Q9UKN7,36.5,732,428,10,86,808,1222,1925,1.09E-125,439
Q9Y623,Q8WXR4,32.6,776,451,14,84,814,341,1089,1.54E-108,377
Q9Y623,Q8NEV4,33.8,776,445,16,88,819,340,1090,5.81E-105,369
Q9Y624,P09619,24.8,202,119,6,28,214,215,398,5.15E-06,45.1
Q9Y680,Q9NWM8,51.9,189,88,2,34,222,26,211,1.48E-64,196
Q9Y680,P68106,40.2,107,59,4,35,141,3,104,1.63E-14,64.7
Q9Y680,Q02790,44.4,90,46,3,53,142,50,135,7.80E-14,67
Q9Y694,Q4U2R8,39.5,537,311,7,1,534,1,526,5.30E-117,355
Q9Y694,Q8TCC7,37.9,530,305,7,1,528,1,508,1.13E-106,327
Q9Y694,Q96S37,36.4,546,320,8,1,531,1,534,1.06E-91,289
Q9Y6B6,P84077,33.3,138,91,1,18,154,9,146,9.87E-26,95.5
Q9Y6C5,O15118,23.9,798,448,18,353,1116,581,1253,5.16E-36,145
Q9Y6C5,Q9UHC9,25.1,846,474,28,313,1116,567,1294,1.53E-30,128
Q9Y6D5,O43739,53.1,175,80,1,650,824,73,245,3.50E-49,178
Q9Y6D5,Q99418,50.9,173,83,1,650,822,68,238,6.13E-47,171
Q9Y6D6,O43739,48,202,102,2,676,877,45,243,9.51E-51,182
Q9Y6D6,Q99418,51.4,173,82,1,705,877,68,238,3.66E-49,178
Q9Y6E7,Q9NXA8,27.8,270,176,7,46,309,42,298,2.06E-28,108
Q9Y6E7,Q8N6T7,28.7,286,163,8,26,308,15,262,6.07E-20,86.3
Q9Y6E7,Q9NTG7,29.6,257,137,10,55,298,138,363,1.58E-19,85.5
Q9Y6E7,Q96EB6,30,240,121,11,40,265,239,445,1.45E-17,80.5
Q9Y6E7,Q8IXJ6,26.3,217,127,4,55,265,77,266,3.21E-15,72.8
Q9Y6F9,P56704,40.7,354,172,9,25,364,22,351,5.71E-85,259
Q9Y6F9,P56703,39.8,367,180,9,6,355,3,345,2.50E-84,257
Q9Y6H8,P17302,52.5,255,97,2,1,240,1,246,5.27E-89,273
Q9Y6H8,P29033,50.9,224,97,4,3,225,2,213,2.10E-72,224
Q9Y6I4,O75604,37.4,364,178,11,160,508,268,596,1.56E-54,191
Q9Y6I4,P40818,34.4,360,196,8,159,508,777,1106,1.34E-52,189
Q9Y6I4,Q9UK80,34,373,192,11,160,508,213,555,8.09E-47,169
Q9Y6I4,Q13107,38.3,206,105,4,321,508,719,920,8.07E-35,136
Q9Y6I4,Q9Y2K6,35.3,119,60,2,159,276,145,247,5.36E-14,72
Q9Y6I4,P45974,22.3,525,304,19,24,500,194,662,1.34E-11,64.3
Q9Y6I4,Q92995,20.9,454,260,16,24,431,206,606,9.35E-11,61.6
Q9Y6I4,Q9UHP3,26.5,275,151,13,160,431,170,396,4.58E-06,46.6
Q9Y6J6,P15382,45.1,51,27,1,51,100,45,95,2.86E-09,48.9
Q9Y6K8,P30085,36.5,189,113,3,378,559,5,193,3.28E-36,131
Q9Y6K8,P27144,29.2,195,104,5,381,546,10,199,4.07E-20,86.7
Q9Y6K8,P54819,31.3,208,111,5,381,557,20,226,5.60E-20,86.7
Q9Y6M0,Q9NRR2,43,323,139,10,3,308,2,296,3.54E-70,218
Q9Y6M0,Q16651,39.9,336,159,9,9,313,15,338,1.32E-66,209
Q9Y6M0,Q8IU80,40.6,256,138,7,33,286,568,811,3.13E-57,194
Q9Y6M0,P03951,41,251,125,8,38,281,384,618,5.15E-54,183
Q9Y6M0,P05981,41.9,272,135,9,21,281,141,400,7.06E-53,176
Q9Y6M0,O15393,38.6,251,141,5,40,289,254,492,4.57E-52,176
Q9Y6M0,P00747,37.9,272,142,9,24,288,559,810,2.19E-48,170
Q9Y6M0,P10323,35.7,286,156,10,23,290,19,294,1.13E-45,157
Q9Y6M0,Q9Y5Y6,37.2,258,145,8,33,283,604,851,4.63E-45,160
Q9Y6M0,P17538,35.3,249,140,7,40,286,32,261,4.65E-45,151
Q9Y6M0,P40313,34.9,252,142,7,38,286,30,262,4.34E-42,144
Q9Y6M0,Q04756,33.9,271,152,8,24,281,385,641,4.02E-40,145
Q9Y6M0,P00734,37.2,282,127,13,38,289,360,621,2.95E-39,143
Q9Y6M0,P48740,34.7,262,148,9,36,284,443,694,4.07E-38,140
Q9Y6M0,P00740,30.4,253,146,6,40,283,225,456,1.11E-32,123
Q9Y6M0,P00749,30.2,278,168,9,19,282,155,420,3.70E-31,118
Q9Y6M0,P00750,28.8,281,163,10,28,285,294,560,3.44E-29,114
Q9Y6M0,P00742,28.8,257,159,8,40,290,233,471,1.63E-24,100
Q9Y6N7,P20273,30.9,243,139,12,157,389,238,461,5.81E-18,87.4
Q9Y6Q1,P17655,33,548,307,13,10,526,29,547,1.33E-94,303
Q9Y6Q1,P07384,33.8,509,275,13,11,489,40,516,2.57E-85,279
Q9Y6Q9,Q15788,33.2,1550,679,60,1,1410,1,1334,1.91E-153,500
Q9Y6Q9,Q99814,22.3,247,178,7,116,355,90,329,5.28E-10,61.2
Q9Y6V0,P05771,37,135,73,3,4696,4830,160,282,6.67E-17,85.5
Q9Y6V0,P17252,33.3,135,78,3,4696,4830,160,282,9.16E-15,78.6
Q9Y6V0,P05129,34.6,136,76,5,4696,4830,159,282,1.45E-13,74.7
Q9Y6X5,P22413,37.9,388,222,7,26,396,210,595,5.36E-75,249
Q9Y6X5,O14638,35.8,391,228,12,24,396,158,543,9.77E-71,237
Q9Y6X5,Q13822,32.9,407,227,13,26,408,164,548,1.51E-54,192
Q9Y6X6,Q8WXR4,35,765,456,14,404,1162,346,1075,1.72E-127,432
Q9Y6X6,Q8NEV4,34.4,785,463,16,404,1177,341,1084,3.86E-124,427
Q9Y6X6,Q9UKN7,32.8,769,435,18,404,1164,1225,1919,7.42E-95,340
Q9Y6X6,P35579,28.5,796,493,17,404,1187,84,815,5.51E-82,297
Q9Y6X6,P35580,28.1,825,512,18,380,1187,62,822,2.20E-81,295
Q9Y6X6,Q7Z406,29.1,798,486,18,404,1187,108,839,1.36E-79,290
Q9Y6X6,Q9UKX2,28.1,797,489,16,389,1164,71,804,2.39E-75,276
A0PJX0,Q9Y6T7,32.5,77,43,2,94,164,146,219,7.44E-06,42.7
A1YPR0,Q05516,40.5,121,67,2,8,128,8,123,7.64E-20,90.9
A2A3K4,Q9BVJ7,41.4,70,40,1,174,242,78,147,3.51E-09,53.5
A2A3K4,Q9UNH5,36.8,87,53,1,142,228,232,316,3.89E-09,57
A4D1S5,P61026,43.9,173,96,1,10,182,2,173,8.85E-52,163
A4D1S5,P20340,37,162,101,1,18,179,14,174,6.76E-39,130
A4FU49,Q16584,50,64,25,2,69,125,45,108,7.17E-13,68.9
A4FU49,Q5TCX8,42.3,78,40,2,69,143,42,117,7.00E-12,65.9
A4FU49,P80192,47.4,57,27,1,70,123,57,113,2.14E-11,64.3
A4FU49,Q02779,48.4,62,28,2,69,126,20,81,8.05E-11,62.4
A6NCE7,Q9GZQ8,99.2,125,1,0,1,125,1,125,2.74E-84,239
A6NCE7,Q9H492,81.7,120,22,0,1,120,1,120,1.43E-67,197
A6NCW0,Q6R6M4,96.8,530,17,0,1,530,1,530,0,1044
A6NCW0,O75604,29.1,333,193,11,80,372,267,596,7.27E-30,120
A6NCW0,Q9UK80,28.6,346,190,11,81,372,213,555,2.98E-26,109
A6NCW0,Q13107,23.5,255,149,7,69,291,293,533,9.15E-10,58.5
A6ND48,O43194,29.3,133,83,4,14,139,22,150,2.48E-06,45.8
A6NFD8,Q14469,39.6,101,54,3,14,111,38,134,1.27E-10,57.4
A6NGY5,P29275,30.5,105,71,1,45,149,19,121,8.86E-09,53.1
A6NHC0,P17655,61.8,699,264,2,1,699,1,696,0,911
A6NHC0,P07384,58.6,691,286,0,8,698,18,708,7.11e-310,858
A6NI28,P52757,35.8,173,109,2,401,572,297,468,2.22E-26,110
A6NK97,Q4U2R8,47.9,526,268,2,1,524,1,522,1.86E-168,487
A6NK97,Q8TCC7,46.9,550,269,7,1,544,1,533,8.20E-162,469
A6NK97,Q96S37,40.8,527,303,3,1,518,1,527,8.18E-137,405
A6NK97,Q9NSA0,41.6,529,301,5,1,522,1,528,5.32E-134,398
A6NK97,O75751,33.7,546,324,10,2,523,3,534,1.01E-75,247
A6NK97,O15244,32.8,503,304,9,40,522,42,530,3.84E-64,216
A6NMB1,Q9Y286,38,495,196,9,2,479,1,401,2.51E-87,273
A6NND4,Q9Y5N1,27.5,142,102,1,45,185,50,191,2.70E-08,52
A6NND4,O43614,27.3,143,101,2,36,177,61,201,3.59E-08,51.6
A6NND4,P18825,24.8,161,118,2,46,204,68,227,1.99E-06,46.2
A8MUK1,Q6R6M4,94.7,530,28,0,1,530,1,530,0,1012
A8MUK1,O75604,29.5,332,193,11,80,372,267,596,2.59E-32,128
A8MUK1,Q9UK80,29.2,346,188,11,81,372,213,555,2.14E-27,113
A8MUK1,Q13107,25.5,192,107,6,69,227,293,481,1.75E-10,60.8
O00178,P49411,25.5,436,270,18,151,574,51,443,5.56E-19,87.4
O00321,P11308,63.4,82,30,0,239,320,309,390,1.95E-29,115
O00321,P50549,50,102,48,1,233,331,327,428,2.52E-26,106
O00534,Q9UKK3,26.2,606,392,21,6,593,612,1180,6.60E-41,159
O14626,Q15391,37.6,274,167,3,23,293,31,303,8.13E-62,197
O14626,Q9H244,34.5,307,192,6,3,303,13,316,1.25E-50,168
O14626,Q9UPC5,28.8,292,200,5,8,293,46,335,1.55E-33,124
O14626,P25105,30,293,186,8,23,302,24,310,3.92E-28,108
O14626,P43657,29.4,296,195,6,11,296,11,302,2.71E-26,103
O14626,O00398,27.3,282,191,8,23,297,43,317,3.69E-17,78.2
O14626,P61073,24.1,282,203,6,23,302,47,319,1.87E-16,76.3
O14668,P08709,51.6,91,38,2,3,87,43,133,2.28E-18,80.1
O14668,P00742,51.4,70,34,0,4,73,24,93,1.10E-17,78.2
O14668,P00740,60.6,71,27,1,4,73,30,100,2.63E-17,77
O14668,P00734,49.3,71,36,0,4,74,27,97,3.90E-15,70.9
O14668,P04070,47,66,35,0,4,69,26,91,5.99E-13,64.3
O14718,O14804,23.7,287,190,10,35,305,43,316,5.22E-12,63.2
O14718,P25116,21,290,201,8,37,312,114,389,5.11E-07,48.1
O15016,O15164,25.3,1326,592,28,26,1305,55,1028,2.73E-83,293
O15016,Q9UPN9,25.9,1325,591,28,22,1299,120,1100,3.72E-83,294
O15016,P25440,47.5,80,36,3,1200,1276,371,447,1.20E-12,69.7
O15016,Q14839,50.9,53,21,1,1102,1149,441,493,2.37E-11,65.9
O15016,Q15059,45,80,38,2,1200,1276,333,409,5.15E-11,64.3
O15016,Q9NRL2,39.6,91,51,2,1186,1275,1439,1526,4.45E-10,61.6
O15016,Q9BXF3,42,88,47,2,1198,1284,456,540,5.77E-10,61.2
O15016,Q58F21,33,106,64,3,1186,1287,36,138,5.88E-09,57.8
O15016,Q92793,43.2,81,39,3,1198,1274,1108,1185,7.97E-08,54.3
O15016,O60885,31.1,90,56,2,1200,1286,82,168,1.26E-07,53.5
O15016,Q09472,42,81,40,3,1198,1274,1072,1149,1.79E-07,53.1
O15218,P25106,34.2,292,185,3,52,336,40,331,3.53E-56,186
O15218,P30556,27.1,321,225,4,59,371,34,353,1.65E-33,125
O15218,P51686,28.4,282,194,5,59,335,54,332,8.96E-31,118
O15218,P25024,29.8,295,199,6,41,332,28,317,1.71E-30,117
O15218,P32246,28,275,194,4,59,331,40,312,9.25E-30,115
O15218,P25025,27.3,341,233,7,27,357,23,358,2.61E-29,114
O15218,P50052,28,282,192,5,59,331,50,329,2.54E-28,111
O15218,P51681,27.6,304,214,5,32,332,9,309,7.65E-28,110
O15218,P51677,26.4,318,219,5,59,363,40,355,1.51E-27,109
O15218,Q13304,28.1,278,191,3,60,333,66,338,3.38E-27,108
O15218,P30872,31.6,310,168,9,37,328,48,331,2.23E-26,106
O15218,P35346,31.3,300,165,9,48,328,35,312,1.25E-24,101
O15218,P51679,26.9,275,197,3,59,332,45,316,1.63E-24,100
O15218,P51684,26.8,280,194,6,60,332,53,328,1.24E-23,98.6
O15218,P30411,25.4,276,198,2,63,330,67,342,1.49E-23,98.6
O15218,P31391,30.6,281,170,6,59,328,53,319,2.67E-23,97.8
O15218,P41145,29.2,291,178,6,54,328,60,338,3.33E-23,97.4
O15218,O00398,27.5,284,186,8,60,331,41,316,3.79E-23,96.7
O15218,P43657,24.4,295,212,4,39,324,3,295,5.51E-23,96.3
O15218,Q15743,28.1,274,177,9,60,324,28,290,3.82E-21,91.3
O15218,Q99677,24.9,281,196,6,58,328,44,319,1.35E-20,89.7
O15218,Q8TDU9,28.5,281,174,7,66,331,52,320,6.37E-20,87.8
O15218,Q9Y271,24.3,296,199,5,59,339,29,314,9.16E-19,84
O15218,Q9BXC1,26.9,290,194,7,60,337,26,309,1.19E-18,83.6
O15218,Q9GZQ4,27.3,304,180,11,60,335,52,342,1.26E-18,84.3
O15370,Q9UJU2,34.7,72,47,0,39,110,298,369,5.73E-08,50.8
O15375,O15427,38.8,438,249,4,2,438,10,429,8.47E-102,311
O15375,P53985,30,466,296,7,9,448,15,476,1.78E-72,236
O15403,P53985,30.7,453,282,8,19,468,14,437,2.44E-58,199
O15539,P49798,53.3,180,82,2,1,180,1,178,1.68E-61,187
O15539,P57771,51.8,166,78,1,15,180,9,172,4.44E-56,172
O15539,Q9UGC6,38.9,131,80,0,51,181,71,201,1.35E-31,110
O43347,P09651,43.2,192,106,2,12,200,6,197,1.96E-46,159
O43638,Q08050,47,83,40,2,18,99,236,315,1.77E-18,83.6
O43657,P08962,29.3,232,160,3,16,245,9,238,2.95E-32,115
O43930,P51817,92.3,272,21,0,1,272,1,272,1.77E-185,511
O43930,P22694,54.6,227,103,0,46,272,41,267,1.52E-93,277
O43930,P17612,52.8,235,111,0,38,272,33,267,6.96E-92,273
O43930,P22612,50.2,223,111,0,50,272,45,267,9.47E-87,260
O43930,Q13237,47.6,225,114,2,47,267,451,675,9.04E-67,218
O43930,Q9HBY8,47.1,221,113,2,48,264,34,254,4.22E-66,207
O43930,Q13976,45.6,228,119,3,45,267,356,583,4.72E-66,215
O43930,Q9Y243,44.6,231,125,1,46,273,145,375,9.68E-65,207
O43930,P31751,42.9,231,129,1,46,273,149,379,1.10E-63,204
O43930,O00141,45.9,220,115,2,42,257,91,310,2.66E-63,202
O43930,Q96BR1,47.7,214,108,2,48,257,161,374,1.78E-61,199
O43930,P31749,42.7,232,129,2,46,273,147,378,3.50E-61,198
O43930,P23443,44,225,119,3,50,267,92,316,2.62E-59,194
O43930,Q9UBS0,42.7,225,122,3,50,267,68,292,4.53E-58,190
O43930,P51812,40.9,230,119,4,50,268,69,292,1.15E-53,182
O43930,O75676,44,209,107,5,46,244,30,238,3.95E-53,181
O43930,Q9UK32,40.4,235,123,4,50,273,74,302,4.38E-53,181
O43930,Q15418,39.1,235,126,4,50,273,63,291,5.54E-53,181
O43930,Q15349,40,230,121,4,50,268,60,283,1.98E-52,179
O43930,O75116,36.1,241,141,5,45,273,88,327,3.09E-52,180
O43930,Q13464,35.4,243,146,4,45,277,72,313,1.06E-51,179
O43930,Q16512,39.3,247,138,5,28,268,599,839,1.12E-51,178
O43930,P41743,41.1,236,126,4,46,268,251,486,1.54E-51,175
O43930,Q9Y2H1,31,268,145,3,46,273,87,354,2.48E-51,172
O43930,Q16513,39,231,134,3,44,268,652,881,3.08E-51,177
O60412,Q96RJ0,24.8,129,97,0,21,149,20,148,1.63E-06,46.2
O75095,O43897,60,40,16,0,161,200,730,769,4.68E-10,61.6
O75095,Q9Y6L7,60,40,16,0,161,200,732,771,1.81E-09,59.7
O75095,P13497,57.5,40,17,0,161,200,703,742,3.54E-08,55.5
O75310,P16662,85.6,513,74,0,1,513,1,513,0,919
O75310,O75795,75.1,530,131,1,1,529,1,530,5.40E-304,828
O75310,P22309,45.5,503,240,6,24,512,28,510,2.26E-141,416
O75310,Q9HAW7,45.3,512,266,7,5,512,6,507,6.58E-140,412
O75310,Q9HAW8,45.3,514,263,8,5,512,6,507,1.32E-139,411
O75310,O60656,44.5,517,263,8,5,512,6,507,7.44E-139,409
O75310,P19224,45,498,248,5,25,512,28,509,7.93E-139,409
O75388,P25090,40.5,304,178,3,42,342,25,328,9.93E-61,196
O75388,P21462,34.4,305,198,2,45,347,28,332,2.85E-51,171
O75388,Q9Y5Y4,34.4,285,174,6,57,335,46,323,4.24E-32,121
O75388,Q16581,41.2,148,83,2,45,188,25,172,2.88E-25,103
O75388,P41145,27.7,318,197,7,30,327,37,341,6.92E-24,98.6
O75388,P32246,25.5,275,191,6,55,325,46,310,1.71E-20,88.6
O75388,P49238,26.1,284,193,6,56,336,44,313,5.86E-20,87
O75388,P51677,24.5,273,194,5,56,325,47,310,2.00E-19,85.5
O75388,P51681,24.4,287,203,7,57,339,44,320,1.87E-17,79.7
O75388,P49682,29.5,288,169,10,57,331,67,333,2.31E-16,76.6
O75388,Q96LB1,26.4,277,156,8,56,320,43,283,1.92E-10,58.5
O75388,P46663,27.1,284,181,7,57,326,51,322,2.13E-09,55.5
O75493,P35218,32.9,237,152,5,65,299,61,292,8.45E-36,129
O75493,Q9Y2D0,32.2,255,162,6,50,302,50,295,1.15E-33,123
O75493,P43166,31.8,242,158,5,63,302,25,261,3.76E-33,120
O75493,Q9ULX7,31.4,242,144,10,68,299,45,274,4.19E-27,106
O75493,P23470,27.4,266,175,8,48,299,56,317,1.14E-18,84.3
O75493,P23471,27.2,206,139,7,67,266,60,260,3.51E-13,67.8
O75715,P07203,49.5,184,88,2,39,217,15,198,1.87E-55,173
O75715,P36969,32.7,162,89,4,54,214,54,196,5.21E-18,76.3
O75830,P05121,32.7,370,242,6,27,392,36,402,1.05E-59,196
O75830,P01008,33.9,381,238,7,23,392,84,461,8.92E-59,196
O75830,P50454,26.6,384,262,8,23,398,44,415,1.07E-38,141
O75953,P31689,34.5,365,192,8,5,346,7,347,9.72E-51,171
O76001,P08172,27.2,151,98,3,39,184,35,178,1.92E-07,49.3
O76001,P11229,28.8,139,97,1,39,177,37,173,1.06E-06,47
O76002,P11229,30.2,149,102,1,37,185,37,183,1.94E-09,55.5
O76002,P08172,28.5,151,96,3,37,182,35,178,3.48E-08,51.6
O76002,P08173,26.8,149,107,1,37,185,44,190,2.62E-07,48.9
O76002,P08912,26.2,149,108,1,37,185,42,188,8.58E-07,47.4
O76002,P20309,26.2,149,108,1,37,185,80,226,2.09E-06,46.2
O94844,P63000,40,200,94,7,12,208,1,177,6.93E-36,131
O94844,P60953,39,200,96,7,12,208,1,177,4.78E-33,123
O94844,P61586,38.7,204,91,8,16,212,7,183,1.55E-31,119
O94889,Q14145,32.6,380,208,6,15,346,54,433,1.16E-63,217
O95007,P41968,32.1,134,69,4,30,149,44,169,2.65E-06,45.4
O95625,Q05516,30.8,117,69,3,187,303,7,111,3.76E-09,57.8
O95625,Q14145,34.8,89,52,2,196,279,59,146,5.83E-06,47.4
O95661,P62834,35.7,182,112,4,35,213,1,180,6.35E-30,107
O95661,P01116,30.1,193,129,3,37,229,3,189,3.28E-22,87.4
O95661,P01112,30.6,160,109,1,37,196,3,160,4.81E-21,84.3
O95661,P01111,30.6,160,109,1,37,196,3,160,1.31E-20,83.2
O95661,O14966,22.7,163,122,3,38,196,8,170,4.90E-06,43.1
O95755,P60953,29,176,112,4,125,289,5,178,2.53E-11,59.3
O95757,P0DMV8,32.2,500,318,9,2,494,5,490,1.88E-82,275
O95757,P11142,33.3,501,307,10,4,494,7,490,2.06E-80,269
O95757,P54652,30,543,352,9,4,529,8,539,4.19E-75,254
O95757,P11021,31.9,499,320,10,2,494,29,513,1.10E-74,254
O95757,P38646,29.6,500,326,8,2,494,54,534,5.08E-65,228
P01703,P01721,70.9,117,31,2,1,115,1,116,4.94E-54,162
P01714,P01721,60.3,116,42,2,1,112,1,116,1.13E-39,125
P01715,P01721,58.6,116,44,2,1,112,1,116,8.95E-47,144
P01717,P01721,61.2,116,41,2,1,112,1,116,5.34E-45,139
P01718,P01721,57.3,117,46,2,1,113,1,117,8.71E-42,131
P04430,P01721,47.8,113,54,3,7,115,4,115,1.43E-24,87.8
P09093,Q99895,55.8,258,108,4,11,265,10,264,9.81E-101,292
P09093,Q9UNI1,55.9,247,105,3,25,270,15,258,3.08E-97,283
P09093,P17538,43.2,273,137,11,3,270,4,263,1.97E-60,189
P09093,P20231,34,282,159,10,2,267,1,271,1.64E-46,154
P09093,Q15661,34.3,283,157,11,2,267,1,271,3.25E-46,153
P09093,P00747,41,244,118,10,28,264,580,804,3.81E-45,159
P09093,O15393,33.8,263,147,9,11,263,239,484,6.05E-40,142
P09093,Q9NRR2,35,257,146,9,20,269,29,271,6.28E-39,135
P09093,Q9NRS4,34.7,251,134,10,23,263,199,429,3.90E-37,133
P09093,P08246,33.7,246,133,8,26,267,27,246,9.92E-34,120
P09093,O60235,30.4,247,151,7,25,265,183,414,2.92E-32,120
P0C0E4,P51159,34.2,184,105,3,8,177,3,184,3.73E-30,110
P0C263,P0C264,43.1,297,162,6,36,329,16,308,8.45E-66,209
P0C263,Q52WX2,41.9,279,159,3,43,321,34,309,6.56E-65,209
P0C263,Q05513,30.7,270,150,8,62,315,252,500,4.32E-20,88.6
P0C263,P17612,31.3,217,134,9,56,267,39,245,5.10E-20,87
P0C263,P41743,29.5,264,163,8,62,315,254,504,2.01E-18,83.6
P0C263,P22694,31.2,215,130,9,60,267,42,245,1.26E-17,80.1
P0C263,Q9HBY8,28.9,277,163,11,62,325,35,290,1.42E-17,80.1
P0C263,P24723,33.2,211,123,8,62,264,355,555,1.70E-17,80.9
P0C263,Q9NRP7,29.5,264,155,11,60,315,2,242,9.18E-17,79
P0C263,O00141,29.6,223,135,8,65,278,101,310,3.85E-16,76.3
P0C263,P05129,29.6,260,152,8,68,315,357,597,4.27E-16,76.6
P0C263,Q96BR1,28.8,257,153,9,62,309,162,397,4.54E-16,76.3
P0C263,Q13237,31.1,206,126,7,63,262,454,649,1.07E-15,75.5
P0C263,Q02156,27.4,281,161,11,55,320,402,654,1.88E-15,74.7
P0C263,Q9HBH9,25.4,299,185,11,57,329,81,367,4.41E-15,73.2
P0C263,P17252,28.5,256,155,9,68,315,345,580,7.68E-15,72.8
P0C263,P51817,28.9,211,134,7,62,266,49,249,2.35E-14,70.5
P0C263,Q13470,33.2,262,139,16,68,312,122,364,3.26E-14,70.9
P0C263,Q05655,29.7,202,126,5,68,262,355,547,4.38E-14,70.5
P0C263,P31751,25.6,270,156,9,62,315,152,392,6.27E-14,69.7
P0C263,P51956,28.8,205,135,6,62,262,4,201,6.54E-14,69.7
P0C263,Q13976,31.1,206,125,8,68,266,366,561,1.04E-13,69.3
P0C263,P05771,27,256,159,9,68,315,348,583,4.40E-13,67.4
P0C263,Q8IY84,28.1,199,131,5,68,262,80,270,5.82E-13,66.6
P0C263,O75676,29.2,219,127,7,60,262,31,237,4.65E-12,64.3
P0C645,Q96RJ0,23.8,160,110,6,24,178,19,171,3.75E-08,51.2
P0C645,P41968,28.7,129,82,3,33,153,43,169,2.03E-06,45.8
P0CG38,P61160,46.7,381,188,4,707,1072,8,388,8.63E-114,355
P0CG38,P61158,33.7,407,229,8,709,1075,9,414,2.78E-64,221
P0CG39,P61160,45.9,381,191,4,670,1035,8,388,6.69E-112,349
P0CG39,P61158,33.4,407,230,8,672,1038,9,414,1.09E-63,219
P16260,P12236,31.5,251,134,8,38,270,10,240,1.23E-28,109
P16260,P05141,30.4,250,138,8,38,270,10,240,3.24E-27,105
P19961,P04746,98.8,511,6,0,1,511,1,511,0,1078
P25089,P25090,72.2,353,96,1,1,353,1,351,9.23E-176,489
P25089,P21462,58.5,352,143,2,1,352,1,349,2.88E-131,376
P25089,Q99788,36.7,316,185,6,19,327,33,340,6.93E-59,192
P25089,Q9Y5Y4,34.8,302,183,3,29,325,35,327,8.51E-49,166
P25089,Q16581,39.3,196,107,4,4,190,3,195,9.13E-39,141
P25089,P30556,28.7,317,208,6,9,317,11,317,1.14E-38,138
P25089,P25024,31.3,291,184,6,30,317,43,320,2.68E-35,129
P25089,P25025,29.9,304,195,7,18,317,40,329,2.33E-34,127
P25089,P31391,30.5,325,193,9,4,317,24,326,1.36E-32,122
P25089,P30872,29.6,311,187,8,16,317,51,338,1.42E-32,122
P25089,P51679,26.3,316,206,7,14,319,23,321,4.12E-30,115
P25089,P51686,30,290,186,6,33,317,55,332,9.06E-30,114
P25089,P50052,28.5,298,181,10,31,313,49,329,1.91E-23,97.1
P25089,Q9NS75,25.7,300,194,9,28,317,40,320,7.50E-23,95.1
P25089,P30411,27.8,291,183,7,35,312,66,342,3.60E-21,90.9
P25089,Q8TDS4,27.7,318,203,8,32,340,33,332,7.06E-21,89.7
P25089,P49019,27.7,318,203,8,32,340,33,332,1.61E-20,89
P25089,P47211,26.2,317,195,12,13,311,17,312,7.25E-20,86.7
P25089,Q99527,28.1,331,194,11,2,313,30,335,9.16E-20,86.7
P25089,P25929,26,311,187,15,27,313,40,331,7.47E-17,78.2
P25089,P49286,28.3,297,177,12,35,317,49,323,1.47E-13,68.2
P25089,P49683,22.9,314,189,9,30,317,64,350,2.05E-13,67.8
P25089,Q9HC97,27.9,287,169,12,34,311,28,285,6.30E-13,65.9
P25089,Q96LB1,23.1,299,185,9,40,328,44,307,1.83E-11,61.6
P25089,P48039,27.2,338,206,13,1,320,1,316,2.05E-10,58.5
P29762,P15090,39.1,133,75,2,4,136,5,131,6.01E-24,87.4
P30953,Q96RJ0,27,122,89,0,28,149,27,148,8.89E-07,47
P30953,P29275,29.8,131,89,2,22,151,4,132,2.76E-06,45.4
P32314,Q08050,34.3,166,75,6,43,191,164,312,7.95E-20,89.4
P32314,O43524,41.5,82,40,2,116,192,161,239,6.58E-14,70.9
P32314,Q12778,38.5,104,52,4,97,192,143,242,3.53E-13,68.6
P34820,P22004,46,446,163,5,34,402,69,513,3.45E-128,376
P34820,P12644,31.5,381,212,10,42,401,55,407,2.39E-52,177
P34820,P12643,31.6,376,208,13,43,401,52,395,5.22E-51,173
P35410,Q96LB2,38.5,270,152,5,84,343,36,301,1.73E-39,140
P35410,Q96LB1,35.6,275,165,6,85,347,40,314,1.58E-35,130
P35410,Q9Y5Y4,29.7,128,69,5,84,200,41,158,7.73E-06,44.7
P36537,P16662,87.5,529,65,1,1,528,1,529,0,961
P36537,O75795,76.8,530,121,2,1,528,1,530,4.69E-307,836
P36537,P22309,46.1,505,262,6,23,526,28,523,2.06E-147,431
P36537,P19224,45.5,506,262,7,24,526,28,522,2.33E-143,421
P36537,Q9HAW8,44.8,531,268,8,5,526,6,520,2.48E-142,418
P36537,Q9HAW7,44.8,531,268,8,5,526,6,520,2.48E-142,418
P36537,O60656,45.2,529,269,8,5,526,6,520,4.96E-142,417
P43627,Q9HCN6,35.7,244,123,8,1,236,1,218,4.52E-27,106
P47775,P46095,58.6,319,131,1,17,334,44,362,1.00E-124,359
P47775,Q9H228,34.6,292,164,10,48,318,39,324,1.15E-27,108
P47775,P32245,30.5,298,165,8,41,317,43,319,2.07E-25,101
P47775,P21453,29.5,288,180,8,61,331,62,343,5.45E-25,101
P47775,P41968,29.1,326,183,9,15,319,19,317,1.24E-24,99.4
P47775,Q92633,29.1,289,175,8,58,332,63,335,7.61E-24,97.8
P47775,P33032,29.5,288,166,8,50,317,42,312,2.26E-23,95.9
P47775,Q99500,28.2,291,186,8,49,328,47,325,1.49E-22,94.4
P47775,Q01726,32.6,288,163,8,42,312,36,309,3.97E-20,86.7
P47775,Q01718,27.9,269,153,6,61,311,41,286,1.16E-17,79.3
P47775,P0DMS8,25.6,273,188,5,62,320,30,301,9.20E-17,77
P47775,P29275,28.5,214,117,6,126,309,91,298,5.84E-14,68.9
P47775,O95977,26.3,293,191,9,54,333,56,336,2.46E-13,67.4
P47775,Q9H3N8,31.5,92,58,2,247,333,299,390,1.12E-06,47
P47775,P35368,24.1,249,145,6,62,267,63,310,1.73E-06,46.6
P50120,P05413,43,128,69,3,7,133,7,131,4.74E-28,97.8
P50120,O15540,38.1,126,76,1,8,133,8,131,4.23E-26,92.8
P50120,P15090,39.4,127,75,1,7,133,7,131,2.40E-25,90.9
P51689,P08842,49.7,567,279,3,12,577,2,563,8.39E-203,577
P51689,P15289,34,426,214,14,36,459,16,376,5.20E-51,181
P54792,O14640,89.4,695,49,1,1,670,1,695,0,1175
P54793,P08842,48.8,582,287,8,3,579,2,577,2.36E-191,547
P54793,P15289,32.8,561,279,23,30,574,21,499,4.12E-63,213
P57077,O43318,47.6,143,74,1,1,142,464,606,1.05E-31,115
P57723,Q96AE4,36,75,48,0,243,317,102,176,5.69E-09,55.1
P57773,P17302,46.8,252,118,3,1,245,1,243,3.67E-74,237
P57773,P29033,46.1,232,104,3,3,233,2,213,1.50E-65,209
P59533,Q9NYW1,29.4,306,194,7,25,322,16,307,4.34E-28,108
P59533,P59551,27.5,287,153,11,45,305,47,304,3.16E-13,66.6
P59534,Q9NYW5,34,282,177,6,47,325,19,294,1.03E-29,112
P59535,Q9NYW5,30.1,296,187,7,22,309,10,293,2.03E-29,111
P59537,P59538,89.3,309,33,0,1,309,1,309,1.06E-192,528
P59537,Q9NYV8,46.2,303,158,4,8,307,8,308,1.06E-69,216
P59537,Q9NYW1,38.7,297,173,5,19,309,19,312,3.11E-51,169
P59537,P59536,34.8,290,180,7,19,301,19,306,3.09E-34,124
P59540,P59538,85.4,308,45,0,1,308,1,308,1.46E-183,505
P59540,Q9NYV8,45.6,307,154,5,8,307,8,308,5.33E-70,217
P59540,Q9NYW1,39.5,304,177,3,8,306,8,309,9.69E-57,183
P59540,P59536,34.8,290,180,7,19,301,19,306,3.09E-34,124
P59541,P59538,82.1,302,54,0,1,302,1,302,4.45E-169,469
P59541,Q9NYV8,46.5,299,155,4,8,303,8,304,3.30E-68,213
P59541,Q9NYW1,38,292,174,3,19,305,19,308,1.45E-55,180
P59543,P59538,65.7,309,106,0,1,309,1,309,4.49E-131,372
P59543,Q9NYV8,44.5,290,156,4,8,294,8,295,5.92E-63,199
P59543,P59536,32.9,310,172,9,3,294,7,298,2.15E-23,95.1
P59544,P59538,69.1,298,92,0,1,298,1,298,9.29E-133,376
P59544,Q9NYV8,45.2,294,154,5,9,298,9,299,3.43E-65,204
P59544,Q9NYW1,37.4,286,172,3,19,299,19,302,6.50E-47,157
P59544,P59536,33.6,289,184,5,8,290,8,294,9.95E-26,101
P59796,P07203,42.9,184,100,2,39,217,15,198,5.89E-46,149
P59796,P36969,29.4,177,104,6,39,214,40,196,2.68E-18,77
P60153,P07998,23.6,106,80,1,63,168,34,138,2.97E-08,48.5
P80748,P01721,58.1,117,45,2,1,113,1,117,9.22E-45,139
P81133,Q16665,41.1,350,189,5,2,346,19,356,1.47E-75,258
P81133,Q99814,37.8,352,203,5,2,346,16,358,6.22E-66,232
P82980,P05413,35.9,128,78,3,7,133,7,131,2.93E-21,80.5
P82980,O15540,28,125,88,1,9,133,9,131,2.83E-18,72.8
P82980,P15090,29.1,127,88,1,7,133,7,131,3.47E-16,67.4
Q02338,Q9BPW9,36.9,298,169,9,51,343,25,308,9.01E-56,182
Q02338,P37059,36.9,301,173,8,45,338,70,360,1.58E-47,162
Q02338,P80365,35.3,275,156,6,52,317,79,340,9.63E-45,155
Q05D32,Q9GZU7,44.9,167,91,1,281,447,84,249,2.00E-43,151
Q0VDF9,P54652,35.4,505,319,5,3,505,7,506,1.05E-100,313
Q0VDF9,P0DMV8,35.2,509,315,6,2,505,5,503,9.30E-99,308
Q0VDF9,P11142,34.6,509,316,7,3,505,6,503,1.23E-96,303
Q0VDF9,P11021,34.7,505,318,8,4,505,31,526,2.27E-95,300
Q0VDF9,P38646,30.9,512,330,11,2,506,54,548,1.74E-70,235
Q12829,P51159,34.4,195,110,4,11,189,6,198,8.50E-33,117
Q12926,Q14576,80.1,367,57,3,1,359,9,367,6.25E-205,564
Q12926,Q15717,73.8,321,71,1,38,358,19,326,2.73E-175,487
Q12950,Q08050,46.3,82,40,2,104,184,236,314,1.10E-16,79.7
Q12988,P04792,40.2,82,49,0,65,146,89,170,5.78E-16,68.9
Q12999,P08962,25.4,228,124,8,4,193,5,224,3.64E-06,43.5
Q13474,P46939,51.1,890,406,11,79,943,2536,3421,1.45E-266,823
Q13607,P0DMS8,24,150,111,2,39,187,27,174,8.47E-08,50.1
Q13607,P49683,35.3,119,74,2,30,146,66,183,1.29E-06,46.6
Q14409,P32189,97.5,559,8,1,1,553,1,559,0,1088
Q14952,Q9HCN6,36.1,216,107,6,28,236,27,218,1.30E-25,101
Q15034,P46934,31,355,227,6,706,1047,966,1315,5.92E-46,177
Q15283,P51813,30.4,135,85,3,611,738,11,143,1.91E-13,71.2
Q15620,P32238,33.3,111,71,1,20,130,40,147,1.00E-05,43.9
Q15760,O43614,24.5,323,187,7,74,345,63,379,7.12E-27,108
Q15760,Q6W5P4,26.9,349,215,10,27,354,25,354,1.15E-24,101
Q15760,O43613,25,324,184,6,75,345,56,373,3.73E-24,100
Q15760,P07550,25.4,327,208,10,65,359,33,355,2.09E-23,98.6
Q15760,Q13639,27.3,300,186,8,77,346,31,328,6.39E-19,85.1
Q15760,P08172,34.4,154,99,1,51,202,9,162,1.35E-17,81.6
Q15760,P14416,28.8,170,112,2,80,246,49,212,1.27E-16,78.6
Q15760,P20309,32.6,132,87,1,73,202,76,207,2.38E-16,78.2
Q15760,P08173,34.1,132,85,1,73,202,40,171,2.55E-16,77.8
Q15760,P11229,30.7,150,98,2,59,202,15,164,7.65E-16,76.3
Q15760,P28223,25.6,305,182,7,77,338,86,388,7.90E-16,76.3
Q15760,P35462,30.7,179,111,4,75,246,39,211,8.07E-16,75.9
Q15760,P35368,25.6,344,205,8,42,339,19,357,2.10E-15,75.1
Q15760,P51685,25.1,311,200,11,51,345,22,315,4.80E-15,73.2
Q15760,P08912,31.3,128,86,1,64,189,29,156,6.75E-15,73.6
Q15760,P29275,27.1,288,172,10,79,338,21,298,9.81E-15,72
Q15760,P25100,25.2,314,188,7,70,339,101,411,5.15E-13,67.8
Q15760,P29274,26.5,298,174,12,77,343,18,301,1.55E-12,65.9
Q15760,P25106,22.7,299,197,7,67,345,46,330,5.38E-12,63.9
Q15760,P41595,31.7,123,81,2,79,198,68,190,1.25E-09,57
Q15760,P28335,30.5,128,86,2,74,198,62,189,6.57E-09,54.7
Q15760,P30518,22.5,311,214,8,59,346,35,341,1.27E-08,53.5
Q15760,P0DMS8,23.5,238,166,5,67,294,17,248,3.23E-06,45.8
Q16557,P17948,22.3,368,218,15,106,412,389,749,2.65E-06,47
Q16589,P24864,27.6,116,81,2,51,165,140,253,5.20E-07,48.1
Q2KJY2,O15066,32.2,307,185,8,504,804,54,343,1.86E-33,137
Q2KJY2,O60282,31.6,304,182,9,505,802,45,328,2.27E-29,125
Q2KJY2,Q12840,31.6,304,182,9,505,802,45,328,2.21E-28,122
Q2KJY2,P33176,29.4,306,191,8,502,802,41,326,4.61E-28,120
Q2L4Q9,Q16651,34.5,278,160,6,8,272,17,285,3.36E-43,154
Q2L4Q9,Q8IU80,35.9,248,145,3,28,269,568,807,6.66E-42,158
Q2L4Q9,P05981,34.2,243,134,9,42,268,168,400,3.07E-32,125
Q2L4Q9,O60235,30.8,237,151,6,294,521,180,412,7.81E-30,119
Q2L4Q9,P40313,30.6,235,139,8,42,268,39,257,3.62E-26,105
Q2L4Q9,P03951,29.6,247,154,5,290,521,377,618,7.87E-25,105
Q2L4Q9,P10323,28.3,254,150,8,297,523,39,287,8.10E-24,101
Q2L4Q9,P17538,28.2,241,155,6,294,524,27,259,6.27E-20,87
Q2L4Q9,P00746,29.4,231,132,8,49,268,38,248,9.62E-20,86.3
Q2L4Q9,Q9UKR3,31.7,227,129,8,309,521,44,258,7.99E-17,78.2
Q2L4Q9,P00740,29.7,236,145,7,300,521,226,454,8.98E-17,80.1
Q2L4Q9,P14210,27.2,224,144,7,50,268,507,716,1.18E-16,80.5
Q2L4Q9,Q9UNI1,28.5,235,153,6,303,524,22,254,3.64E-16,75.9
Q2L4Q9,P00742,27.7,238,147,9,300,521,234,462,5.46E-16,77.8
Q2L4Q9,Q9P0G3,32.7,226,123,11,310,521,50,260,1.86E-15,73.9
Q2L4Q9,P49862,29.6,247,135,11,298,522,17,246,3.04E-14,70.1
Q2L4Q9,P09871,28.2,220,128,10,327,521,461,675,5.92E-12,65.5
Q2L4Q9,P06681,36.8,106,52,3,313,404,479,583,1.08E-11,64.7
Q2L4Q9,P35030,25.5,247,159,9,289,521,61,296,4.84E-09,55.1
Q2L4Q9,P08311,27.7,235,135,10,303,521,23,238,4.64E-08,51.6
Q2M2H8,O43451,66.9,1718,550,12,50,1758,97,1803,0,2394
Q2M2H8,P14410,56.8,1771,733,17,51,1807,74,1826,0,2077
Q2M2H8,P10253,41.6,883,471,16,49,904,87,951,4.54E-214,670
Q2M2H8,Q8TET4,28.1,733,423,20,1031,1732,182,841,2.73E-74,266
Q2M2H8,Q14697,29.6,584,345,13,1155,1732,349,872,2.69E-69,251
Q2TAC6,O15066,41.5,328,179,5,63,386,55,373,2.62E-61,220
Q2TAC6,Q7Z4S6,35.4,505,242,14,5,463,3,469,1.01E-59,221
Q2TAC6,Q9Y496,37.7,377,212,7,14,384,17,376,1.66E-59,214
Q2TAC6,P52732,38.6,399,201,12,6,382,13,389,4.76E-59,217
Q2TAC6,O60282,37.1,353,198,5,6,354,3,335,9.15E-57,209
Q2TAC6,Q9NS87,39.8,344,184,6,55,384,59,393,9.70E-57,211
Q2TAC6,P33176,36.9,352,198,4,6,354,3,333,1.27E-56,209
Q2TAC6,Q02224,36,383,217,7,7,384,2,361,3.79E-56,210
Q2TAC6,Q12840,37.8,347,191,5,12,354,10,335,1.37E-55,206
Q2TAC6,O60333,35.5,428,223,10,14,416,8,407,5.04E-55,206
Q2TAC6,Q15058,35.9,398,216,9,2,379,349,727,6.93E-52,196
Q2TAC6,Q99661,36.4,349,197,9,8,346,255,588,9.71E-49,182
Q2TAC6,Q02241,29.8,363,171,6,61,340,69,430,6.19E-35,141
Q2TAC6,Q9BW19,35.4,294,168,8,65,342,372,659,1.42E-31,129
Q2TAC6,O95235,32.1,215,134,4,141,346,296,507,1.73E-23,104
Q2VIR3,P49411,25.8,357,204,12,42,385,61,369,1.87E-19,87.8
Q3B8N2,O00182,94.9,356,17,1,1,356,1,355,6.62E-256,692
Q3B8N2,P56470,38.1,352,173,10,9,355,11,322,7.81E-66,208
Q3B8N2,P17931,41.7,139,74,3,219,352,107,243,1.39E-28,108
Q3B8N2,P09382,26.3,99,70,1,52,147,36,134,7.32E-12,59.7
Q3MIN7,Q8IV61,26.2,267,165,7,250,513,155,392,4.40E-16,79.3
Q3SY77,P22309,34.5,496,295,11,16,497,21,500,1.22E-77,251
Q3SY77,O75795,33.3,477,292,11,34,494,34,500,2.37E-76,247
Q3SY77,P16662,36,408,246,7,121,522,127,525,6.37E-76,246
Q3SY77,P19224,30.9,482,298,8,33,497,36,499,6.08E-72,236
Q3SY77,Q9HAW7,31,496,303,13,20,497,23,497,1.89E-67,224
Q3SY77,Q9HAW8,30.5,505,294,13,20,497,23,497,2.64E-67,223
Q3SY77,O60656,30.6,496,305,13,20,497,23,497,3.69E-67,223
Q495N2,Q7Z2H8,60,458,179,4,3,457,6,462,1.38E-175,498
Q495X7,O00481,43,179,96,5,289,464,336,511,3.70E-34,131
Q49SQ1,Q99788,36.8,326,196,6,8,326,20,342,1.93E-59,192
Q49SQ1,Q9Y5Y4,30,293,199,3,38,326,41,331,2.67E-39,140
Q49SQ1,P31391,29.6,287,166,8,41,312,59,324,8.63E-32,120
Q49SQ1,P30872,26.5,306,198,9,18,312,47,336,8.73E-31,117
Q49SQ1,P35372,28.2,284,178,7,41,312,82,351,6.49E-29,112
Q49SQ1,P41143,29.4,286,171,9,42,312,62,331,5.51E-27,106
Q49SQ1,P32246,28,286,175,7,41,312,46,314,2.99E-26,104
Q49SQ1,P41145,26.6,301,196,7,24,311,54,342,1.07E-25,103
Q49SQ1,P51677,23.4,278,188,7,42,308,47,310,1.71E-20,88.2
Q49SQ1,Q99705,25.9,239,152,6,81,308,165,389,2.91E-17,79.3
Q49SQ1,P48145,25.8,287,185,10,42,314,50,322,1.53E-15,73.6
Q49SQ1,P49683,24.3,251,160,8,29,263,60,296,2.17E-14,70.5
Q49SQ1,P21452,21.6,259,175,8,21,264,24,269,8.23E-13,65.9
Q49SQ1,P29371,23.2,315,202,11,20,313,75,370,7.31E-12,63.2
Q49SQ1,P18089,32.4,108,71,2,76,182,61,167,3.04E-10,58.2
Q4G0T1,P58215,28.7,526,291,18,38,534,55,525,4.35E-40,156
Q4G0T1,Q9Y4K0,25.1,554,301,17,28,534,58,544,3.27E-32,132
Q53HC5,Q14145,26.6,413,281,7,29,432,43,442,4.17E-38,146
Q562R1,P61160,45.6,388,196,4,1,373,1,388,1.24E-121,354
Q562R1,P61158,36,411,222,7,6,376,5,414,1.58E-80,250
Q58FF6,P08238,72.2,572,91,4,1,504,25,596,4.29E-239,671
Q58FF6,P07900,64.2,575,135,4,1,504,30,604,2.65E-209,595
Q58FF6,Q58FF8,53.6,507,72,5,1,505,25,370,3.61E-122,360
Q58FF6,P14625,37.4,577,278,8,1,504,86,652,6.43E-90,289
Q58FF6,Q12931,24.6,581,288,11,1,499,98,610,1.48E-39,149
Q58FF7,P08238,77.9,724,33,4,1,597,1,724,0,983
Q58FF7,P07900,68.4,732,96,6,1,597,1,732,6.27e-314,865
Q58FF7,Q58FF8,54.8,518,60,5,1,481,1,381,7.90E-142,414
Q58FF7,P14625,40.9,690,281,9,10,573,71,759,3.59E-138,419
Q58FF7,Q12931,30.1,409,225,9,17,400,90,462,2.95E-48,176
Q58FG1,P07900,53.8,669,57,4,2,418,62,730,2.28E-196,558
Q58FG1,P08238,47.3,666,102,4,2,418,57,722,4.00E-174,501
Q58FG1,P14625,27.9,634,210,8,3,389,119,752,1.51E-60,207
Q58FG1,Q58FF8,34.4,378,120,9,2,304,57,381,9.72E-43,151
Q58FG1,Q12931,28.5,270,120,3,15,211,140,409,4.02E-26,108
Q5FYB0,P08842,37.4,147,80,5,67,201,18,164,1.56E-23,102
Q5H9U9,P42285,42.2,128,64,3,1240,1357,447,574,5.33E-16,81.3
Q5JUX0,Q9Y657,82.9,263,39,2,1,258,1,262,2.47E-162,447
Q5MAI5,Q00532,70.8,301,87,1,1,300,2,302,4.64E-163,458
Q5MAI5,Q92772,53.9,310,137,3,1,304,1,310,4.97E-122,359
Q5MAI5,Q8IVW4,50.2,287,141,2,1,286,1,286,9.53E-99,302
Q5MAI5,O76039,46.7,291,151,3,1,288,10,299,9.13E-87,279
Q5MAI5,Q00526,40.1,297,160,5,1,288,1,288,5.40E-71,222
Q5MAI5,P24941,47.7,220,113,2,1,218,1,220,1.37E-69,218
Q5MAI5,Q00535,39,292,172,4,1,289,1,289,1.12E-66,210
Q5MAI5,P06493,47.1,221,114,2,1,218,1,221,3.65E-66,209
Q5MAI5,P50613,38.9,301,157,6,2,288,10,297,1.98E-62,201
Q5MAI5,Q15131,35.6,289,182,3,1,286,36,323,2.41E-56,186
Q5MAI5,Q00534,36,303,171,8,2,290,11,304,3.85E-56,184
Q5MAI5,P50750,34.7,303,178,5,1,286,16,315,9.70E-55,182
Q5MAI5,Q9UPZ9,34.7,291,178,4,1,286,1,284,1.40E-54,187
Q5MAI5,Q00537,33.1,290,191,3,1,289,189,476,1.77E-53,182
Q5MAI5,Q8TD08,35.6,295,167,8,11,289,20,307,2.56E-53,182
Q5MAI5,Q07002,33.8,296,185,4,1,291,141,430,2.63E-53,181
Q5MAI5,Q00536,40.2,219,129,2,1,218,162,379,4.05E-53,181
Q5MAI5,P20794,35.8,293,172,5,1,286,1,284,8.73E-53,182
Q5MAI5,Q9NYV4,34.9,301,177,5,1,286,724,1020,8.09E-52,183
Q5MAI5,Q14004,34.6,301,178,6,1,286,702,998,3.73E-51,181
Q5MAI5,Q16539,33.8,299,178,6,2,289,22,311,2.59E-50,170
Q5MAI5,P49841,32.9,295,180,5,11,295,63,349,7.80E-48,165
Q5MAI5,P11802,34.4,302,169,9,3,286,5,295,2.08E-47,160
Q5MAI5,P49840,32.4,296,182,5,4,289,119,406,7.02E-47,164
Q5MAI5,P21127,37.5,224,131,4,1,218,435,655,1.51E-46,167
Q5R387,P04054,35.4,82,46,3,21,95,25,106,1.77E-12,58.5
Q5U5R9,P46934,35.1,370,207,10,419,773,964,1315,1.84E-50,189
Q5VT97,P11274,31,364,212,13,680,1026,911,1252,2.40E-32,134
Q5VT97,P52757,35.7,182,105,4,806,987,267,436,1.56E-23,102
Q5VTE0,P68104,99.6,462,2,0,1,462,1,462,0,914
Q5VTE0,Q05639,92.2,461,36,0,1,461,1,461,1.35e-316,855
Q5VTE0,Q8IYD1,37.2,443,261,5,4,444,200,627,2.19E-95,298
Q5VTE0,P49411,30.8,445,238,13,3,438,56,439,2.79E-45,161
Q5VXJ0,P38571,57.2,388,166,0,9,396,11,398,1.64E-166,469
Q5VYY2,P38571,63.5,370,135,0,40,409,28,397,7.08E-179,502
Q5VZP5,Q9BV47,45.2,166,88,2,115,280,45,207,1.13E-38,140
Q5VZP5,P51452,43.2,155,85,1,130,281,26,180,1.27E-31,119
Q5VZP5,Q13115,33.8,145,88,4,136,279,198,335,1.77E-12,67.8
Q5VZP5,Q9Y6W6,31.3,147,95,4,133,278,321,462,2.79E-10,61.2
Q5XG92,P23141,44.7,552,294,8,13,557,11,558,4.56E-161,468
Q5XG92,O00748,42.5,527,276,7,27,546,32,538,1.91E-135,402
Q5XG92,P22303,37.3,542,297,19,29,546,41,563,4.47E-88,281
Q5XG92,P06276,33.2,575,318,18,7,550,15,554,1.77E-74,245
Q5XG92,P19835,32.3,560,302,23,6,535,14,526,8.57E-72,241
Q66LE6,P63151,87.9,453,49,1,1,453,1,447,1.37E-305,826
Q68BL7,Q99972,36.1,285,162,8,374,648,225,499,3.14E-46,168
Q68BL8,Q99972,36.3,256,142,4,497,746,259,499,8.51E-44,162
Q6A1A2,O15530,99.7,348,1,0,1,348,28,375,1.21E-255,701
Q6A1A2,P17612,38.7,274,162,2,53,326,42,309,4.63E-67,214
Q6A1A2,P22612,36.9,295,175,4,53,342,42,330,1.01E-65,210
Q6A1A2,O00141,38.5,301,167,5,43,329,75,371,5.92E-65,211
Q6A1A2,P31751,35.8,316,185,4,54,364,151,453,3.50E-60,199
Q6A1A2,Q9HBY8,37.1,283,169,5,51,329,31,308,9.36E-60,195
Q6A1A2,Q9Y243,34.2,319,198,5,48,364,141,449,9.69E-59,196
Q6A1A2,P31749,34.4,314,193,6,54,364,149,452,5.31E-58,194
Q6A1A2,P24723,35.8,279,175,3,53,329,353,629,6.19E-55,189
Q6A1A2,P17252,37.2,274,168,3,54,326,338,608,7.46E-55,189
Q6A1A2,Q02156,36,278,170,4,53,326,406,679,2.17E-54,189
Q6A1A2,P41743,33.7,285,175,4,53,326,252,533,9.32E-53,182
Q6A1A2,O75582,36.1,288,171,7,53,329,47,332,4.13E-51,180
Q6A1A2,P05129,35.3,283,173,4,54,329,350,629,1.52E-49,175
Q6A1A2,Q05513,31.9,298,189,5,53,341,250,542,2.19E-48,170
Q6A1A2,Q9NRM7,32.6,331,165,7,59,339,672,994,1.06E-47,171
Q6A1A2,O95835,32,331,167,8,59,339,709,1031,2.69E-47,170
Q6A1A2,O75116,32.9,313,186,11,53,349,90,394,6.02E-46,166
Q6A1A2,Q13464,33.1,305,180,10,49,341,70,362,2.72E-45,164
Q6A1A2,P43250,34.2,275,171,5,55,323,186,456,1.07E-43,157
Q6A1A2,Q9H0K1,34.7,239,151,3,61,298,26,260,1.90E-39,147
Q6A1A2,Q9NYY3,31.3,246,167,1,58,303,85,328,2.28E-38,143
Q6A1A2,P53350,30.7,290,189,3,22,303,14,299,1.64E-37,140
Q6A1A2,Q9NRP7,33.2,262,165,4,53,314,2,253,2.02E-37,141
Q6A1A2,Q9H4B4,28.9,325,211,6,12,329,26,337,1.93E-36,137
Q6A555,P10599,42.5,127,51,1,1,127,1,105,2.41E-28,97.4
Q6IMI4,P49888,33.3,264,151,6,48,291,30,288,1.45E-40,140
Q6NT32,O00748,45.9,538,271,7,16,544,17,543,1.00E-161,470
Q6NT32,P23141,44.3,546,271,7,20,541,13,549,2.36E-145,429
Q6NT32,P22303,34.6,578,326,20,11,553,17,577,1.21E-88,283
Q6NT32,P06276,34.8,560,331,13,10,547,11,558,9.61E-88,281
Q6NUJ1,P07602,44.4,532,260,9,4,510,3,523,3.05E-156,453
Q6NUS8,P22309,32.1,495,308,9,16,497,21,500,2.04E-74,242
Q6NUS8,O60656,29.6,493,314,11,20,497,23,497,7.45E-66,219
Q6NUS8,P19224,28.7,481,310,7,33,497,36,499,1.09E-65,219
Q6NUS8,Q9HAW7,29.5,499,307,12,20,497,23,497,1.45E-65,219
Q6NUS8,Q9HAW8,28.8,483,331,8,20,497,23,497,3.95E-65,218
Q6P4F7,P11274,30.1,146,95,3,84,223,1087,1231,5.14E-10,60.8
Q6PEY0,P29033,49.5,216,97,1,1,204,1,216,3.26E-77,229
Q6PEY0,P17302,40.9,232,106,3,3,204,4,234,1.53E-55,179
Q6PI73,Q9HCN6,38.5,286,156,7,1,284,1,268,4.31E-50,171
Q6RSH7,P40337,70.6,102,30,0,34,135,52,153,8.62E-47,148
Q6TDP4,Q14145,35.6,320,194,3,74,388,59,371,6.55E-52,186
Q6TDP4,Q05516,33,103,64,1,83,185,25,122,5.77E-12,65.9
Q6UWM7,P09848,48.4,488,243,8,23,506,1361,1843,1.06E-157,492
Q6UWM7,Q9H227,45.4,469,246,8,37,502,3,464,6.69E-148,431
Q6UXC1,O14786,32.5,160,91,8,663,817,661,808,2.89E-13,71.6
Q6UY11,P80370,40.1,182,108,1,10,191,7,187,1.69E-22,95.1
Q6ZMR3,P00338,73.9,330,86,0,1,330,1,330,5.88E-183,506
Q6ZMR3,P07195,65.7,332,113,1,1,331,1,332,6.28E-162,452
Q6ZMV9,Q9Y496,45,322,165,5,58,375,61,374,3.41E-68,236
Q6ZMV9,O15066,37.1,377,217,6,4,375,8,369,8.85E-63,222
Q6ZMV9,Q9NS87,38.8,392,205,10,6,382,27,398,3.33E-61,222
Q6ZMV9,Q02224,39.8,347,192,5,55,395,44,379,9.38E-59,215
Q6ZMV9,Q12840,40.8,336,183,3,58,392,47,367,8.98E-56,205
Q6ZMV9,O60282,40.5,311,176,2,58,367,47,349,1.66E-54,201
Q6ZMV9,P52732,35.8,385,220,9,6,376,19,390,1.83E-54,201
Q6ZMV9,P33176,40.1,314,178,3,55,367,43,347,2.30E-54,200
Q6ZMV9,O60333,38.7,323,172,6,68,373,68,381,6.28E-50,188
Q6ZMV9,Q7Z4S6,34.6,356,192,6,58,372,49,404,1.03E-47,181
Q6ZMV9,Q15058,35.1,379,213,10,58,421,408,768,2.34E-46,177
Q6ZMV9,Q9BW19,39.1,294,169,7,56,342,370,660,1.56E-41,159
Q6ZMV9,Q02241,26.8,369,190,7,50,340,65,431,2.59E-28,119
Q6ZMV9,Q96Q89,33.5,215,132,4,139,344,269,481,3.10E-21,97.1
Q6ZWK6,O60235,42,417,231,6,23,438,12,418,8.34E-110,327
Q6ZWK6,O15393,37.8,286,164,4,151,432,209,484,3.12E-63,209
Q6ZWK6,P05981,44.8,241,118,6,205,432,162,400,4.81E-60,199
Q6ZWK6,Q9Y5Y6,40.2,264,135,5,186,438,604,855,1.63E-56,197
Q6ZWK6,P03951,40,240,132,6,205,436,387,622,5.95E-54,187
Q6ZWK6,Q16651,36.8,250,145,4,198,435,36,284,9.07E-52,175
Q6ZWK6,Q8IU80,41.8,237,127,6,203,432,574,806,1.02E-51,183
Q6ZWK6,Q9NRR2,41.4,239,129,7,200,432,32,265,1.79E-46,160
Q6ZWK6,P40313,35.8,240,141,6,198,432,26,257,3.32E-44,152
Q6ZWK6,Q15661,36.6,254,138,8,196,432,20,267,1.21E-43,151
Q6ZWK6,P20231,36.2,254,139,8,196,432,20,267,1.26E-42,149
Q6ZWK6,P17538,36.5,241,137,6,198,432,26,256,1.32E-41,145
Q6ZWK6,P04070,33.2,238,146,5,205,432,211,445,1.18E-39,145
Q6ZWK6,P00740,34.6,240,139,6,207,436,227,458,1.38E-36,137
Q6ZWK6,P00742,34.3,245,146,6,196,432,225,462,1.98E-36,137
Q6ZWK6,Q04756,33.5,239,144,8,205,432,407,641,6.23E-36,137
Q6ZWK6,P35030,35.4,229,132,7,207,432,81,296,5.22E-35,129
Q6ZWK6,P07478,36.5,222,123,8,215,432,32,239,1.89E-34,126
Q6ZWK6,P00734,36.2,257,129,14,205,432,363,613,7.44E-31,122
Q6ZWK6,Q92876,35.3,218,123,10,219,432,34,237,8.58E-31,116
Q6ZWK6,O60259,34.2,243,133,12,205,437,32,257,5.99E-29,111
Q6ZWK6,P06681,27.1,225,128,7,219,410,479,700,9.71E-14,70.5
Q7M4L6,P16333,38.3,120,66,5,302,418,259,373,1.88E-11,62.4
Q7M4L6,P42684,38.2,89,52,2,314,401,164,250,2.48E-09,56.6
Q7M4L6,P00519,35.2,88,56,1,314,401,118,204,5.23E-08,52.4
Q7M4L6,P42685,36.9,84,50,2,318,399,111,193,1.14E-06,47.8
Q7M4L6,P16591,31.4,102,65,2,317,418,454,550,2.36E-06,47
Q7RTR8,Q9NYV8,35.3,312,196,5,1,311,1,307,7.12E-44,150
Q7RTR8,Q9NYW1,33.9,313,201,3,1,311,1,309,3.29E-38,135
Q7RTV2,P08263,90.1,222,22,0,1,222,1,222,8.17E-140,387
Q7RTV2,P09210,88.7,222,25,0,1,222,1,222,3.18E-137,381
Q7RTY5,Q16651,42.7,248,134,5,26,268,43,287,3.98E-63,201
Q7RTY5,O15393,36.7,264,150,6,6,262,231,484,3.39E-53,179
Q7RTY5,P03951,38.7,243,131,7,27,262,387,618,1.48E-50,174
Q7RTY5,Q8IU80,36.5,260,138,7,19,267,568,811,4.01E-50,175
Q7RTY5,Q9NRS4,35.7,258,154,5,6,262,183,429,4.11E-47,162
Q7RTY5,P17538,36.2,254,138,9,21,267,25,261,1.74E-45,153
Q7RTY5,P40313,36.3,270,142,11,11,267,10,262,2.51E-45,152
Q7RTY5,P49862,38,266,132,11,10,268,12,251,2.03E-44,150
Q7RTY5,O60235,36,242,134,7,27,262,186,412,2.35E-43,151
Q7RTY5,P00740,35.1,245,136,7,26,262,225,454,2.56E-37,136
Q7RTY5,P00746,34.6,263,149,10,10,267,9,253,4.67E-37,130
Q7RTY5,P00736,32.5,265,146,9,16,262,448,697,8.48E-36,134
Q7RTY5,Q9UNI1,33,270,155,9,10,267,1,256,2.14E-35,126
Q7RTY5,P00734,32.8,274,135,11,27,268,363,619,1.86E-34,130
Q7RTY5,P06870,32.5,280,145,14,10,268,4,260,9.42E-34,122
Q7RTY5,Q9Y5K2,31.4,264,151,11,12,269,15,254,1.13E-32,119
Q7RTY5,P35030,34.8,244,134,10,27,267,80,301,1.74E-32,120
Q7RTY5,P00742,31.3,259,135,9,26,266,233,466,9.99E-32,121
Q7RTY5,P49863,31.4,271,157,12,7,266,6,258,2.05E-31,116
Q7RTY5,P08311,29.4,269,161,10,11,273,4,249,3.42E-25,99.4
Q7RTY7,O15393,42.1,235,130,5,574,807,255,484,6.76E-53,191
Q7RTY7,Q9Y5Y6,41.2,255,135,6,561,808,604,850,4.47E-51,192
Q7RTY7,Q15661,40.5,247,123,8,575,807,31,267,4.59E-50,176
Q7RTY7,P20231,40.1,247,124,8,575,807,31,267,3.96E-49,173
Q7RTY7,P00747,40,250,136,7,561,808,567,804,9.62E-48,181
Q7RTY7,Q9NRS4,39.8,236,130,7,574,807,204,429,4.74E-46,169
Q7RTY7,Q9NRR2,38.3,256,141,8,561,811,26,269,1.87E-44,161
Q7RTY7,Q92876,38.5,226,120,8,587,811,34,241,3.65E-44,157
Q7RTY7,Q9UKR3,38.4,245,125,9,575,811,36,262,9.21E-44,157
Q7RTY7,P00740,39.3,242,132,7,574,810,226,457,2.35E-43,162
Q7RTY7,P03951,38.5,244,140,7,571,810,384,621,1.24E-42,163
Q7RTY7,P07478,38.9,239,127,8,574,811,23,243,2.18E-42,152
Q7RTY7,P07477,37.2,239,131,8,574,811,23,243,7.47E-42,151
Q7RTY7,P40313,35.4,271,143,11,25,293,19,259,2.59E-40,147
Q7RTY7,P20151,38.6,254,126,12,571,811,21,257,1.51E-39,145
Q7RTY7,P07288,37.8,251,126,12,574,811,24,257,3.78E-39,144
Q7RTY7,P49863,34.8,247,150,7,571,814,23,261,4.10E-39,144
Q7RTY7,Q8IU80,36.1,249,144,4,45,293,575,808,9.51E-39,153
Q7RTY7,P00748,37.4,243,140,6,574,808,372,610,1.64E-38,150
Q7RTY7,P05981,35.3,266,137,9,46,297,162,406,4.10E-38,145
Q7RTY7,P17538,34.4,253,140,9,45,295,32,260,5.42E-37,137
Q7RTY7,Q16651,34,250,154,6,45,287,43,288,8.21E-37,139
Q7RTY7,P00742,35.3,238,141,6,574,807,234,462,4.93E-36,140
Q7RTY7,P10144,37.9,198,102,5,61,258,43,219,2.61E-33,126
Q7RTY7,O60235,35.3,235,133,6,59,293,199,414,1.20E-32,129
Q7RTY8,Q8IU80,32.7,786,473,22,79,839,56,810,8.12E-101,328
Q7RTY8,Q9Y5Y6,34,801,417,25,110,837,90,851,2.89E-95,315
Q7RTY8,O15393,31.8,380,227,9,484,837,113,486,2.16E-51,185
Q7RTY8,Q16651,42.7,253,122,8,605,842,44,288,1.98E-50,178
Q7RTY8,Q9NRR2,40.2,249,133,7,600,841,32,271,6.62E-49,173
Q7RTY8,P03951,42.3,239,123,7,605,835,387,618,1.49E-48,179
Q7RTY8,P05981,40.5,259,136,9,596,841,153,406,3.63E-48,174
Q7RTY8,P03952,39.8,256,133,9,596,841,383,627,8.02E-48,177
Q7RTY8,Q15661,37.9,256,126,10,606,841,31,273,5.40E-47,166
Q7RTY8,P20231,37.5,256,127,10,606,841,31,273,3.53E-46,164
Q7RTY8,P17538,38.6,246,134,9,601,841,29,262,3.75E-44,157
Q7RTY8,P40313,37.9,240,133,8,605,839,33,261,2.29E-40,147
Q7RTY8,P00747,39,236,127,9,605,835,580,803,4.21E-39,153
Q7RTY8,P35030,35.7,241,133,8,605,841,80,302,5.50E-39,144
Q7RTY8,P07478,35.7,241,133,9,605,841,23,245,5.16E-38,139
Q7RTY8,P00749,37,254,131,11,605,838,178,422,3.54E-34,133
Q7RTY8,P00750,34.7,251,140,8,605,835,310,556,7.92E-34,134
Q7RTY8,P48740,30.1,259,154,8,599,837,442,693,4.59E-31,127
Q7RTY8,O00187,30.9,249,149,10,605,839,444,683,3.54E-27,115
Q7RTY9,Q9NRR2,44,259,128,7,46,299,26,272,2.52E-65,206
Q7RTY9,O60235,42.1,242,124,5,55,294,187,414,3.72E-59,192
Q7RTY9,P00750,34.9,258,138,9,55,293,311,557,2.83E-35,131
Q7RTY9,Q04756,33.5,263,148,10,44,292,392,641,9.37E-33,125
Q7RTY9,Q9UNI1,34,262,140,10,50,297,14,256,9.99E-33,119
Q7RTY9,Q99895,31.9,270,131,10,51,296,26,266,9.56E-31,114
Q7RTY9,P49862,32.9,246,135,10,55,296,30,249,1.37E-29,110
Q7RTY9,P00734,31.8,267,152,10,51,296,360,617,2.13E-28,112
Q7RTY9,P06870,30.6,265,146,10,51,300,21,262,1.71E-27,105
Q7RTY9,P23946,29.1,220,127,9,80,296,51,244,2.89E-16,74.3
Q7RTZ2,Q6R6M4,96.4,530,19,0,1,530,1,530,0,1036
Q7RTZ2,O75604,28.8,333,194,11,80,372,267,596,5.94E-28,115
Q7RTZ2,Q9UK80,27.8,349,189,11,81,372,213,555,2.32E-24,103
Q7RTZ2,Q13107,23.9,255,148,7,69,291,293,533,6.95E-10,58.9
Q7Z408,P13497,27.3,655,347,19,914,1550,313,856,4.11E-55,208
Q7Z408,Q9Y6L7,29.7,464,269,12,1096,1546,462,881,7.76E-49,189
Q7Z408,O43897,25.5,569,319,19,1968,2464,349,884,4.60E-38,154
Q7Z408,O14786,25.2,294,148,5,414,693,37,272,3.85E-20,95.9
Q7Z408,P06681,32.6,187,105,7,2719,2888,22,204,4.37E-16,82.4
Q7Z408,P48740,25.1,367,210,15,1281,1615,29,362,6.43E-13,72
Q7Z408,P09871,24,379,203,17,1975,2333,19,332,1.10E-12,71.2
Q7Z408,P16581,23.1,238,120,7,343,574,367,547,1.58E-09,60.8
Q7Z444,P01111,51.5,165,74,3,39,199,1,163,1.84E-44,145
Q7Z444,P01112,49.7,165,77,3,39,199,1,163,4.14E-43,141
Q7Z444,P01116,50.3,165,76,3,39,199,1,163,1.17E-42,140
Q7Z444,P62834,39.6,182,104,3,39,215,1,181,1.81E-30,108
Q7Z444,Q15382,30.4,168,114,1,38,202,3,170,2.70E-17,74.3
Q7Z4J2,P16442,35,237,151,2,42,276,81,316,4.91E-46,155
Q7Z5A4,Q16651,39.8,241,136,7,60,292,24,263,3.01E-51,169
Q7Z5A4,Q9NRR2,37.6,250,131,7,60,293,8,248,2.88E-45,153
Q7Z5A4,P20231,38.8,224,123,7,80,293,31,250,7.02E-45,150
Q7Z5A4,Q15661,38.8,224,123,7,80,293,31,250,1.39E-44,150
Q7Z5A4,P40313,36.7,240,131,7,60,288,6,235,2.25E-43,146
Q7Z5A4,O15393,34.1,220,133,5,79,293,255,467,4.35E-43,151
Q7Z5A4,O60235,36.6,216,128,5,79,292,186,394,3.82E-39,139
Q7Z5A4,P05981,37.4,235,125,7,73,291,153,381,2.00E-37,134
Q7Z5A4,Q9Y5Y6,35.2,227,127,8,79,293,614,832,2.69E-35,132
Q7Z5A4,P00734,34.4,241,125,11,79,293,363,596,1.37E-31,120
Q7Z5A4,P14210,29.5,227,140,7,71,291,485,697,3.81E-22,93.6
Q7Z5M8,Q8N2K0,49.7,292,143,3,72,359,100,391,1.38E-96,290
Q7Z6Z6,Q96AD5,39,390,228,3,7,395,5,385,5.08E-88,274
Q86TD4,Q9H4M9,33.5,370,237,4,48,416,13,374,3.09E-67,222
Q86VZ1,P55085,35.2,338,203,7,10,335,62,395,8.88E-57,187
Q86VZ1,Q99677,37.2,285,157,8,29,301,45,319,8.41E-48,163
Q86VZ1,P43657,32.7,284,171,8,30,301,24,299,1.34E-38,138
Q86VZ1,Q15077,31.1,296,183,7,26,308,29,316,1.03E-34,127
Q86VZ1,P25105,28,311,202,7,27,320,19,324,2.48E-30,115
Q86VZ1,P35346,31,313,200,8,6,312,21,323,3.41E-29,113
Q86VZ1,P41145,27.5,313,207,6,6,307,41,344,1.55E-28,111
Q86VZ1,P51685,28.1,334,194,12,26,333,38,351,1.02E-27,108
Q86VZ1,P41143,28.1,338,222,9,5,332,33,359,1.52E-25,103
Q86VZ1,P32745,26.5,310,208,6,6,308,32,328,1.19E-24,101
Q86VZ1,O15552,31,232,136,6,75,297,61,277,5.32E-24,98.2
Q86VZ1,P30874,24.6,280,202,5,26,301,46,320,1.06E-22,95.1
Q86VZ1,Q99705,25.8,314,209,10,6,304,87,391,2.23E-20,89
Q86VZ1,P61073,26,288,187,6,24,301,39,310,4.34E-20,87.4
Q86VZ1,Q96G91,32.5,123,82,1,50,171,56,178,1.97E-15,73.9
Q86VZ1,Q9GZQ4,25.3,324,200,11,5,301,27,335,3.18E-15,73.6
Q86VZ1,P35348,31.7,139,90,5,23,158,26,162,1.15E-08,53.5
Q86VZ1,O43614,26.6,109,78,2,30,137,61,168,1.39E-06,47
Q86W28,Q96P20,30.8,1031,600,17,44,1008,13,996,8.48E-133,425
Q8IV01,O00750,36.6,101,59,3,285,384,1506,1602,4.90E-10,58.9
Q8IV13,Q92918,85.7,28,4,0,100,127,797,824,6.22E-07,48.9
Q8IVW1,P84077,72.4,87,24,0,1,87,1,87,1.32E-41,135
Q8IX18,Q7L2E3,31.5,523,310,12,23,519,407,907,2.52E-66,236
Q8IX18,Q7Z478,26.8,638,382,16,53,613,572,1201,1.24E-58,214
Q8IXY8,Q08752,48.2,166,85,1,144,308,18,183,5.40E-50,167
Q8IXY8,P23284,43.6,165,85,2,144,307,46,203,4.69E-41,139
Q8IXZ3,Q13118,71,31,9,0,356,386,369,399,2.82E-08,53.1
Q8IY47,Q14145,26.4,416,250,14,10,401,59,442,1.16E-32,130
Q8IYK8,P01112,32.7,165,106,4,115,278,4,164,6.24E-20,83.6
Q8IYK8,P20340,29.5,156,108,2,115,270,14,167,1.84E-13,65.9
Q8IYK8,P61026,26.5,170,101,6,112,270,7,163,1.95E-07,48.1
Q8IZ83,O94788,29.5,465,303,9,43,484,41,503,1.09E-43,163
Q8IZ83,P00352,29.6,477,309,11,43,495,24,497,7.88E-42,157
Q8IZS8,Q9NY47,29.5,1108,669,36,45,1088,73,1132,3.33E-127,414
Q8IZS8,P54289,28.4,1111,670,37,33,1073,23,1077,4.42E-119,391
Q8N0Y7,P18669,95.7,254,11,0,1,254,1,254,1.19E-182,498
Q8N109,Q9HCN6,39.4,213,111,6,22,231,21,218,4.71E-33,123
Q8N118,Q86W10,53.6,506,233,2,1,506,1,504,8.10E-202,568
Q8N118,P78329,42.7,478,260,7,41,507,46,520,5.36E-142,416
Q8N143,P41182,51.9,133,64,0,16,148,10,142,4.61E-33,130
Q8N165,Q8TDR2,69.3,339,90,6,3,332,197,530,5.45E-162,461
Q8N165,O75385,27.2,324,159,13,7,321,13,268,2.46E-22,95.5
Q8N165,Q86SG6,25.9,201,100,5,7,202,3,159,1.32E-12,65.9
Q8N165,P06213,23.3,262,131,10,4,248,1019,1227,3.75E-11,61.6
Q8N165,P14616,23.5,255,133,10,10,251,981,1186,8.72E-11,60.5
Q8N165,P08069,22.1,262,134,11,4,248,995,1203,1.56E-10,59.7
Q8N165,Q52WX2,23.8,227,127,8,8,230,53,237,4.02E-08,51.6
Q8N165,Q92630,26.6,192,97,6,7,194,221,372,4.85E-08,51.6
Q8N165,O43781,24.5,192,101,5,7,194,208,359,1.43E-06,47
Q8N3D4,P46939,36.3,102,63,2,1037,1137,150,250,5.86E-12,68.2
Q8N436,P15169,47.9,399,187,7,314,706,21,404,2.70E-121,369
Q8N436,P14384,35.8,385,210,8,314,695,18,368,8.13E-78,254
Q8N4G2,P84077,45.8,166,88,2,12,177,16,179,7.30E-53,164
Q8N806,Q9UPP1,34,53,30,1,133,185,42,89,1.10E-06,48.1
Q8N819,O75688,44.4,378,190,5,56,413,13,390,7.18E-95,291
Q8N819,P35813,46.1,345,177,5,64,399,21,365,1.01E-93,285
Q8N8A6,Q86XP3,29.4,411,208,14,209,609,264,602,7.54E-29,120
Q8N8A6,Q92841,27,392,209,12,251,625,210,541,6.30E-26,110
Q8N8A6,O00571,25.8,403,213,9,223,605,205,541,4.62E-23,101
Q8N8A6,Q14240,25.1,446,246,14,184,619,19,386,2.01E-22,97.4
Q8N8A6,O00148,25.4,362,213,10,251,609,83,390,4.38E-22,96.7
Q8N8A6,P26196,24.6,362,212,11,251,609,135,438,2.13E-21,95.1
Q8N8A6,P60842,24.7,442,246,14,184,615,18,382,2.77E-21,94
Q8N9V2,O00481,48.4,159,81,1,287,445,341,498,1.07E-42,155
Q8NDA2,Q15746,24.5,876,478,31,3510,4302,39,814,3.17E-42,169
Q8NDA2,Q13332,31.5,289,157,12,3963,4216,54,336,2.65E-23,107
Q8NDA2,P10586,31.6,269,162,10,3963,4212,54,319,1.73E-22,104
Q8NDA2,O15146,30.8,289,181,11,1530,1809,28,306,3.15E-22,103
Q8NDA2,P20916,25.4,295,192,6,3822,4109,222,495,7.45E-14,75.5
Q8NDA2,Q15109,25.3,281,163,14,4016,4253,2,278,3.96E-07,53.1
Q8NDV2,P47211,24.4,303,196,9,12,308,42,317,7.40E-12,62.8
Q8NDV2,P35346,24.9,293,183,8,23,309,58,319,1.05E-11,62.4
Q8NDV2,O43603,25.8,329,207,9,12,333,37,335,3.63E-11,60.8
Q8NDV2,O60755,25.8,298,187,8,12,302,29,299,1.11E-09,56.2
Q8NDV2,P35368,23.1,329,210,9,10,309,49,363,1.06E-08,53.5
Q8NDV2,Q99677,20.8,283,176,7,38,304,71,321,3.53E-08,51.6
Q8NDV2,P24530,31.7,82,56,0,27,108,122,203,5.23E-07,48.1
Q8NDV2,P43657,21.3,286,192,7,18,294,30,291,1.03E-06,47
Q8NE28,P51956,25.1,207,139,6,25,227,1,195,4.36E-14,72.4
Q8NE28,Q13153,23.9,285,187,8,20,298,262,522,1.92E-13,70.5
Q8NE28,Q13177,23,283,188,8,22,298,243,501,4.25E-13,69.3
Q8NE28,O75914,23.5,285,188,8,20,298,275,535,6.00E-13,68.9
Q8NE28,Q00535,25.2,210,139,5,25,229,1,197,7.09E-13,67
Q8NE28,Q00532,23.3,296,187,11,25,293,2,284,2.19E-12,66.2
Q8NE28,P46734,24.6,211,139,7,31,232,67,266,3.62E-12,65.5
Q8NE28,Q9NRP7,23.1,286,179,8,25,299,1,256,6.32E-12,66.2
Q8NE28,Q9UEW8,24.2,248,156,9,69,298,105,338,9.42E-12,65.1
Q8NE28,P06493,24.6,297,174,10,25,289,1,279,1.04E-11,63.5
Q8NE28,Q8WU08,20.6,282,193,8,26,297,21,281,1.11E-11,64.3
Q8NE28,Q00526,25.5,290,179,11,25,289,1,278,3.58E-11,62
Q8NE28,P52564,26.4,216,139,7,26,232,51,255,4.42E-11,62
Q8NE28,Q00534,24.8,214,137,7,26,227,11,212,3.14E-10,59.3
Q8NE28,Q15831,23.9,285,182,11,27,298,48,310,3.69E-10,59.7
Q8NE28,P24941,24.4,303,192,8,25,302,1,291,4.60E-10,58.5
Q8NE28,Q9UBE8,23.8,244,140,7,80,297,204,427,1.35E-09,58.2
Q8NE28,Q00537,24,208,143,5,25,229,189,384,2.34E-09,57.4
Q8NE28,P50613,24,250,163,8,26,267,10,240,8.06E-09,55.1
Q8NE28,Q8TD08,26.1,222,152,7,25,240,10,225,9.58E-09,55.5
Q8NE28,Q00536,23.6,208,144,5,25,229,162,357,1.56E-08,54.7
Q8NE28,Q86UX6,20.6,287,193,10,26,299,91,355,2.03E-08,54.3
Q8NE28,P12931,24.2,161,109,5,71,229,311,460,2.18E-08,54.3
Q8NE28,Q13464,22.9,214,137,5,26,227,74,271,3.96E-08,53.9
Q8NE28,Q9NY57,23.2,207,133,6,26,221,21,212,4.09E-08,53.1
Q8NEX9,Q9BPW9,46.8,293,155,1,11,302,14,306,1.42E-93,278
Q8NEX9,P37059,34.8,305,184,7,10,305,68,366,4.14E-45,155
Q8NEX9,P28845,28,211,126,6,23,222,32,227,9.21E-10,55.8
Q8NF86,Q16651,46.5,275,140,4,9,279,15,286,2.44E-83,251
Q8NF86,Q9NRR2,46.4,274,131,7,11,279,8,270,8.02E-71,218
Q8NF86,Q15661,44.6,269,140,4,10,274,4,267,7.35E-69,212
Q8NF86,P20231,44.6,269,140,4,10,274,4,267,1.47E-68,211
Q8NF86,Q8IU80,48.6,255,117,4,28,279,568,811,9.45E-66,216
Q8NF86,P05981,43.8,265,114,9,28,274,153,400,1.27E-61,197
Q8NF86,P03952,41.9,246,130,4,32,274,386,621,2.89E-56,188
Q8NF86,O60235,41.3,242,126,7,36,275,186,413,6.52E-54,177
Q8NF86,P00747,39.1,256,130,6,28,275,567,804,1.58E-53,183
Q8NF86,Q9NRS4,41,251,129,7,27,274,195,429,4.09E-52,173
Q8NF86,O15393,37.7,252,143,5,27,274,243,484,4.40E-52,174
Q8NF86,P03951,39.5,248,133,4,32,274,383,618,1.27E-49,170
Q8NF86,P10323,35.2,298,160,9,4,278,2,289,3.77E-48,162
Q8NF86,P00749,39.9,263,135,8,28,276,168,421,1.77E-47,161
Q8NF86,P00748,41.1,263,131,7,27,275,358,610,2.01E-45,159
Q8NF86,Q99895,37.6,266,141,10,25,278,14,266,2.43E-43,146
Q8NF86,Q9Y5Y6,36.5,249,139,7,35,275,613,850,8.38E-43,153
Q8NF86,P00746,37.8,270,142,9,8,276,6,250,9.92E-42,141
Q8NF86,P20151,36.6,279,141,8,13,279,4,258,5.64E-39,134
Q8NF86,P07288,37.9,256,128,9,31,275,19,254,1.69E-37,130
Q8NF86,Q9UKR3,37.3,236,121,8,49,278,48,262,9.61E-37,129
Q8NF86,P49863,32.8,247,154,5,33,278,23,258,2.92E-35,125
Q8NF86,Q92876,35.9,231,124,7,49,278,34,241,2.20E-32,117
Q8NF86,P14210,34.1,226,132,6,50,274,507,716,1.20E-29,115
Q8NF86,P24158,33.6,250,130,9,34,276,25,245,3.57E-27,103
Q8NGA0,P41968,31.9,119,69,2,29,138,43,158,6.19E-08,50.4
Q8NGA0,O43614,29.4,102,72,0,31,132,61,162,5.76E-06,44.7
Q8NGA4,P25090,39.1,225,135,2,42,264,25,249,6.37E-39,136
Q8NGA4,Q99788,35.2,227,140,2,43,262,40,266,5.73E-35,126
Q8NGA4,P21462,34.1,229,135,5,45,264,28,249,2.98E-31,116
Q8NGA4,Q9Y5Y4,36.3,212,132,3,57,266,46,256,1.08E-28,110
Q8NGA4,Q16581,39.9,148,85,2,45,188,25,172,1.86E-25,102
Q8NGA4,P21730,33.5,227,132,6,45,267,39,250,1.84E-23,95.1
Q8NGA4,P41145,28.6,227,142,5,48,263,64,281,5.09E-16,74.3
Q8NGC8,P29275,23.2,310,197,9,32,312,15,312,1.93E-10,58.2
Q8NGC8,Q96RJ0,25,124,89,2,28,149,27,148,6.67E-07,47.4
Q8NGE3,Q99500,24.1,278,181,8,40,306,55,313,4.05E-07,48.1
Q8NGE3,P29275,28.8,111,74,2,41,150,24,130,3.66E-06,45.1
Q8NGG2,P41968,32.3,127,78,3,70,189,45,170,1.47E-07,49.7
Q8NGH7,P32239,27.7,130,94,0,50,179,62,191,2.13E-07,49.3
Q8NGI2,P29275,31.4,102,68,1,39,140,20,119,1.62E-06,46.2
Q8NGI2,Q92847,21.8,303,194,11,35,310,52,338,9.71E-06,43.9
Q8NGM9,P33032,26.2,126,87,1,31,150,43,168,1.14E-07,49.7
Q8NGN3,P29275,30.5,128,86,1,22,149,7,131,1.40E-10,58.5
Q8NGN3,P28223,23.7,118,90,0,31,148,83,200,1.09E-07,50.1
Q8NGN3,P35348,27,122,68,4,37,148,41,151,1.42E-06,46.6
Q8NGN3,P21453,24.2,306,169,11,28,301,51,325,3.99E-06,45.1
Q8NGN3,P08912,25.2,119,88,1,31,149,39,156,4.69E-06,45.1
Q8NGR2,O43614,29.7,111,78,0,64,174,57,167,4.31E-08,51.6
Q8NGR6,Q96RJ0,26.4,125,92,0,29,153,26,150,6.73E-09,53.5
Q8NGT0,P25021,21.2,297,202,7,29,310,23,302,1.28E-07,49.7
Q8NH43,P29275,28.4,155,94,5,22,172,4,145,8.42E-09,53.1
Q8NH43,P11229,24.4,135,101,1,19,153,21,154,4.60E-08,51.2
Q8NH43,Q96RJ0,22.6,133,103,0,33,165,32,164,2.77E-06,45.4
Q8NH92,O43614,30.1,143,96,2,35,176,52,191,4.96E-08,51.2
Q8NH94,P28223,29,100,70,1,84,182,84,183,1.13E-07,50.4
Q8NH94,P29275,33,112,72,2,72,182,4,113,2.70E-07,48.9
Q8NH94,O43614,26.9,108,79,0,72,179,52,159,5.98E-07,48.1
Q8NH94,P32238,29.2,96,68,0,84,179,51,146,5.62E-06,45.1
Q8NHK3,Q9HCN6,39.9,213,110,6,22,231,21,218,4.76E-34,126
Q8NHM4,P07477,88.7,247,28,0,1,247,1,247,1.00E-166,457
Q8NHM4,P07478,89.5,247,26,0,1,247,1,247,1.00E-166,457
Q8NHM4,P35030,90.6,234,22,0,14,247,71,304,5.89E-161,445
Q8NHM4,Q9Y337,44.6,233,124,4,19,247,62,293,1.30E-67,208
Q8NHM4,Q92876,41,244,137,4,4,245,5,243,7.64E-66,202
Q8NHM4,O60259,40.9,247,140,4,4,245,13,258,2.50E-65,201
Q8NHM4,Q9Y5K2,39.6,245,140,5,5,246,15,254,1.43E-57,181
Q8NHM4,P17538,43.3,233,121,5,23,246,33,263,3.34E-55,175
Q8NHM4,Q16651,37.6,242,130,6,23,243,44,285,1.53E-50,166
Q8NHM4,P40313,40.4,235,126,7,23,246,33,264,1.07E-47,156
Q8NHM4,Q15661,39.3,244,113,11,24,239,31,267,3.17E-46,152
Q8NHM4,P20231,39.3,244,113,11,24,239,31,267,3.17E-46,152
Q8NHM4,P00747,40.8,240,117,8,23,246,580,810,1.21E-44,157
Q8NHM4,Q9Y5Y6,40.2,244,125,7,18,241,609,851,6.37E-44,155
Q8NHM4,P05981,36.5,249,134,7,22,247,161,408,1.65E-43,149
Q8NHM4,P03951,38.5,239,130,7,23,245,387,624,5.15E-43,151
Q8NHM4,P00748,34.8,244,130,6,23,241,372,611,2.37E-42,149
Q8NHM4,Q9UNI1,36.2,243,134,11,23,246,18,258,6.63E-41,138
Q8NHM4,Q04756,37,243,127,9,23,243,407,645,3.88E-40,143
Q8NHM4,O60235,35.5,234,133,8,21,240,184,413,5.38E-39,137
Q8NHM4,P00750,35.5,251,132,8,23,243,310,560,1.66E-37,135
Q8NHM4,Q9NRR2,36,247,132,11,19,246,33,272,3.67E-37,130
Q8NHM4,P26927,32.3,235,128,10,23,239,483,704,1.43E-28,110
Q8NHM4,P00736,31.5,251,136,10,17,240,457,698,2.44E-22,92.8
Q8NHM4,P06681,30.9,110,65,4,31,129,474,583,3.99E-06,44.7
Q8TCB6,P32239,26.4,159,98,4,21,169,48,197,3.40E-06,45.4
Q8TCB6,P29275,32.7,113,72,2,39,151,20,128,3.75E-06,45.1
Q8TCD6,Q8TCT1,41.9,241,137,2,2,240,26,265,4.01E-72,218
Q8TD20,Q9NY64,27.4,532,296,12,37,561,23,471,1.09E-41,154
Q8TD20,P22732,29.3,280,186,7,83,353,75,351,1.14E-22,99
Q8TD20,P11169,35.3,102,65,1,460,561,362,462,1.04E-12,67.8
Q8TD94,Q13118,53.6,56,21,1,176,226,345,400,2.19E-10,58.5
Q8TDE3,P10153,44,150,77,3,12,154,12,161,6.40E-37,122
Q8TDM0,Q92918,53.1,81,26,4,116,195,762,831,3.76E-09,53.1
Q8TDM0,P51957,73.2,41,10,1,164,204,464,503,4.08E-08,50.1
Q8TDY8,Q13332,26,469,286,18,429,868,618,1054,7.72E-24,106
Q8WUJ1,O00264,42.5,106,57,2,31,133,66,170,3.03E-17,75.1
Q8WXD9,P54756,32,75,45,1,534,602,952,1026,3.77E-09,58.5
Q8WXD9,P21709,40.6,64,37,1,469,531,910,973,7.30E-08,54.3
Q8WXD9,O15357,41.5,53,31,0,544,596,1199,1251,1.33E-07,53.5
Q8WXH6,P51159,34.2,184,105,3,8,177,3,184,1.86E-30,111
Q8WXQ8,P15085,60.3,418,166,0,19,436,2,419,1.92E-189,530
Q8WXQ8,P15086,36.1,421,255,4,21,436,6,417,7.09E-96,291
Q8WXQ8,P15088,37.2,409,244,5,31,434,15,415,4.99E-93,284
Q8WXQ8,Q96IY4,38.4,406,236,8,37,434,23,422,5.54E-84,261
Q8WZ94,P28335,33.7,101,66,1,34,133,63,163,2.49E-06,45.8
Q92806,P63252,56.7,326,137,3,17,340,40,363,3.24E-129,375
Q92806,P48050,52.4,349,148,3,11,341,8,356,3.05E-126,369
Q92806,Q14654,50.9,336,160,3,16,347,24,358,3.39E-117,343
Q92806,P48048,46.6,320,167,3,19,334,37,356,3.87E-100,300
Q92806,P78508,41.3,349,197,5,21,366,27,370,4.51E-87,266
Q92928,P61026,58.3,168,70,0,5,172,6,173,3.39E-70,209
Q92928,P51159,42.2,180,93,3,5,173,6,185,3.57E-46,149
Q92928,P20340,36.3,193,123,0,9,201,14,206,2.55E-40,134
Q92928,Q5HYI8,28.6,105,66,3,10,105,8,112,1.81E-08,50.1
Q969M2,P17302,47.8,247,125,2,1,246,1,244,1.92E-74,238
Q969M2,P29033,46.4,235,105,3,3,236,2,216,2.18E-64,207
Q969N4,O14804,44.1,331,176,2,12,342,16,337,1.88E-95,284
Q969N4,Q96RJ0,39.3,336,202,2,9,342,1,336,1.46E-81,249
Q969N4,Q13639,31.6,320,205,5,23,328,11,330,3.79E-42,148
Q969N4,P07550,29.9,301,188,7,43,325,45,340,8.16E-33,123
Q969N4,P28222,30.3,340,178,9,31,320,49,379,2.13E-32,122
Q969N4,P35368,30.8,315,178,6,43,325,57,363,1.17E-30,119
Q969N4,P50406,28.9,318,199,8,25,321,20,331,2.10E-27,108
Q969N4,P08913,34.4,224,121,6,15,226,32,241,1.51E-23,98.2
Q969N4,P18089,32.7,211,121,4,23,225,4,201,6.37E-23,96.3
Q969N4,P08908,32,206,127,4,36,238,39,234,8.98E-19,84
Q969N4,P08912,41.3,75,44,0,251,325,436,510,4.85E-13,67
Q969N4,P11229,38.7,75,46,0,251,325,359,433,4.40E-12,63.9
Q969N4,Q96P65,24.9,313,218,7,22,321,35,343,7.42E-12,63.2
Q969N4,P20309,38.7,75,46,0,251,325,485,559,1.23E-11,62.8
Q969N4,P08173,37,81,51,0,245,325,388,468,6.08E-11,60.5
Q969N4,P08172,40,75,45,0,251,325,381,455,1.88E-10,58.9
Q969N4,P35367,28.4,183,129,1,43,225,39,219,1.44E-09,56.2
Q969Q4,P84077,40.1,167,99,1,10,176,15,180,1.78E-41,135
Q96A46,Q9BQT8,26.3,297,193,10,76,360,17,299,6.34E-16,74.7
Q96AC6,Q9BW19,41.4,343,159,10,402,707,303,640,3.60E-53,194
Q96AC6,Q9Y496,38.4,328,166,11,404,708,9,323,5.59E-46,173
Q96AC6,O15066,37,322,169,10,409,708,9,318,1.66E-43,166
Q96AC6,P52732,36.9,336,167,11,405,707,13,336,3.79E-43,166
Q96AC6,Q02224,34.5,310,167,10,407,696,4,297,2.40E-32,133
Q96AC6,Q15058,34.1,287,158,7,448,714,410,685,2.65E-32,132
Q96AC6,O60333,31.9,335,178,11,409,704,5,328,2.06E-29,123
Q96AM1,Q96LB1,37.8,286,164,7,49,325,35,315,8.24E-48,161
Q96AM1,Q96LB2,36.7,283,163,6,56,331,39,312,1.09E-45,155
Q96BH3,P08253,32.6,129,77,4,104,223,205,332,7.90E-20,84.7
Q96BQ3,O00481,32.8,128,84,2,315,441,372,498,4.51E-15,74.3
Q96FN5,O15066,37.1,385,205,9,26,397,10,370,6.11E-54,194
Q96FN5,O60282,36.2,340,197,6,23,360,6,327,1.50E-50,186
Q96FN5,Q9Y496,36.8,345,194,8,26,360,15,345,3.02E-50,183
Q96FN5,P52732,35,354,208,7,26,365,19,364,3.42E-50,185
Q96FN5,Q7Z4S6,33,400,227,8,23,388,7,399,2.25E-48,180
Q96FN5,P33176,34.6,338,203,7,23,360,6,325,1.12E-46,174
Q96FN5,Q12840,35,340,200,7,23,360,7,327,1.70E-46,174
Q96FN5,Q9NS87,38.3,347,186,14,26,357,27,360,1.02E-43,166
Q96FN5,O60333,31.3,387,230,6,26,387,6,381,1.23E-40,157
Q96FN5,Q15058,32.7,352,205,7,26,357,359,698,1.20E-38,150
Q96FN5,Q02224,32,347,214,10,23,364,4,333,5.73E-35,139
Q96FN5,Q9BW19,33.8,355,188,12,19,356,335,659,5.52E-33,132
Q96H78,Q9BQT8,32.6,95,53,2,225,308,16,110,4.42E-07,47.8
Q96JP2,Q9UKN7,34,1481,675,32,116,1486,1669,2956,8.29E-183,604
Q96JQ2,P46939,36.3,278,139,5,16,292,16,256,2.76E-40,159
Q96KC2,P84077,50.3,177,87,1,1,176,1,177,7.31E-62,187
Q96L33,P60953,57.4,176,74,1,32,207,4,178,6.41E-70,210
Q96L33,P63000,56,175,76,1,32,206,4,177,1.33E-69,209
Q96L33,P61586,44.6,175,96,1,33,207,7,180,3.84E-51,162
Q96L33,O14966,31.2,138,87,3,33,163,9,145,5.49E-15,68.6
Q96LA9,Q96LB2,77.8,320,71,0,1,320,1,320,7.59E-167,464
Q96LA9,Q96LB1,62.6,329,114,3,1,320,1,329,3.10E-125,359
Q96LA9,Q99788,25.4,276,175,5,32,276,45,320,1.80E-15,73.6
Q96LA9,Q9Y5Y4,28.3,300,174,10,36,301,41,333,6.98E-14,68.9
Q96LA9,P21730,25.7,292,191,7,32,301,42,329,1.05E-13,68.2
Q96LA9,P35346,27.4,270,174,8,32,280,45,313,2.14E-12,64.3
Q96LA9,P32246,26.4,140,90,4,33,160,40,178,7.28E-07,47.4
Q96LW2,Q15349,37.3,263,154,6,106,359,58,318,3.83E-45,163
Q96LW2,P51812,34.4,302,162,7,106,373,67,366,1.02E-44,162
Q96LW2,Q15418,40.2,246,137,6,107,347,65,305,1.36E-44,162
Q96LW2,Q9UK32,37.5,267,158,6,106,365,72,336,5.00E-44,160
Q96LW2,Q9Y243,35.1,262,160,5,107,362,151,408,2.50E-41,149
Q96LW2,Q8WU08,36.3,270,154,6,108,365,24,287,1.12E-40,146
Q96LW2,Q9UBS0,34.5,275,165,8,103,365,63,334,1.32E-40,147
Q96LW2,P23443,33.6,286,172,8,102,371,81,364,1.74E-40,148
Q96LW2,P22612,34.3,236,148,4,105,339,45,274,6.29E-40,143
Q96LW2,P31751,34.2,243,154,4,107,347,155,393,1.73E-39,144
Q96LW2,P51817,30.7,309,201,7,97,397,39,342,3.79E-39,141
Q96LW2,O75582,33.8,290,178,8,101,376,46,335,7.34E-39,145
Q96LW2,P31749,32.3,266,172,5,106,364,149,413,8.57E-39,142
Q96LW2,P41743,33.7,288,174,7,103,374,250,536,1.69E-38,143
Q96LW2,P22694,28.8,323,207,7,80,397,28,332,1.70E-38,139
Q96LW2,P17612,32.6,236,152,4,105,339,45,274,2.36E-38,139
Q96LW2,P24723,34.3,271,163,7,103,362,351,617,7.68E-38,142
Q96LW2,Q86UX6,36.9,268,157,8,108,365,94,359,8.84E-38,140
Q96LW2,Q9NY57,34.6,269,162,7,108,365,24,289,7.55E-37,136
Q96LW2,O75676,34.3,283,173,8,107,376,36,318,1.19E-36,139
Q96LW2,Q04759,34.7,265,166,6,112,372,385,646,2.47E-36,138
Q96LW2,O60307,31.4,309,181,7,104,387,364,666,1.01E-35,137
Q96LW2,Q9Y2H9,32,291,175,6,103,371,370,659,1.43E-35,136
Q96LW2,Q02156,32,297,174,8,103,375,404,696,3.08E-35,135
Q96LW2,Q05513,30.6,314,197,7,103,402,248,554,4.04E-35,134
Q96MI6,O75688,36.8,76,44,1,328,403,191,262,3.33E-08,52.8
Q96MI6,P35813,22.8,237,119,7,172,403,81,258,8.18E-07,48.1
Q96P15,P01008,38.6,394,222,8,4,392,83,461,1.12E-77,244
Q96P68,P51582,35.1,282,181,1,32,311,34,315,3.16E-52,174
Q96P68,Q9NS75,34.3,315,184,10,23,329,30,329,1.54E-46,158
Q96P68,P51677,30.3,284,190,5,31,311,32,310,7.53E-31,117
Q96P68,P61073,29.7,317,206,6,26,334,31,338,4.72E-28,109
Q96P68,P50052,28.6,311,205,7,23,322,34,338,6.79E-26,103
Q96P68,P32246,27.1,292,207,4,36,325,37,324,1.47E-24,99.8
Q96P68,Q969V1,27.2,290,186,8,36,311,37,315,1.13E-20,88.6
Q96P68,Q16581,33.6,131,86,1,38,168,28,157,4.30E-13,67
Q96P88,P30968,42.4,238,125,3,8,238,96,328,6.58E-63,199
Q96P88,P30518,25.2,262,172,5,13,254,99,356,1.55E-21,90.5
Q96P88,P30559,26.1,241,156,5,13,237,99,333,8.67E-17,77
Q96P88,P31391,24.5,237,148,5,19,247,112,325,4.78E-14,68.9
Q96P88,P49682,31.7,189,95,6,14,195,112,273,4.08E-11,60.1
Q96PE2,P11274,29.7,316,176,8,1051,1357,483,761,4.46E-26,114
Q96PE2,P98174,29,262,174,8,1069,1325,376,630,3.75E-16,82
Q96PE2,Q7Z628,29,176,117,5,1078,1252,186,354,2.32E-08,56.2
Q96PX9,P15498,26,246,151,9,810,1033,199,435,3.46E-10,61.6
Q96QU6,Q16773,28.1,210,134,10,129,333,60,257,1.14E-08,54.3
Q96R48,O43194,27,148,100,4,16,157,23,168,4.38E-06,45.1
Q96RA2,O43613,29,100,71,0,31,130,53,152,5.84E-08,50.8
Q96RA2,O43614,28.4,102,73,0,31,132,61,162,7.99E-08,50.4
Q96RA2,P41968,30.5,128,77,4,31,149,45,169,1.49E-07,49.3
Q96RA2,P32245,26.3,137,92,3,31,160,51,185,3.63E-06,45.1
Q96RA2,P28223,24.4,123,92,1,36,157,86,208,5.96E-06,44.7
Q96RI9,O14804,46.2,331,169,3,13,343,16,337,2.41E-100,297
Q96RI9,Q96RJ0,42.3,333,190,2,13,343,4,336,2.65E-89,269
Q96RI9,Q13639,34.2,310,188,6,32,326,19,327,3.96E-45,156
Q96RI9,P07550,34.2,298,168,6,38,311,33,326,1.89E-42,149
Q96RI9,P28222,28.2,383,199,10,4,329,24,387,1.29E-33,125
Q96RI9,P34969,29.1,323,183,6,27,314,76,387,1.29E-30,118
Q96RI9,P13945,30.7,323,180,8,26,311,31,346,4.72E-28,110
Q96RI9,P28335,29.3,317,172,10,49,321,70,378,8.63E-24,99
Q96RI9,P28223,29,317,160,9,44,314,86,383,5.43E-21,90.9
Q96RI9,P35372,27.4,288,177,11,35,313,76,340,1.57E-18,83.2
Q96RI9,P08588,25.8,333,194,7,28,311,49,377,5.59E-17,79
Q96RI9,P21917,41.1,112,63,2,30,140,34,143,6.65E-16,75.5
Q96RI9,P41595,37.7,114,70,1,49,161,71,184,4.77E-13,67
Q96RI9,Q9Y2T5,26.1,276,178,10,49,312,57,318,4.85E-11,60.5
Q96RI9,Q9H3N8,34.2,111,68,2,39,145,18,127,3.00E-10,58.2
Q96S79,P62834,32.6,175,103,4,5,177,4,165,2.57E-19,79
Q96S79,P01116,28.6,199,129,5,5,203,4,189,8.47E-16,69.7
Q96S79,P01111,28.3,184,119,4,5,188,4,174,6.13E-14,64.7
Q96S79,P01112,28.9,197,111,6,5,185,4,187,1.18E-13,63.9
Q96S96,P30086,36.1,119,68,2,79,193,53,167,8.60E-21,83.6
Q96SJ8,P08962,27.3,249,159,8,2,248,4,232,1.89E-22,89.7
Q96SM3,P15169,50.5,404,178,8,294,693,20,405,9.03E-127,382
Q96SM3,P14384,36.7,387,207,8,295,678,18,369,1.07E-76,251
Q96SN7,Q96D31,68.1,229,56,3,24,237,50,276,3.46E-102,296
Q99525,P62805,84.7,98,15,0,1,98,1,98,1.53E-49,149
Q99678,Q99677,28.3,279,166,7,58,305,44,319,1.82E-28,111
Q99678,P43657,29.7,279,162,7,63,309,27,303,3.22E-28,110
Q99678,P55085,33.3,273,155,7,59,305,81,352,4.96E-28,110
Q99678,P51582,32.2,283,161,6,60,313,42,322,2.04E-26,105
Q99678,P32249,26.8,284,171,7,60,308,38,319,1.79E-25,102
Q99678,Q9HC97,31.6,269,170,6,50,305,17,284,4.09E-25,100
Q99678,P41145,28.1,288,178,6,50,309,56,342,2.79E-24,99.8
Q99678,P25116,28.7,317,187,9,39,322,86,396,4.31E-24,99.8
Q99678,P35372,27.7,282,176,8,54,309,71,350,4.12E-23,96.7
Q99678,Q96RI0,29.1,316,166,11,58,337,82,375,2.70E-21,91.3
Q99678,O14843,30.2,295,155,11,58,314,19,300,3.47E-19,84.7
Q99678,P30556,24,279,178,6,59,305,34,310,1.92E-14,70.9
Q99678,Q96G91,35.1,168,96,6,26,186,4,165,1.21E-13,68.6
Q99678,Q9HB89,26.3,327,176,9,42,307,44,366,6.18E-13,66.6
Q99678,P51684,24.8,274,176,7,60,305,53,324,2.28E-11,61.6
Q99678,Q9Y271,23.7,278,178,7,59,305,29,303,8.41E-11,59.7
Q99678,Q9GZQ4,25.6,313,186,10,53,320,45,355,4.55E-10,57.8
Q99742,Q16665,34.6,379,179,5,45,406,17,343,8.41E-59,207
Q99742,Q99814,31.2,388,191,5,45,409,14,348,8.86E-54,194
Q99742,P35869,26.2,378,240,11,52,410,34,391,5.38E-22,97.8
Q99865,Q9Y657,76.4,263,56,2,1,258,1,262,5.71E-145,404
Q9BQI7,O43739,39.7,146,88,0,317,462,101,246,2.43E-27,112
Q9BQI7,Q99418,35.9,153,98,0,310,462,89,241,8.49E-26,107
Q9BQR3,Q16651,43.6,280,149,5,6,280,14,289,3.68E-77,236
Q9BQR3,Q9NRR2,47.3,273,127,7,9,276,9,269,1.22E-75,231
Q9BQR3,Q15661,43.8,274,145,4,9,278,5,273,5.46E-74,225
Q9BQR3,P20231,43.8,274,145,4,9,278,5,273,1.55E-73,224
Q9BQR3,Q8IU80,43.3,254,130,5,26,276,568,810,6.39E-62,206
Q9BQR3,P03952,41.6,245,124,5,34,272,390,621,2.59E-61,202
Q9BQR3,P00747,37.5,269,146,5,14,276,555,807,6.85E-56,190
Q9BQR3,P03951,39.2,245,130,5,34,272,387,618,6.51E-55,185
Q9BQR3,O15393,36.8,242,144,2,33,274,254,486,4.10E-53,177
Q9BQR3,Q9NRS4,36.5,260,152,6,16,275,186,432,3.99E-52,174
Q9BQR3,Q9Y5Y6,39.5,248,129,7,34,272,614,849,4.89E-52,179
Q9BQR3,P17538,35.6,275,152,7,9,276,4,260,1.45E-50,165
Q9BQR3,O60235,40.2,241,128,5,34,272,186,412,5.97E-50,167
Q9BQR3,P40313,34.9,275,157,7,9,276,2,261,1.82E-48,159
Q9BQR3,P07477,36.1,244,134,7,33,276,22,243,7.74E-46,152
Q9BQR3,P10323,34.9,289,150,11,10,272,9,285,7.93E-46,157
Q9BQR3,P00740,35.7,244,137,7,34,272,226,454,1.71E-44,154
Q9BQR3,P35030,36.3,240,131,7,33,272,79,296,1.46E-43,148
Q9BQR3,P07478,35.4,240,133,7,33,272,22,239,5.18E-43,145
Q9BQR3,Q99895,35,263,146,11,23,273,14,263,5.37E-41,140
Q9BQR3,Q9UNI1,33.2,256,150,8,29,276,13,255,6.35E-40,137
Q9BQR3,P00746,33.5,254,153,6,23,276,15,252,3.06E-39,135
Q9BQR3,P00742,33.6,250,142,6,32,274,232,464,5.22E-39,140
Q9BQR3,Q04756,32.5,280,165,8,11,277,379,647,9.21E-39,141
Q9BQR3,P49862,33.3,279,157,9,1,278,1,251,1.94E-36,128
Q9BRQ5,Q96D31,58.5,272,76,4,24,292,49,286,2.77E-97,286
Q9BTM1,Q07889,33.8,77,50,1,18,94,97,172,1.23E-06,43.5
Q9BXK1,Q13118,64.7,34,12,0,125,158,367,400,5.72E-10,56.2
Q9BY21,Q15391,48.4,304,156,1,44,346,24,327,5.93E-96,286
Q9BY21,Q9H244,43.3,305,168,3,25,325,6,309,2.67E-84,256
Q9BY21,Q9NS75,29.4,309,200,8,23,325,20,316,2.77E-34,126
Q9BY21,Q9UPC5,30.5,311,190,10,25,317,28,330,1.91E-33,125
Q9BY21,P30411,26.8,287,206,4,41,324,57,342,2.07E-26,105
Q9BY21,P61073,28.9,291,181,10,40,321,36,309,4.44E-26,104
Q9BY21,P43657,27.1,288,196,7,37,316,12,293,7.48E-26,103
Q9BY21,P51685,26.3,293,200,9,43,329,36,318,1.00E-23,97.8
Q9BY21,P49019,27.9,290,192,6,38,321,23,301,6.77E-23,95.9
Q9BY21,Q8TDS4,28.2,287,195,6,38,321,23,301,2.50E-22,94
Q9BZD7,P00742,48,75,39,0,2,76,23,97,1.48E-17,78.2
Q9BZD7,P08709,46.8,77,41,0,3,79,44,120,5.49E-16,73.6
Q9BZD7,P04070,54.2,59,27,0,2,60,25,83,1.13E-14,69.7
Q9BZD7,P00740,58.1,62,25,1,3,63,30,91,2.79E-14,68.6
Q9BZD7,P00734,50.7,71,34,1,3,73,27,96,3.51E-13,65.5
Q9BZJ4,O43772,26.9,357,187,8,1,347,1,293,4.01E-22,92.4
Q9BZJ4,Q9BQT8,25.2,345,187,8,13,349,15,296,1.00E-21,91.3
Q9BZJ6,Q13639,28,314,193,8,91,386,29,327,9.27E-24,99.4
Q9BZJ6,P49683,24.1,328,208,9,73,388,50,348,2.25E-15,74.3
Q9BZJ6,P28223,27.1,306,195,8,98,381,91,390,1.07E-13,69.7
Q9BZJ6,P41595,24.5,327,197,9,98,381,71,390,1.38E-11,63.2
Q9BZJ6,P35372,25,296,188,9,82,371,71,338,2.00E-11,62.4
Q9BZJ6,P32247,24.6,301,194,5,91,378,57,337,2.66E-11,62
Q9BZJ6,P41145,22.3,314,207,10,80,384,58,343,1.04E-10,60.1
Q9BZJ6,P32248,28.6,206,127,9,73,269,56,250,7.00E-07,48.1
Q9BZJ6,P30542,23.8,328,201,10,89,397,17,314,1.43E-06,47
Q9BZJ6,P35367,29.3,99,58,2,293,391,394,480,2.54E-06,46.6
Q9C009,Q08050,41.5,94,49,4,119,210,236,325,4.43E-15,74.3
Q9C009,Q12778,44.4,81,37,2,123,198,164,241,9.60E-15,73.2
Q9C009,O43524,40.2,82,41,2,123,199,161,239,5.26E-13,67.8
Q9C0H5,P11274,29.8,171,102,6,887,1047,1051,1213,2.15E-07,52.4
Q9GZK6,P08172,27.8,151,97,3,37,182,35,178,6.17E-08,50.8
Q9GZK6,P11229,28.8,139,97,1,37,175,37,173,4.54E-07,48.1
Q9GZK6,P08173,25.3,146,107,1,37,182,44,187,2.56E-06,45.8
Q9GZN6,Q9H2J7,37.6,595,362,5,97,686,55,645,1.78E-137,419
Q9GZN6,Q99884,28.5,589,327,12,106,676,40,552,7.25E-61,213
Q9GZN6,Q01959,27.3,549,312,8,103,631,60,541,1.04E-56,201
Q9GZN6,P31641,27.7,567,306,10,103,640,41,532,3.36E-55,197
Q9GZR7,Q92841,30.7,319,193,6,391,708,248,539,1.05E-32,132
Q9GZR7,Q86XP3,32,309,178,6,389,695,328,606,2.85E-31,129
Q9GZR7,O00571,31.2,321,182,8,381,696,264,550,1.53E-28,119
Q9GZR7,P26196,29.2,319,192,9,390,706,167,453,1.07E-25,108
Q9H0I9,P29401,67.6,614,196,1,7,620,6,616,8.84e-309,848
Q9H208,P32238,26.7,146,107,0,21,166,51,196,1.29E-08,52.8
Q9H209,P32238,25.8,151,112,0,30,180,46,196,7.99E-08,50.4
Q9H210,P32245,24.5,314,179,12,16,302,34,316,4.21E-11,60.1
Q9H210,P35348,27.6,181,119,6,26,201,28,201,4.38E-11,60.5
Q9H210,P33032,29.9,127,81,3,30,149,42,167,1.33E-10,58.5
Q9H210,P41968,29.9,144,86,4,30,164,44,181,7.65E-10,56.2
Q9H210,P32238,22.9,188,139,2,34,221,51,232,1.01E-08,53.1
Q9H210,P41143,21,286,197,6,37,305,62,335,2.90E-07,48.5
Q9H2Y9,O94956,32.5,681,389,15,123,772,44,684,2.26E-102,330
Q9H2Y9,Q9NPD5,33.2,639,365,15,153,766,52,653,5.80E-98,318
Q9H2Y9,Q9Y6L6,32.8,656,371,17,137,763,36,650,9.05E-96,312
Q9H339,P29275,32.7,104,60,2,39,138,24,121,4.80E-08,50.8
Q9H3G5,P10619,29.3,461,241,15,67,466,39,475,8.46E-54,185
Q9H426,O00750,33.3,123,76,3,117,235,1506,1626,1.92E-13,67.4
Q9H4B8,P16444,47.9,374,187,4,81,448,20,391,8.43E-113,337
Q9H8S5,P14635,32.8,189,123,1,79,263,169,357,2.34E-21,90.9
Q9H8S5,P20248,40.4,104,62,0,103,206,206,309,1.87E-15,73.6
Q9H8S5,P24864,36,100,63,1,105,203,142,241,1.29E-09,55.8
Q9HA77,P49589,32.7,658,286,17,37,557,9,646,1.70E-88,286
Q9HBA9,Q04609,98,442,9,0,1,442,309,750,0,884
Q9HBA9,Q9Y3Q0,69.8,441,133,0,1,441,299,739,9.86E-237,662
Q9HBF5,Q16548,96.4,28,1,0,16,43,141,168,2.94E-14,61.2
Q9HBJ7,P40818,27.6,279,162,8,286,540,778,1040,2.73E-15,77.8
Q9HBJ7,O75604,25.9,255,168,8,276,515,258,506,9.27E-12,65.9
Q9HBJ7,Q9UK80,26.2,302,172,12,286,549,213,501,1.15E-11,65.5
Q9HCC6,Q14469,69.8,162,49,0,1,162,1,162,2.80E-67,206
Q9HCT0,P21781,46.3,147,78,1,25,170,48,194,4.66E-43,139
Q9NQE7,P42785,26.5,471,302,14,51,503,42,486,3.94E-30,120
Q9NR64,Q14145,37.9,58,36,0,659,716,331,388,5.01E-06,47
Q9NS28,P57771,52.6,135,64,0,74,208,44,178,1.83E-48,155
Q9NS28,P49798,49.1,167,76,2,41,202,16,178,5.47E-48,154
Q9NS28,Q9UGC6,44.1,127,71,0,78,204,76,202,4.71E-35,121
Q9NSD7,Q8TDU9,43.3,323,141,6,80,400,38,320,9.95E-77,242
Q9NSD7,P30874,31.4,325,178,9,83,404,45,327,3.71E-38,140
Q9NSD7,P35346,33.6,381,198,13,69,446,31,359,2.35E-37,137
Q9NSD7,P50052,29.3,324,187,7,84,403,47,332,1.16E-36,135
Q9NSD7,P30872,31.5,324,177,9,82,404,59,338,2.56E-35,132
Q9NSD7,P48145,30.5,341,179,11,74,404,30,322,7.31E-35,130
Q9NSD7,P41143,30.1,376,215,12,32,403,1,332,3.04E-33,126
Q9NSD7,P31391,30.5,338,183,9,71,404,37,326,7.54E-33,125
Q9NSD7,P51686,29.7,340,186,10,87,419,54,347,1.49E-29,116
Q9NSD7,P30411,27.1,317,184,7,89,398,65,341,1.39E-26,108
Q9NSD7,P49238,27.8,324,184,8,82,403,32,307,1.86E-25,104
Q9NSD7,P51679,25.9,324,195,8,81,403,39,318,1.97E-23,98.6
Q9NSD7,P51681,25.3,328,184,9,83,400,32,308,1.11E-22,96.3
Q9NSD7,O43603,27.5,346,197,12,66,403,7,306,1.09E-20,90.9
Q9NSD7,P41597,24.1,323,184,9,83,397,44,313,3.40E-19,86.3
Q9NSD7,P47900,28.4,320,188,9,84,400,54,335,1.48E-18,84.3
Q9NSD7,P21462,26.7,329,188,9,82,400,27,312,2.91E-18,83.2
Q9NSD7,Q9Y5Y4,27.1,325,177,12,94,404,45,323,8.07E-15,73.2
Q9NSD7,Q9Y271,23.8,349,220,9,85,429,27,333,1.77E-14,71.6
Q9NSD7,P32239,24.3,399,201,17,64,399,40,400,3.15E-14,71.6
Q9NSD7,Q16581,27.9,172,103,4,82,251,24,176,7.21E-11,61.2
Q9NSD7,P32238,22.1,380,204,15,73,397,36,378,1.13E-10,60.5
Q9NSD7,O00398,26.9,290,172,10,113,400,65,316,1.90E-09,56.2
Q9NSD7,Q14330,21.6,218,150,5,81,298,22,218,1.02E-08,53.9
Q9NSD7,Q9HC97,24,312,181,10,90,399,29,286,1.64E-08,53.1
Q9NSY0,Q9H4A3,31,277,165,6,35,303,218,476,2.40E-30,123
Q9NUQ8,P13569,27.6,134,83,5,521,645,454,582,4.36E-06,47.4
Q9NUZ1,O15254,32.8,472,289,10,41,492,108,571,9.17E-69,232
Q9NVE5,Q96K76,32.6,334,156,4,38,311,185,509,2.29E-42,166
Q9NVE5,Q93009,36.1,277,161,6,35,310,208,469,2.57E-41,162
Q9NVE5,P40818,25.6,320,172,9,40,313,776,1075,1.23E-14,76.3
Q9NVE5,O94782,25.4,185,110,6,154,314,422,602,4.25E-10,61.2
Q9NXL2,P15498,27.9,190,123,7,99,287,199,375,1.13E-06,49.3
Q9NXZ2,Q92841,42.4,455,235,9,180,622,114,553,3.58E-104,330
Q9NXZ2,Q86XP3,37.7,435,257,7,190,621,209,632,8.48E-85,283
Q9NXZ2,O00571,39.6,386,215,6,253,621,191,575,2.22E-80,265
Q9NXZ2,O00148,28.6,378,254,9,247,617,49,417,3.32E-42,155
Q9NXZ2,Q92499,28.6,353,172,10,315,598,285,626,3.96E-31,126
Q9NY37,P78348,30.8,445,280,9,41,466,21,456,3.41E-65,217
Q9NY37,Q9UHC3,31.9,474,276,12,26,467,2,460,2.69E-64,215
Q9NYL4,Q9NWM8,31.6,114,72,4,34,143,23,134,1.05E-11,58.9
Q9NYN1,P20340,27.6,145,100,3,23,165,16,157,6.50E-11,57.8
Q9NYV9,Q9NYV8,50.3,296,144,3,1,295,1,294,1.28E-80,244
Q9NYV9,P59538,44.2,308,160,5,1,302,1,302,5.49E-69,214
Q9NYV9,Q9NYW1,40.5,299,167,5,1,293,1,294,2.87E-57,184
Q9NYV9,P59551,29.3,276,179,6,24,289,35,304,1.67E-19,84.3
Q9NYV9,Q9NYW5,27.2,287,176,9,19,289,19,288,2.27E-18,80.9
Q9NYV9,Q9NYV7,25.8,287,197,5,9,290,10,285,3.47E-17,77.4
Q9NYW2,Q9NYW1,49,300,146,4,3,300,3,297,1.47E-82,249
Q9NYW2,P59538,34.1,287,177,3,17,300,17,294,3.19E-41,142
Q9NYW2,Q9NYV8,34.7,297,183,6,7,300,7,295,5.39E-41,142
Q9NYW2,P59551,31.5,257,162,5,3,250,11,262,7.78E-27,104
Q9NYW3,Q9NYW1,48.2,311,158,1,1,311,1,308,2.24E-97,287
Q9NYW3,Q9NYV8,39,318,187,5,1,317,1,312,1.08E-59,191
Q9NYW3,P59538,39.7,297,169,5,17,311,17,305,7.92E-54,176
Q9NYW3,P59536,36,278,170,5,19,293,19,291,1.58E-39,138
Q9NYW3,Q9NYW7,32.1,290,187,4,12,300,12,292,4.35E-35,126
Q9NYW3,P59551,29.3,297,202,3,1,293,12,304,1.27E-34,125
Q9NYW6,Q9NYW1,39.7,295,176,2,6,300,6,298,1.03E-70,219
Q9NYW6,Q9NYV8,34.4,299,188,5,3,299,3,295,4.63E-41,142
Q9NYW6,P59536,32.7,297,197,3,9,304,9,303,1.01E-40,141
Q9NYW6,Q9NYW7,35.9,309,164,10,8,301,8,297,5.06E-38,134
Q9NYW6,P59551,29.2,277,191,5,19,292,30,304,4.81E-31,116
Q9NYW6,Q9NYV7,28.8,274,184,5,21,293,22,285,2.07E-26,103
Q9NZQ0,P31689,48,50,24,1,219,268,8,55,3.99E-08,50.8
Q9NZW5,O14936,39.1,596,291,12,1,540,347,926,1.87E-132,405
Q9NZW5,P78352,26.9,468,266,13,108,535,288,719,4.10E-41,155
Q9P1P5,Q96RJ0,50.6,322,146,3,25,335,5,324,2.57E-106,312
Q9P1P5,O14804,43.3,307,173,1,30,336,21,326,3.44E-90,271
Q9P1P5,Q13639,33.8,311,181,5,43,330,19,327,1.39E-53,178
Q9P1P5,P25021,30,310,207,5,39,344,14,317,3.02E-36,132
Q9P1P5,P35348,27,345,204,5,24,330,7,341,6.33E-36,133
Q9P1P5,P35368,27.4,332,190,6,38,330,44,363,1.10E-34,130
Q9P1P5,P21728,27.8,331,200,8,37,330,17,345,1.70E-34,129
Q9P1P5,P25100,30.1,316,187,8,49,330,102,417,3.47E-32,124
Q9P1P5,P28222,24.9,350,201,5,39,333,45,387,1.18E-29,114
Q9P1P5,P21918,25.6,309,181,6,57,317,54,361,2.81E-28,112
Q9P1P5,P47898,24.4,303,183,6,61,327,58,350,1.39E-24,100
Q9P1P5,P30939,24.1,328,179,5,61,327,41,359,6.71E-23,95.5
Q9P1P5,P28223,26.7,341,185,12,54,351,85,403,1.70E-21,92.4
Q9P1P5,Q9GZQ6,27.7,274,176,8,72,327,72,341,3.16E-19,85.5
Q9P1P5,P08588,22,328,208,3,50,330,65,391,1.33E-17,80.9
Q9P1P5,O43614,22.8,325,183,9,56,327,67,376,1.28E-16,77.8
Q9P1P5,P08913,49.3,75,37,1,256,330,383,456,1.95E-14,71.2
Q9P1P5,O43613,24.1,316,192,9,56,327,59,370,3.17E-14,70.5
Q9P1P5,P08908,39.6,96,49,2,247,333,323,418,7.53E-14,69.3
Q9P1P5,P18089,43.8,80,43,1,253,330,362,441,1.47E-12,65.5
Q9P1P5,P18825,41.3,80,45,1,256,333,376,455,1.51E-11,62.4
Q9P1U1,P61158,90.7,418,39,0,1,418,1,418,1.29E-296,800
Q9P1U1,P61160,33.1,405,236,10,9,407,10,385,8.45E-65,210
Q9P1Y6,Q12830,50.9,53,20,2,186,235,393,442,1.19E-08,57.4
Q9P2J9,O15355,28.7,171,89,5,265,435,327,464,1.32E-10,60.8
Q9P2J9,O75688,31.4,188,90,10,252,435,114,266,1.95E-09,57
Q9P2J9,P35813,27.3,172,90,6,265,435,125,262,1.34E-06,47.8
Q9UBU2,O94907,44.4,239,89,8,42,258,49,265,2.33E-62,194
Q9UHV5,Q8WZA2,41.6,515,282,7,151,658,505,1007,2.52E-128,401
Q9UHV5,O95398,34.7,548,300,15,151,658,393,922,1.79E-83,279
Q9UKL2,P0DMS8,27.9,136,83,3,10,141,1,125,2.61E-07,48.5
Q9UKL2,P29275,30.7,101,68,1,39,139,20,118,2.72E-07,48.5
Q9UKL4,P17302,35.7,286,140,8,1,286,1,242,7.69E-53,175
Q9UKL4,P29033,36.1,274,112,5,3,275,2,213,1.85E-46,154
Q9UKY3,P23141,93.3,267,17,1,1,267,1,266,3.32E-178,501
Q9UKY3,O00748,58.8,240,96,2,19,257,26,263,8.57E-87,267
Q9UKY3,P22303,44.3,230,114,6,26,249,40,261,3.71E-53,180
Q9UKY3,P06276,45.5,233,118,5,20,249,27,253,8.46E-53,179
Q9ULE6,Q9BVJ7,32.1,84,49,2,595,672,25,106,2.55E-08,51.2
Q9ULS6,Q14721,42.8,439,235,4,19,453,33,459,3.38E-107,335
Q9ULS6,Q09470,33.9,442,218,11,11,424,27,422,5.74E-57,194
Q9ULS6,P16389,33.5,430,218,9,21,424,37,424,6.46E-55,188
Q9ULS6,P22001,32,453,243,9,5,433,92,503,1.35E-54,189
Q9ULS6,Q9UK17,34.5,414,233,9,15,424,38,417,4.55E-54,189
Q9ULS6,P22459,31.5,467,247,10,21,455,180,605,2.02E-51,182
Q9ULS6,P17658,30.5,502,229,12,21,443,45,505,5.87E-51,178
Q9ULS6,P22460,31.8,459,224,11,12,424,115,530,4.13E-50,177
Q9UNX9,P63252,64.9,368,120,1,49,416,44,402,7.79E-174,491
Q9UNX9,P48050,62.5,357,112,2,30,368,3,355,8.53E-158,451
Q9UNX9,Q14654,47.1,340,176,4,31,368,14,351,9.71E-101,303
Q9UNX9,P48048,43.2,331,181,4,47,370,37,367,2.02E-91,279
Q9UNX9,P78508,43.8,320,174,4,40,355,19,336,2.11E-81,253
Q9UNX9,O60928,38.4,333,185,9,39,362,10,331,1.96E-56,187
Q9UPX0,P20916,23.8,189,126,5,130,315,231,404,1.06E-10,63.2
Q9Y2T4,P63151,84.6,423,65,0,21,443,25,447,4.71E-277,753
Q9Y2U2,P57789,32.2,233,149,5,2,227,61,291,4.92E-23,96.3
Q9Y2U2,O95279,31.6,133,89,2,8,140,3,133,5.46E-14,69.3
Q9Y2U2,Q9NPC2,33.6,128,75,2,13,140,11,128,1.12E-11,62
Q9Y543,Q14469,48.7,119,58,1,4,119,25,143,2.64E-25,95.9
Q9Y573,Q14145,31.2,356,202,5,14,353,54,382,1.98E-49,178
Q9Y5P1,P0DMS8,24,287,190,12,34,305,24,297,1.97E-06,45.8
Q9Y5Y3,P32239,26.9,368,204,10,24,337,47,403,2.05E-17,80.5
Q9Y5Y3,P28222,25.5,349,208,9,32,339,47,384,6.94E-17,78.6
Q9Y5Y3,P32238,26.3,342,203,8,43,340,50,386,8.69E-16,75.5
Q9Y5Y3,P28221,22.7,361,235,8,16,340,20,372,3.02E-15,73.6
Q9Y5Y3,P30542,25,320,205,8,43,350,18,314,1.28E-14,71.2
Q9Y5Y3,P0DMS8,25.1,307,180,10,48,339,26,297,1.30E-13,68.2
Q9Y5Y3,P28335,22.7,366,242,11,20,352,39,396,1.32E-11,62.8
Q9Y5Y3,P32248,29.5,183,119,5,47,222,71,250,1.43E-10,59.3
Q9Y5Y3,P28223,23.2,306,207,7,51,334,91,390,7.33E-10,57.4
Q9Y5Y3,P41595,24.2,343,206,10,36,334,58,390,3.08E-09,55.5
Q9Y689,P84077,48.9,178,90,1,1,177,1,178,2.09E-61,186
Q9Y6S9,P51812,42,169,91,2,386,547,167,335,7.32E-31,124
Q9Y6S9,Q15349,40.7,172,89,3,386,547,158,326,4.11E-30,122
Q9Y6S9,Q15418,39.1,169,96,2,386,547,161,329,5.57E-29,119
Q9Y6S9,Q9UK32,39.5,172,89,4,386,547,172,338,1.79E-27,114
Q9Y6S9,Q05513,33.3,180,99,4,386,547,350,526,6.49E-21,93.6
Q9Y6S9,P41743,31.9,182,101,6,386,547,352,530,1.54E-20,92.4
Q9Y6S9,Q5VT25,26.6,177,115,3,386,547,175,351,7.24E-17,81.6
Q9Y6S9,Q8WU08,32,172,101,5,385,544,119,286,1.11E-15,76.3
Q9Y6S9,O75914,28.2,163,102,3,386,538,376,533,3.06E-09,56.6
Q9Y6S9,Q13177,28.2,163,102,3,386,538,342,499,5.11E-09,55.8
Q9Y6S9,Q15831,25,168,100,6,388,539,152,309,1.02E-08,54.7
Q9Y6S9,Q13153,27.6,163,103,3,386,538,363,520,2.78E-08,53.5
Q9Y6S9,O14920,31.4,121,76,4,384,498,117,236,4.25E-08,53.1
Q9Y6S9,Q9Y6R4,25.8,155,99,4,384,522,1435,1589,2.62E-07,50.8
Q9Y6S9,Q92918,27.9,136,84,4,367,494,90,219,9.07E-07,48.9
Q9Y6S9,O43318,27.2,147,93,4,400,536,144,286,1.07E-06,48.5
Q9Y6S9,Q16584,29.6,152,83,7,392,522,218,366,1.20E-06,48.5
Q9Y6S9,Q5TCX8,30.2,149,80,7,392,519,240,385,1.65E-06,48.1
Q9Y6S9,O43283,27.9,104,73,1,379,480,246,349,2.82E-06,47.4
Q9Y6S9,Q02779,29.5,156,86,7,392,526,199,351,3.70E-06,47
Q9Y6S9,Q12852,28.8,104,72,1,379,480,203,306,8.23E-06,45.8
Q9Y6V7,Q92841,38.4,336,196,5,24,353,193,523,4.80E-60,207
Q9Y6V7,P26196,33.7,350,222,5,19,367,113,453,5.00E-58,196
Q9Y6V7,O00148,32.8,381,243,8,2,377,44,416,2.86E-57,193
Q9Y6V7,Q86XP3,35.2,366,214,6,2,356,253,606,1.26E-56,199
Q9Y6V7,O00571,34.9,358,204,6,24,359,202,552,1.51E-53,188
Q9Y6V7,Q92499,40.9,66,39,0,1,66,1,66,4.90E-09,55.8
U3KPV4,P16442,44.2,274,151,2,68,340,81,353,2.67E-70,220
A0A075B6H9,P01721,49.2,118,52,4,1,115,1,113,9.48E-26,90.9
A0A075B6I1,P01721,50.8,122,51,4,1,119,1,116,4.27E-27,94.4
A0A075B6I3,P01721,54.5,121,50,2,1,121,1,116,1.25E-34,113
A0A075B6I4,P01721,50.9,116,55,1,1,114,1,116,1.33E-32,108
A0A075B6I6,P01721,65.8,117,37,2,1,115,1,116,4.50E-50,152
A0A075B6I7,P01721,52.4,105,45,3,1,105,1,100,2.46E-27,94.4
A0A075B6I9,P01721,47.7,111,55,2,1,109,1,110,2.18E-31,105
A0A075B6J1,P01721,52.1,121,53,2,1,121,1,116,8.81E-35,114
A0A075B6J2,P01721,57.3,117,47,2,1,115,1,116,6.32E-36,116
A0A075B6J9,P01721,68.4,117,34,2,1,115,1,116,4.09E-46,142
A0A075B6K0,P01721,57.8,116,45,2,1,112,1,116,9.41E-42,131
A0A075B6K2,P01721,57.3,117,46,2,1,113,1,117,2.00E-43,135
A0A075B6K4,P01721,60.3,116,42,2,1,112,1,116,8.11E-43,134
A0A075B6K5,P01721,59.5,116,43,2,1,112,1,116,4.67E-42,132
A0A075B6S4,P01721,45.1,113,57,3,7,115,4,115,2.32E-23,84.7
A0A075B6S5,P01721,50.5,95,43,2,26,116,22,116,3.56E-25,89.4
A0A075B767,P62937,85.3,163,24,0,1,163,1,163,1.92E-103,291
A0A075B767,P30405,65.8,161,55,0,3,163,45,205,1.12E-79,232
A0A075B767,P23284,55.3,159,70,1,6,163,46,204,3.09E-57,176
A0A075B767,Q08752,53.3,169,71,1,3,163,15,183,3.77E-56,177
A0A087WSX0,P01721,53.7,121,51,3,1,121,1,116,5.38E-36,117
A0A0A0MS00,P01721,48.7,115,54,3,1,110,1,115,3.19E-30,102
A0A0B4J1U3,P01721,63.8,116,40,1,1,114,1,116,5.86E-48,147
A0A0C4DH33,P01721,29.4,109,72,2,7,115,7,110,3.57E-10,50.8
A0A0G2JMI3,P01721,33,109,68,2,7,115,7,110,1.37E-13,59.7
A0A0G2JS06,P01721,54.5,121,50,3,1,121,1,116,2.67E-36,117
A0A1B0GUS4,P61077,40.7,118,68,2,31,147,29,145,4.70E-31,106
A0A1W2PPD8,B2RXH2,83.3,503,67,2,1,486,1,503,1.40E-300,823
A0A1W2PPD8,Q6B0I6,67.3,532,136,4,1,508,4,521,1.05E-249,695
A0A1W2PPD8,O94953,69.1,369,114,0,1,369,1,369,3.31E-183,545
A0A1W2PPD8,Q9H3R0,65.1,352,123,0,7,358,8,359,6.30E-169,507
A0A1W2PPD8,O75164,66.4,342,115,0,6,347,5,346,1.01E-165,499
A0A1W2PPD8,P29375,41.5,188,92,1,133,302,409,596,3.47E-39,152
A0A1W2PPD8,P41229,40.6,192,88,4,133,302,440,627,1.41E-35,141
A0A1W2PPD8,Q9BY66,39.4,188,96,1,133,302,430,617,4.40E-35,139
A0A1W2PPD8,Q9UGL1,38.3,188,98,1,133,302,425,612,5.78E-34,136
A0A1W2PQD8,Q9NP77,71.1,194,56,0,1,194,1,194,5.21E-104,295
A0A2Z4LIS9,O43524,96.9,195,6,0,96,290,11,205,3.36E-105,318
A0A2Z4LIS9,Q12778,47.9,219,75,8,97,290,4,208,8.65E-33,124
A0A3B3IT33,O00481,31.2,154,98,4,296,446,349,497,2.49E-13,68.9
A1L453,Q16651,36.3,300,165,7,9,296,5,290,3.71E-56,183
A1L453,P03951,37.1,240,143,5,59,293,387,623,3.83E-54,184
A1L453,Q8IU80,38.9,244,138,7,51,288,568,806,2.76E-50,176
A1L453,Q9NRS4,35.6,261,154,6,36,288,175,429,5.64E-46,159
A1L453,O60235,36.6,238,136,5,57,288,184,412,1.06E-45,157
A1L453,P40313,37.7,257,139,9,43,288,11,257,1.84E-44,150
A1L453,P07477,35.7,235,136,8,59,292,23,243,9.74E-43,145
A1L453,P17538,33.7,255,150,9,44,288,11,256,8.73E-41,140
A1L453,P08709,33.1,251,156,4,57,298,210,457,7.20E-39,140
A1L453,P35030,34,235,140,8,59,292,80,300,5.43E-37,132
A1L453,P00746,33.1,245,155,6,45,288,12,248,9.25E-36,127
A1L453,P00740,32,241,155,4,59,295,226,461,8.43E-35,129
A1L453,Q9UNI1,29.6,243,159,6,54,288,13,251,1.15E-33,122
A1L453,P00742,33.9,239,139,7,59,288,234,462,2.86E-33,125
A1L453,P49862,34.2,237,139,8,59,293,29,250,2.99E-31,115
A1L453,P08311,33.6,235,137,8,58,288,19,238,6.36E-29,109
A1L453,P10144,31.1,235,145,7,58,288,19,240,5.32E-24,95.9
A1L453,P09871,27.5,262,159,12,59,300,437,687,5.65E-21,90.9
A2A3N6,Q99755,94.6,497,22,1,3,494,51,547,0,926
A2A3N6,O60331,69.7,469,132,6,14,473,56,523,5.01E-214,619
A2A3N6,O14986,64.2,464,142,6,27,475,24,478,2.71E-192,558
A2A3N6,P78356,32.3,375,229,9,39,396,49,415,1.11E-40,152
A2A3N6,P48426,29.2,383,237,8,29,392,34,401,2.14E-38,145
A2A3N6,Q8TBX8,32.6,383,227,13,32,394,47,418,5.18E-38,144
A2VCK2,Q8N568,28.2,209,136,4,8,206,71,275,7.85E-17,79
A2VCK2,O15075,26.4,212,140,5,8,206,56,264,3.46E-14,70.9
A3KFT3,P41145,24.8,282,191,7,34,302,69,342,2.87E-11,60.8
A3KFT3,P41143,28.1,121,86,1,33,153,58,177,9.42E-07,47
A3KFT3,P37288,29.4,119,79,4,35,151,62,177,5.62E-06,44.7
A4D2G3,P29275,29.9,97,66,1,40,136,24,118,2.02E-06,45.8
A4D2G3,P37288,34,94,58,3,39,130,67,158,2.36E-06,45.8
A4D2G3,P41145,25.7,113,83,1,18,130,54,165,6.99E-06,44.3
A4D2P6,P78352,32.5,80,50,2,278,353,312,391,4.11E-08,54.7
A4QPH2,P42356,63.2,868,20,3,1,592,1258,2102,0,980
A4QPH2,Q9UBF8,35.6,292,169,9,308,590,534,815,9.14E-45,167
A6NCK2,O00481,32.8,128,84,2,315,441,372,498,4.51E-15,74.3
A6NCV1,P29275,20.8,284,204,6,35,299,20,301,3.63E-07,48.1
A6NCW7,Q6R6M4,96.2,530,20,0,1,530,1,530,0,1041
A6NCW7,O75604,28.8,333,194,11,80,372,267,596,7.64E-29,117
A6NCW7,Q9UK80,28.3,346,191,11,81,372,213,555,3.06E-25,106
A6NCW7,Q13107,23.9,255,148,7,69,291,293,533,5.27E-10,59.3
A6NEC2,P55786,98.1,478,9,0,1,478,1,478,0,915
A6NEC2,Q9NZ08,41.8,423,240,4,53,472,53,472,3.17E-101,321
A6NEC2,Q6P179,41,449,245,8,42,478,55,495,3.38E-99,316
A6NEC2,Q07075,41.2,427,241,5,53,473,92,514,2.37E-98,314
A6NEC2,P15144,40.3,449,239,9,53,478,75,517,1.09E-96,310
A6NEC2,Q9UIQ6,39.6,419,238,6,53,465,167,576,5.21E-91,295
A6NF34,P58335,40.9,279,164,1,71,349,39,316,7.43E-71,234
A6NFC9,P41968,28.3,159,103,4,4,152,16,173,6.58E-08,50.4
A6NFC9,P37288,29.1,141,85,6,23,156,50,182,7.85E-06,44.3
A6NH57,P84077,41.5,176,102,1,1,175,1,176,4.52E-48,152
A6NHM9,P09172,32.3,471,299,12,28,485,45,508,6.19E-68,226
A6NI03,O00481,33.1,145,95,2,301,444,355,498,1.99E-16,78.6
A6NIE9,Q15661,50.9,279,130,5,38,313,1,275,8.95E-92,271
A6NIE9,P20231,50.5,279,131,5,38,313,1,275,3.61E-91,270
A6NIE9,Q9NRR2,41.8,275,144,7,38,309,8,269,8.37E-62,196
A6NIE9,Q16651,37.4,281,159,8,40,312,17,288,1.29E-52,173
A6NIE9,P03952,38.8,268,143,8,48,308,371,624,7.70E-49,169
A6NIE9,P03951,39.5,248,129,8,68,308,388,621,3.38E-48,167
A6NIE9,O15393,38.6,249,130,8,68,309,256,488,3.82E-46,160
A6NIE9,Q99895,37.8,275,145,12,46,309,7,266,3.09E-43,147
A6NIE9,Q9NRS4,39.8,246,119,13,68,305,205,429,4.56E-40,142
A6NIE9,P05981,38.9,257,127,10,68,309,163,404,8.79E-40,141
A6NIE9,P00747,37.7,265,130,10,51,305,564,803,1.53E-38,142
A6NIE9,Q9UKR3,36.2,287,147,14,36,311,3,264,8.16E-37,130
A6NIE9,Q9Y5Y6,36,264,124,11,68,310,615,854,1.14E-34,130
A6NIE9,P20151,37.2,261,125,13,68,313,25,261,4.89E-33,120
A6NIE9,P00740,33.6,259,136,10,63,308,222,457,5.39E-32,121
A6NIE9,P04070,36,250,132,9,68,305,212,445,1.02E-31,120
A6NIE9,Q9Y337,34.4,250,129,12,68,309,67,289,1.47E-29,111
A6NIE9,Q92876,35.6,219,111,9,98,309,46,241,3.82E-29,109
A6NIE9,P07288,34.4,262,131,11,68,313,25,261,5.55E-29,109
A6NIE9,P49863,34.3,245,137,13,68,305,27,254,8.35E-28,106
A6NIE9,Q9Y5K2,30.9,246,141,9,68,309,31,251,3.54E-27,104
A6NIE9,P24158,31.6,250,125,12,68,305,28,243,6.86E-23,92.8
A6NIE9,P08246,28.9,246,134,10,68,305,30,242,1.40E-16,75.5
A6NIJ9,P29275,33.8,136,87,3,35,170,20,152,3.52E-09,54.3
A6NIZ1,P62834,94,184,11,0,1,184,1,184,7.06E-120,334
A6NIZ1,P01112,56.3,167,71,2,1,167,1,165,1.61E-61,186
A6NIZ1,P01116,56.3,167,71,2,1,167,1,165,1.61E-61,186
A6NIZ1,P01111,55.7,167,72,2,1,167,1,165,5.29E-60,182
A6NIZ1,Q15382,37.8,180,109,2,5,184,8,184,1.34E-38,128
A6NIZ1,P61026,36.1,169,105,3,4,171,10,176,6.14E-28,101
A6NIZ1,P62826,27.4,164,113,3,3,165,10,168,8.63E-16,69.7
A6NJG6,Q92918,60,35,14,0,41,75,799,833,3.12E-06,45.8
A6NJZ3,P29275,32.5,123,81,2,35,157,20,140,1.13E-08,52.8
A6NK02,O00481,41.5,171,97,3,295,462,341,511,1.67E-33,129
A6NMS3,P32239,27.4,113,82,0,31,143,61,173,2.62E-06,45.8
A6NMU1,P30559,31.1,103,65,4,36,135,47,146,2.18E-07,48.9
A6NMU1,P0DMS8,31.4,86,55,2,42,126,26,108,2.50E-06,45.4
A6NMX2,P06730,74,181,47,0,62,242,37,217,5.81E-107,305
A8MTI9,Q15661,35.6,247,140,7,81,318,31,267,3.61E-41,143
A8MTI9,P20231,35.6,247,140,7,81,318,31,267,3.61E-41,143
A8MTI9,P40313,34.8,270,154,8,60,322,7,261,3.01E-39,138
A8MTI9,P10323,30.4,253,153,9,80,318,42,285,1.06E-29,115
A8MTI9,Q99895,31.3,262,151,11,75,324,24,268,1.98E-27,106
A8MUH7,O14745,34.4,302,138,6,11,260,12,305,6.18E-40,143
A8MV23,P05121,31.3,371,250,2,29,399,34,399,1.13E-55,186
A8MV23,P01008,30.4,381,243,9,31,399,88,458,5.47E-46,162
A8MV23,P08185,24.6,394,260,8,18,399,33,401,9.48E-33,125
A8MWK0,O95864,53,430,193,4,55,480,17,441,1.01E-165,473
A8MWK0,O60427,48.3,435,211,7,51,480,16,441,6.84E-138,402
A8MX76,P17655,37.8,672,399,10,28,682,30,699,2.41E-154,460
A8MX76,P07384,38.3,679,393,12,28,684,40,714,6.89E-148,444
A8MYV0,Q8N568,28.6,206,140,4,15,213,71,276,7.27E-15,73.2
A8MYV0,O15075,27.1,210,142,6,15,213,56,265,1.70E-13,68.9
A8MYZ6,O43524,36.5,663,203,20,3,472,9,646,3.03E-90,286
A8MYZ6,Q12778,48.6,315,79,6,10,249,8,314,1.52E-77,253
A8MYZ6,Q08050,47.4,78,36,2,92,169,240,312,1.06E-14,73.9
B2RPK0,P09429,89.5,181,19,0,1,181,1,181,1.54E-112,318
B7ZC32,O60333,49.6,367,156,9,11,362,9,361,1.66E-83,293
B7ZC32,Q15058,42,383,188,9,11,377,362,726,1.87E-65,238
B7ZC32,O15066,41.5,371,175,12,5,362,6,347,2.11E-63,226
B7ZC32,Q9Y496,39.7,368,188,9,4,362,10,352,7.39E-62,221
B7ZC32,Q7Z4S6,34.8,397,183,12,11,362,13,378,1.95E-48,185
B7ZC32,Q99661,28.8,413,243,12,12,408,263,640,1.87E-28,119
C9J2P7,Q6R6M4,94.5,530,29,0,1,530,1,530,0,1008
C9J2P7,O75604,29.2,332,194,11,80,372,267,596,1.96E-31,125
C9J2P7,Q9UK80,29.2,346,188,11,81,372,213,555,4.61E-27,112
C9J2P7,Q13107,25.5,192,107,6,69,227,293,481,1.89E-10,60.8
C9J798,P05771,42.2,102,52,4,139,234,177,277,1.01E-16,81.6
C9JJH3,Q6R6M4,93.6,530,34,0,1,530,1,530,0,998
C9JJH3,O75604,28.3,339,188,11,80,372,267,596,1.66E-30,122
C9JJH3,Q9UK80,29.2,346,188,12,81,372,213,555,1.66E-26,110
C9JJH3,Q13107,24.7,194,112,5,66,227,290,481,9.15E-10,58.5
C9JLJ4,Q6R6M4,94.2,530,31,0,1,530,1,530,0,1002
C9JLJ4,O75604,29.5,332,193,11,80,372,267,596,1.92E-32,128
C9JLJ4,Q9UK80,29.2,346,188,12,81,372,213,555,2.04E-28,116
C9JLJ4,Q13107,25.5,192,107,6,69,227,293,481,1.75E-10,60.8
C9JPN9,Q6R6M4,94.3,530,30,0,1,530,1,530,0,1007
C9JPN9,O75604,29.4,340,199,11,72,372,259,596,3.49E-32,127
C9JPN9,Q9UK80,29.2,346,188,11,81,372,213,555,5.16E-27,112
C9JPN9,Q13107,25.5,192,107,6,69,227,293,481,7.64E-11,62
C9JVI0,Q6R6M4,95.3,530,25,0,1,530,1,530,0,1018
C9JVI0,O75604,29.5,332,193,11,80,372,267,596,1.92E-32,128
C9JVI0,Q9UK80,29.2,346,188,11,81,372,213,555,1.60E-27,113
C9JVI0,Q13107,25.5,192,107,6,69,227,293,481,1.75E-10,60.8
D6R901,Q6R6M4,94.3,530,30,0,1,530,1,530,0,1008
D6R901,O75604,29.4,340,199,11,72,372,259,596,3.49E-32,127
D6R901,Q9UK80,29.2,346,188,11,81,372,213,555,5.16E-27,112
D6R901,Q13107,25.5,192,107,6,69,227,293,481,7.64E-11,62
D6R9N7,Q6R6M4,95.1,530,26,0,1,530,1,530,0,1015
D6R9N7,O75604,29.5,332,193,11,80,372,267,596,1.92E-32,128
D6R9N7,Q9UK80,29.2,346,188,11,81,372,213,555,1.60E-27,113
D6R9N7,Q13107,25.5,192,107,6,69,227,293,481,1.75E-10,60.8
D6RA61,Q6R6M4,95.3,530,25,0,1,530,1,530,0,1019
D6RA61,O75604,29.5,332,193,11,80,372,267,596,2.59E-32,128
D6RA61,Q9UK80,29.2,346,188,11,81,372,213,555,1.19E-27,114
D6RA61,Q13107,25.5,192,107,6,69,227,293,481,1.75E-10,60.8
D6RBQ6,Q6R6M4,95.3,530,25,0,1,530,1,530,0,1020
D6RBQ6,O75604,29.5,332,193,11,80,372,267,596,2.59E-32,128
D6RBQ6,Q9UK80,29.2,346,188,11,81,372,213,555,6.62E-28,114
D6RBQ6,Q13107,25.5,192,107,6,69,227,293,481,1.75E-10,60.8
D6RCP7,Q6R6M4,94.9,530,27,0,1,530,1,530,0,1015
D6RCP7,O75604,29.5,332,193,11,80,372,267,596,1.92E-32,128
D6RCP7,Q9UK80,29.2,346,188,11,81,372,213,555,1.60E-27,113
D6RCP7,Q13107,25.5,192,107,6,69,227,293,481,1.75E-10,60.8
D6RJB6,Q6R6M4,95.3,530,25,0,1,530,1,530,0,1018
D6RJB6,O75604,29.5,332,193,11,80,372,267,596,1.92E-32,128
D6RJB6,Q9UK80,29.2,346,188,11,81,372,213,555,1.60E-27,113
D6RJB6,Q13107,25.5,192,107,6,69,227,293,481,1.75E-10,60.8
G3V0H7,Q9NPD5,78.3,637,138,0,1,637,48,684,0,1011
G3V0H7,Q9Y6L6,73.5,637,168,1,1,637,48,683,0,947
G3V0H7,O94956,32.8,612,356,18,1,582,69,655,1.01E-89,291
O14581,P41968,34.4,128,72,4,31,149,45,169,5.96E-09,53.5
O14581,P32245,30.2,126,79,3,31,149,51,174,4.75E-07,47.8
O14581,P08913,29.3,123,87,0,34,156,58,180,5.94E-07,47.8
O14581,P08172,25.6,125,83,2,33,152,32,151,1.86E-06,46.2
O14921,P57771,46.1,141,76,0,14,154,36,176,4.80E-42,135
O14921,P49798,51.2,125,61,0,26,150,54,178,1.43E-38,127
O14921,Q9UGC6,38.7,137,84,0,22,158,72,208,2.59E-31,109
O43246,Q01650,24.9,394,271,7,32,416,45,422,1.62E-20,92.4
O43246,Q9UPY5,24.6,402,262,12,30,415,37,413,1.98E-18,85.9
O60403,P48039,26.1,111,82,0,39,149,42,152,2.89E-06,45.4
O60431,P41968,30.1,133,72,3,10,132,31,152,1.44E-07,49.7
O60431,O43613,23.8,130,99,0,3,132,25,154,2.34E-06,46.2
O75526,Q15717,36.1,72,46,0,10,81,246,317,3.07E-07,48.9
O75954,P60033,26,235,153,5,2,226,3,226,2.81E-23,91.7
O76100,P41968,32.6,129,75,4,31,150,45,170,5.96E-09,53.5
O76100,P32238,24,179,123,3,20,198,40,205,5.58E-06,44.7
O76100,P08172,26.8,127,79,3,33,152,32,151,5.82E-06,44.7
O95006,P0DMS8,20.6,282,206,5,36,306,24,298,3.55E-08,51.2
O95006,P34969,23.6,127,74,3,36,150,93,208,1.13E-06,47
O95006,P13945,31,116,78,2,36,150,49,163,1.83E-06,46.2
O95013,P29275,22.5,306,185,9,38,307,21,310,4.71E-09,53.9
O95857,P08962,25,220,123,6,4,184,5,221,1.21E-07,47.8
P0C604,Q96RJ0,27.6,116,84,0,20,135,21,136,1.59E-06,46.2
P0C646,P29275,36.4,118,60,5,23,134,20,128,1.05E-06,46.6
P0C6S8,Q15746,35.7,84,51,1,422,505,528,608,1.17E-06,48.9
P0C7H9,Q6R6M4,91.9,530,43,0,1,530,1,530,0,983
P0C7I0,Q6R6M4,96.2,530,20,0,1,530,1,530,0,1042
P0C7I0,O75604,28.8,333,194,11,80,372,267,596,5.41E-30,121
P0C7I0,Q9UK80,28.6,346,190,11,81,372,213,555,9.26E-27,111
P0C7I0,Q13107,24.5,196,104,4,69,227,293,481,2.30E-10,60.5
P0C7U1,Q9NR71,94.5,145,8,0,21,165,636,780,2.26E-93,284
P0CG40,Q13118,71,31,9,0,332,362,369,399,2.76E-08,53.1
P0DN37,P62937,85.3,163,24,0,1,163,1,163,8.17E-105,294
P0DN37,P30405,66.5,161,54,0,3,163,45,205,8.31E-82,238
P0DN37,P23284,55.3,159,70,1,6,163,46,204,1.90E-58,179
P0DN37,Q08752,53.8,169,70,1,3,163,15,183,3.03E-58,183
P0DOX8,P01721,64.6,96,31,2,4,97,23,117,1.92E-36,121
P12525,P01106,25.1,427,242,14,1,355,29,449,4.97E-12,63.9
P15421,P02724,97.8,45,1,0,1,45,1,45,8.28E-19,72.4
P47881,P46095,25.6,281,170,9,45,310,90,346,3.94E-09,54.3
P47884,P41968,31,126,79,3,31,149,45,169,1.97E-07,48.9
P47884,O43614,27.9,111,80,0,22,132,52,162,5.88E-07,47.8
P47884,O43613,28.3,113,80,1,21,132,42,154,7.64E-07,47.4
P47884,P32238,27.1,118,86,0,35,152,52,169,1.00E-05,43.9
P48741,P0DMV8,84.7,334,51,0,8,341,6,339,5.36E-202,567
P48741,P11142,79,334,70,0,8,341,6,339,1.69E-189,536
P48741,P54652,79.8,336,66,1,8,341,7,342,7.67E-189,534
P48741,P11021,64.8,335,115,3,9,341,31,364,1.29E-143,419
P48741,P38646,49,363,173,5,2,358,49,405,1.92E-102,314
P58170,P41968,30.2,126,80,3,31,149,45,169,6.30E-07,47.4
P58170,O43614,27,111,81,0,22,132,52,162,2.47E-06,45.8
P58170,O43613,27.5,102,74,0,31,132,53,154,4.26E-06,45.1
P58180,Q96RJ0,25,136,90,3,20,149,19,148,8.29E-09,53.1
P58180,P41968,27.6,134,75,2,31,150,45,170,1.45E-06,46.2
P59539,P59538,83.9,299,48,0,1,299,1,299,3.86E-174,481
P59539,Q9NYV8,44.7,295,158,4,8,299,8,300,3.06E-66,207
P59539,P59536,33.3,282,180,6,19,294,19,298,9.52E-33,120
Q02325,P00747,95.8,96,4,0,1,96,1,96,2.46E-56,182
Q14390,P19440,90.2,225,15,1,1,218,345,569,1.48E-134,387
Q15434,Q15717,34.4,189,109,5,53,233,17,198,2.17E-25,102
Q15434,Q14576,34.8,187,108,4,46,224,29,209,1.35E-24,101
Q15486,P08236,71.6,74,21,0,18,91,243,316,1.71E-27,103
Q15615,Q96RJ0,26.9,130,95,0,20,149,19,148,4.41E-11,60.1
Q15615,P08173,25.6,117,87,0,38,154,46,162,1.07E-06,47
Q15615,P08172,24.8,117,88,0,38,154,37,153,7.78E-06,44.3
Q15622,P41968,33.1,127,75,2,31,149,45,169,3.66E-08,51.2
Q15622,P08172,26.4,125,82,2,33,152,32,151,4.67E-06,45.1
Q16609,P00747,62.7,110,41,0,16,125,365,474,5.32E-50,167
Q16609,P26927,50.6,81,40,0,28,108,191,271,5.46E-26,99
Q16609,P14210,45.2,93,50,1,19,110,296,388,8.94E-25,95.5
Q17RR3,P16233,47.3,471,238,9,1,467,1,465,1.99E-146,424
Q17RR3,P11150,33,436,248,14,51,454,47,470,4.91E-57,194
Q17RR3,Q9Y5X9,31.2,487,275,18,1,454,7,466,2.78E-52,181
Q17RR3,P06858,29.9,395,255,10,75,454,61,448,1.22E-46,165
Q2M5E4,P57771,52.6,133,63,0,9,141,44,176,1.42E-49,154
Q2M5E4,P49798,53.6,125,58,0,14,138,55,179,2.24E-46,147
Q2M5E4,Q9UGC6,47.7,132,68,1,9,139,71,202,1.40E-40,132
Q2TAL5,P46939,34.6,104,66,1,354,457,153,254,1.57E-13,70.5
Q2TV78,P26927,78.8,741,64,8,22,715,17,711,0,1212
Q2TV78,P14210,37,711,341,16,55,712,64,720,8.16E-153,458
Q2TV78,P00747,32.7,822,392,20,23,713,17,808,2.80E-138,423
Q2TV78,P17538,33.2,229,134,6,493,712,42,260,7.00E-33,125
Q2TV78,P20231,31.8,236,128,8,497,709,43,268,9.36E-31,119
Q2TV78,Q15661,31.4,236,129,8,497,709,43,268,1.08E-29,116
Q2TV78,P03951,32.8,235,146,7,485,708,385,618,1.90E-27,115
Q2TV78,Q16651,31.8,242,143,7,487,709,44,282,2.15E-27,111
Q2TV78,P07477,31,239,134,9,487,712,23,243,2.62E-27,108
Q2TV78,P35030,31.5,235,130,9,487,708,80,296,7.26E-26,105
Q2TV78,P00734,23,612,351,24,140,712,87,617,1.32E-25,109
Q2TV78,P07478,31.5,235,130,9,487,708,23,239,1.89E-25,103
Q2WGN9,Q9HB21,28.7,94,44,3,60,147,208,284,1.68E-07,50.8
Q32P51,P09651,97.1,205,6,0,1,205,1,205,9.84E-141,400
Q3KQZ1,Q9BQT8,26.4,295,189,10,2,289,16,289,2.45E-11,60.5
Q494W8,P36544,100,385,0,0,28,412,118,502,2.76E-294,798
Q494W8,P32297,37,373,213,6,32,395,131,490,8.28E-77,244
Q494W8,P17787,34.5,400,239,7,17,411,110,491,9.78E-74,236
Q494W8,P02708,34.5,380,187,9,28,397,116,443,1.01E-67,219
Q494W8,P43681,45,269,144,2,28,292,129,397,3.78E-67,222
Q494W8,Q07001,31.9,385,233,5,29,398,120,490,5.43E-50,174
Q494W8,Q04844,35.5,231,136,3,29,246,117,347,1.30E-36,137
Q4G112,Q00613,38.1,134,57,7,11,137,12,126,3.64E-10,59.7
Q4VXU2,Q14576,25.7,335,181,8,100,374,40,366,2.57E-26,108
Q53S08,P20340,90.4,208,20,0,1,208,1,208,3.47E-130,364
Q53S08,P51159,35.2,162,94,3,15,165,11,172,5.33E-25,96.3
Q53S99,O60779,56.4,39,17,0,1,39,417,455,8.81E-08,47.4
Q56A73,Q9Y657,75.1,245,54,3,10,248,18,261,2.72E-129,363
Q58FF3,P14625,86,365,33,1,9,355,352,716,4.50E-210,595
Q58FF3,P08238,41.8,366,188,5,9,355,298,657,1.07E-83,267
Q58FF3,P07900,41.6,365,188,5,10,355,307,665,1.57E-78,254
Q58FF3,Q12931,26.9,361,213,13,11,336,310,654,6.70E-22,95.1
Q58FG0,P07900,49.1,536,42,5,26,330,196,731,2.26E-105,322
Q58FG0,P08238,41.8,533,82,7,26,330,191,723,6.70E-84,265
Q58FG0,Q58FF8,63.2,253,80,4,26,275,113,355,3.80E-72,226
Q5FYA8,P08842,53.7,557,245,7,5,554,25,575,1.95E-208,590
Q5FYA8,P15289,34.3,490,244,17,7,491,21,437,2.26E-63,213
Q5H9K5,Q92918,75.8,33,8,0,8,40,799,831,4.96E-07,50.1
Q5I0G3,P40925,28.2,330,222,5,131,454,4,324,1.78E-36,135
Q5JQF8,Q14576,33.1,151,97,2,3,151,40,188,1.81E-22,90.5
Q5JQS5,Q96RI0,24.8,306,206,10,9,306,63,352,1.34E-07,49.7
Q5PT55,Q12908,33.2,271,174,2,157,424,48,314,5.04E-36,133
Q5PT55,Q14973,27.7,267,185,3,157,418,41,304,5.18E-22,94
Q5T2L2,P17516,69,116,36,0,11,126,8,123,4.22E-54,169
Q5T2L2,P42330,69.8,116,35,0,11,126,8,123,1.68E-53,168
Q5T2L2,Q04828,70.7,116,34,0,11,126,8,123,6.70E-53,166
Q5T2L2,P52895,68.1,116,37,0,11,126,8,123,4.23E-51,162
Q5T2L2,P15121,51.8,114,52,1,13,126,7,117,1.89E-33,116
Q5T2L2,O60218,50,116,55,1,11,126,5,117,1.03E-32,114
Q5T2L2,P14550,42.7,117,63,2,11,126,6,119,6.47E-25,94
Q5TGS1,Q14469,39.7,126,68,4,1,119,42,166,1.10E-09,53.5
Q5VUY0,P22760,35.9,334,202,7,77,405,70,396,6.01E-58,192
Q5VUY0,Q6PIU2,35.9,304,183,7,87,380,80,381,5.77E-50,171
Q63ZE4,Q96S37,50.1,533,266,0,1,533,1,533,1.79E-170,491
Q63ZE4,Q9NSA0,49.9,537,260,7,1,534,1,531,5.76E-163,472
Q63ZE4,Q4U2R8,39.8,533,310,3,1,533,1,522,1.00E-133,397
Q63ZE4,Q8TCC7,37.8,532,308,4,1,532,1,509,1.03E-118,358
Q63ZE4,O15245,30.3,429,286,8,115,540,120,538,2.38E-50,179
Q6BEB4,Q13118,56.1,41,18,0,286,326,359,399,2.09E-10,59.3
Q6GPI1,P17538,95.8,263,11,0,1,263,1,263,2.94E-192,523
Q6GPI1,P40313,55.7,253,111,1,12,263,12,264,9.70E-108,310
Q6GPI1,P07478,42.5,233,123,5,33,263,23,246,7.99E-54,172
Q6GPI1,P07477,41.5,234,124,6,33,263,23,246,1.13E-53,171
Q6GPI1,P35030,42.1,233,124,5,33,263,80,303,2.19E-52,170
Q6GPI1,P00747,37.5,256,143,6,16,263,564,810,1.01E-50,174
Q6GPI1,Q16651,37.8,241,134,5,32,257,43,282,3.61E-50,165
Q6GPI1,P20231,37.1,237,135,5,34,256,31,267,6.90E-50,162
Q6GPI1,P03951,39.1,233,132,6,33,256,387,618,1.98E-49,169
Q6GPI1,Q9NRS4,39.8,254,133,9,23,263,190,436,5.67E-49,164
Q6GPI1,Q15661,36.7,237,136,5,34,256,31,267,1.52E-48,159
Q6GPI1,O15393,39,241,135,6,32,263,254,491,1.62E-47,162
Q6GPI1,Q9UNI1,37,243,141,8,32,263,17,258,5.95E-47,154
Q6GPI1,P05981,38.5,244,129,8,31,256,160,400,8.41E-47,158
Q6GPI1,Q9NRR2,36.5,255,146,9,18,263,25,272,3.28E-45,152
Q6GPI1,Q9Y5Y6,37.9,240,135,6,32,258,613,851,3.45E-45,159
Q6GPI1,O60235,38.3,235,130,9,33,258,186,414,5.14E-44,151
Q6GPI1,P49862,38.7,230,122,7,33,256,29,245,5.52E-43,144
Q6GPI1,P20151,34.6,246,139,7,32,263,23,260,1.05E-41,141
Q6GPI1,P00746,34.5,235,142,6,33,261,25,253,1.03E-39,135
Q6GPI1,Q8IU80,35.7,238,142,5,32,260,575,810,5.06E-39,141
Q6GPI1,P00740,34.7,239,137,8,32,258,225,456,1.20E-38,137
Q6GPI1,P26927,35.3,238,132,8,33,260,483,708,3.83E-36,133
Q6GPI1,P00734,36.5,255,135,10,33,260,363,617,3.39E-35,130
Q6GPI1,P00742,31.1,238,153,5,29,258,230,464,5.54E-33,122
Q6ICH7,Q12797,35.4,178,108,4,188,364,587,758,6.34E-26,106
Q6IEV9,P29275,29.5,132,63,3,16,135,5,118,8.49E-06,43.9
Q6IEY1,P29275,22.9,306,184,9,38,307,21,310,4.71E-09,53.9
Q6IFG1,P29275,35.7,98,59,2,47,143,24,118,2.11E-07,48.9
Q6IFN5,P41968,34.8,115,69,2,49,157,45,159,9.29E-11,59.3
Q6IFN5,O43613,28.1,139,100,0,13,151,17,155,1.71E-10,58.9
Q6IFN5,O43614,31.3,112,77,0,40,151,52,163,4.20E-10,57.8
Q6IFN5,P32245,28.7,122,78,3,49,163,51,170,4.28E-08,51.2
Q6IFN5,P33032,28.5,123,78,2,49,163,43,163,5.59E-07,47.8
Q6IFN5,P28223,31.3,99,65,2,54,150,86,183,9.66E-07,47.4
Q6IFN5,P28335,29.6,98,68,1,54,150,65,162,3.93E-06,45.4
Q6IFN5,P08913,29.2,113,77,1,45,157,54,163,3.96E-06,45.4
Q6IN97,Q12923,42.9,219,106,3,8,211,1415,1629,3.08E-41,150
Q6MZZ7,P07384,34.5,693,402,20,14,668,35,713,2.28E-109,343
Q6MZZ7,P17655,30.9,682,428,18,14,663,25,695,6.52E-97,310
Q6P093,P22760,51.1,403,191,2,1,401,1,399,2.66E-146,418
Q6P093,Q6PIU2,39.2,398,235,4,11,401,11,408,3.10E-94,286
Q6P093,Q05469,30.6,160,102,6,96,253,635,787,5.96E-12,64.7
Q6PEW0,Q99895,26.7,273,171,10,17,269,4,267,4.60E-15,72
Q6PEZ8,Q9NR96,28.7,359,202,12,142,463,3,344,5.42E-14,72
Q6PII5,Q16775,52.2,203,96,1,1,202,49,251,1.06E-73,226
Q6PIV7,Q9BQT8,26.7,292,186,10,9,290,16,289,1.35E-14,70.1
Q6T423,Q96S37,46.8,536,283,2,1,535,1,535,1.24E-153,448
Q6T423,Q9NSA0,45.5,534,286,3,1,533,1,530,8.66E-145,426
Q6T423,Q4U2R8,38.3,532,317,3,1,532,1,521,4.49E-115,350
Q6T423,Q8TCC7,36.1,546,326,4,1,546,1,523,9.48E-105,322
Q6UW02,P24557,30.7,179,108,7,261,428,326,499,4.09E-10,58.9
Q6UWM9,O75795,62.5,523,192,2,9,527,8,530,7.96E-242,671
Q6UWM9,P16662,61,523,201,3,3,522,2,524,4.96E-233,649
Q6UWM9,P22309,46.7,493,259,3,24,516,28,516,2.98E-152,443
Q6UWM9,Q9HAW8,44.8,500,267,6,20,516,20,513,2.33E-145,426
Q6UWM9,P19224,44.2,502,256,5,25,516,28,515,7.97E-144,422
Q6UWM9,Q9HAW7,45,500,266,6,20,516,20,513,2.99E-143,420
Q6UWM9,O60656,44.1,508,259,7,20,516,20,513,5.99E-143,419
Q6UWU2,P16278,54.5,649,256,8,13,629,8,649,2.72E-238,673
Q6UX72,Q9Y2A9,40.7,307,161,6,79,383,75,362,3.22E-68,218
Q6UXE8,O00481,35.5,501,277,8,4,462,16,512,1.43E-87,274
Q6Y2X3,P31689,48.3,60,29,1,445,504,8,65,1.41E-09,57.8
Q6ZN32,P11308,62.2,90,33,1,32,121,304,392,7.22E-29,114
Q6ZN32,P50549,53.1,81,37,1,39,119,335,414,1.32E-19,87
Q6ZSI9,P17655,41.9,711,376,9,14,713,11,695,1.88E-184,539
Q6ZSI9,P07384,42.6,705,366,10,27,719,37,714,2.93E-184,539
Q7RTX9,P53985,26.6,466,297,8,29,490,15,439,1.52E-44,161
Q7RTX9,O15427,35.5,200,125,1,29,224,17,216,3.63E-37,140
Q7RTY3,Q9NRR2,41.2,245,120,9,5,240,49,278,1.47E-59,189
Q7RTY3,Q16651,41.1,236,128,6,5,234,56,286,2.96E-58,186
Q7RTY3,P20231,40.5,232,125,7,5,229,42,267,4.55E-56,178
Q7RTY3,Q15661,40.5,232,125,7,5,229,42,267,9.08E-56,177
Q7RTY3,O15393,35.7,235,132,6,5,233,267,488,2.77E-48,164
Q7RTY3,O60235,37.2,231,129,8,5,232,198,415,5.91E-46,156
Q7RTY3,P00747,34.7,242,123,6,5,235,592,809,2.22E-43,154
Q7RTY3,Q9NRS4,35.6,233,123,8,5,229,216,429,7.36E-41,143
Q7RTY3,P05981,36,242,123,8,5,229,174,400,2.78E-40,141
Q7RTY3,P04070,32.8,232,138,7,6,229,224,445,5.67E-36,130
Q7RTY3,P49862,34.2,234,122,10,6,233,42,249,8.78E-32,115
Q7RTY3,Q9UKR3,32.6,233,130,10,6,231,48,260,1.49E-31,115
Q7RTY3,Q92876,32.8,229,128,10,6,231,34,239,2.09E-30,111
Q7RTY3,Q04756,30.6,245,134,9,6,233,420,645,6.51E-30,115
Q7RTY3,P49863,32.8,241,128,12,6,233,39,258,1.25E-29,109
Q7RTY3,P20151,31.7,243,123,13,6,230,37,254,4.47E-29,108
Q7RTY3,P07288,30.4,240,130,11,6,230,37,254,1.22E-28,107
Q7RTY3,P24158,28.4,236,133,9,6,233,40,247,3.39E-21,87
Q7Z572,P0DP23,31,71,47,1,216,284,3,73,3.09E-06,44.3
Q7Z6P3,P20340,37.8,209,120,2,821,1021,1,207,4.18E-38,139
Q7Z6W7,P31689,45.9,98,41,2,4,101,7,92,1.03E-17,80.1
Q86SM5,Q96LB2,37.8,283,163,6,18,289,33,313,1.35E-40,140
Q86SM5,Q96LB1,36.1,277,160,7,17,277,35,310,1.29E-38,135
Q86SM8,Q96LB2,38.9,293,161,6,15,296,16,301,2.61E-53,174
Q86SM8,Q96LB1,38.8,294,164,5,25,306,31,320,3.51E-52,172
Q86V35,P0DP23,47.9,73,38,0,30,102,5,77,7.89E-20,79.7
Q86V35,P27482,47.8,69,36,0,30,98,5,73,2.40E-17,73.2
Q86VE3,P21673,59.1,171,69,1,526,695,1,171,1.33E-61,201
Q86W25,Q96P20,31.2,1046,599,21,17,989,10,1007,1.83E-146,461
Q86YB7,Q8N8U2,31.1,183,103,4,39,208,257,429,8.13E-14,68.6
Q8IUS5,P34913,31.4,334,181,13,59,359,229,547,3.58E-44,157
Q8IVU1,Q13332,27.2,228,149,6,401,612,697,923,2.03E-13,71.6
Q8IVU1,P20916,26.3,118,82,1,307,424,217,329,3.39E-09,57.4
Q8IVU1,Q06418,24.6,252,170,6,1,250,1,234,4.61E-08,53.9
Q8IW92,P16278,39.9,594,311,15,53,613,40,620,1.06E-124,381
Q8IXE1,P29275,22.5,324,205,10,17,308,2,311,1.90E-09,55.1
Q8IYP2,P07477,37.1,213,132,2,29,241,36,246,1.56E-47,155
Q8IYP2,P35030,35,240,139,5,13,241,70,303,6.62E-44,147
Q8IYP2,P20151,32,231,137,5,26,241,35,260,1.20E-36,127
Q8IYP2,Q92876,32.6,218,138,5,25,239,31,242,3.10E-36,125
Q8IYP2,P07288,34.3,216,122,5,41,241,50,260,2.57E-35,124
Q8IYP2,Q9Y337,35.9,209,131,3,34,241,86,292,2.70E-35,124
Q8IYP2,Q9UKR3,34.7,222,133,7,26,239,46,263,7.34E-35,123
Q8IYP2,Q9Y5K2,30,220,150,3,21,239,36,252,1.59E-30,111
Q8IYP2,P00748,31.6,228,133,7,29,235,385,610,5.13E-26,103
Q8IYP2,Q15661,29,217,131,8,41,238,59,271,3.06E-24,95.1
Q8IYP2,P20231,29,217,131,8,41,238,59,271,3.06E-24,95.1
Q8IYP2,P04070,30.6,232,140,8,27,240,223,451,1.19E-23,95.9
Q8IYP2,P24158,26.3,224,137,9,29,239,40,248,5.47E-17,75.1
Q8IYW4,Q9Y6I3,63.8,149,54,0,2,150,5,153,2.36E-59,205
Q8N146,P08913,26.5,151,100,2,21,165,44,189,7.87E-06,44.3
Q8N148,P13945,26.3,175,121,2,22,188,36,210,3.22E-08,51.6
Q8N148,P30989,25,144,103,2,22,160,63,206,5.82E-08,50.8
Q8N148,P41968,27.3,128,81,2,29,147,45,169,1.51E-06,46.2
Q8N148,P34981,22.8,114,88,0,35,148,38,151,1.76E-06,46.2
Q8N148,P41146,25.2,139,103,1,21,159,50,187,5.26E-06,44.7
Q8N148,Q96RJ0,25,140,87,3,20,150,21,151,6.60E-06,44.3
Q8N1L4,Q86W10,96.2,340,13,0,1,340,1,340,2.60E-239,655
Q8N1L4,P78329,35.7,350,210,8,4,340,7,354,9.31E-64,208
Q8N228,Q9UHJ3,47.9,71,34,1,342,412,792,859,1.48E-12,66.6
Q8N413,O43772,34.2,295,171,5,2,285,10,292,2.71E-50,165
Q8N413,P12236,27.4,179,106,4,5,173,116,280,5.00E-16,73.9
Q8N413,P05141,24.1,199,125,5,5,193,116,298,8.09E-15,70.5
Q8N434,Q4U2R8,27.1,409,242,11,96,488,144,512,2.21E-25,106
Q8N4Z0,P61026,39.3,168,95,3,10,177,10,170,1.90E-33,116
Q8N4Z0,P51159,32.9,222,130,4,8,218,8,221,3.24E-33,116
Q8N4Z0,O14966,35.1,174,103,4,10,179,8,175,1.18E-23,91.3
Q8N4Z0,P01116,34.5,148,95,2,50,197,38,183,7.61E-20,80.9
Q8N4Z0,P01112,35.4,130,82,2,50,179,38,165,1.49E-19,80.1
Q8N7S2,P31689,42,88,32,2,15,102,4,72,1.18E-13,65.5
Q8N8Z6,P12259,42.6,169,81,5,253,414,2064,2223,2.51E-27,116
Q8NCI6,P16278,37.7,575,315,16,80,622,41,604,1.35E-111,348
Q8NG75,P18825,28.2,103,74,0,49,151,64,166,8.56E-06,44.3
Q8NG80,P25100,27.3,121,88,0,35,155,108,228,3.65E-06,45.4
Q8NG85,P25100,26.5,117,86,0,35,151,108,224,6.43E-06,44.7
Q8NG92,Q96RJ0,30.9,162,101,4,24,179,23,179,5.81E-11,59.7
Q8NG92,P13945,31.1,122,84,0,16,137,29,150,5.52E-08,50.8
Q8NG99,P41968,34.7,118,65,2,31,139,45,159,2.69E-10,57.8
Q8NG99,P29275,35.8,95,59,1,38,132,21,113,2.92E-08,51.6
Q8NG99,P32245,28.7,122,78,3,31,145,51,170,6.95E-08,50.4
Q8NG99,O43614,28.8,111,79,0,22,132,52,162,3.63E-07,48.5
Q8NG99,O43613,27.1,107,78,0,26,132,48,154,3.46E-06,45.4
Q8NGA1,O43614,26.8,142,102,1,22,163,52,191,2.56E-08,52
Q8NGA1,O43613,30.1,133,90,2,21,152,42,172,7.84E-08,50.4
Q8NGA1,P28223,25.8,120,88,1,39,157,89,208,1.47E-07,49.7
Q8NGA2,P41968,27.7,130,80,2,32,151,45,170,6.24E-06,44.3
Q8NGA5,P41968,31.5,127,81,4,39,159,52,178,1.14E-07,49.7
Q8NGA5,P32245,27.3,128,84,2,39,159,58,183,2.09E-07,48.9
Q8NGA5,P33032,31.1,119,76,3,39,151,50,168,2.74E-07,48.5
Q8NGA8,P29275,25.1,295,177,9,32,294,22,304,2.85E-12,63.5
Q8NGA8,P41968,27,115,76,2,35,142,56,169,1.07E-06,46.6
Q8NGB4,P20309,25.6,117,87,0,36,152,82,198,6.79E-09,53.9
Q8NGB4,P28223,24,200,128,5,34,228,86,266,8.07E-08,50.4
Q8NGB4,P08912,24.6,118,89,0,35,152,43,160,1.52E-07,49.7
Q8NGB4,P08913,33.3,96,64,0,35,130,61,156,4.46E-07,48.1
Q8NGB4,Q96RJ0,22.7,163,122,2,18,180,19,177,4.84E-07,47.8
Q8NGB4,P08173,23.9,117,89,0,36,152,46,162,1.42E-06,46.6
Q8NGB4,P08172,22.2,117,91,0,36,152,37,153,1.86E-06,46.2
Q8NGB8,P29275,23.2,306,177,9,38,304,21,307,1.15E-06,46.6
Q8NGB9,P29275,23.9,314,169,11,38,306,21,309,2.72E-07,48.5
Q8NGC1,P29275,22,291,204,6,71,341,16,303,5.88E-09,53.9
Q8NGC1,Q99500,24.6,289,191,9,60,338,37,308,2.13E-08,52.4
Q8NGC2,P28223,28.6,119,84,1,32,149,82,200,1.92E-06,46.2
Q8NGC5,P32238,28.8,139,97,2,34,171,52,189,4.10E-07,48.5
Q8NGC6,Q96RJ0,27.7,130,94,0,20,149,19,148,2.75E-08,51.6
Q8NGC6,P32238,28.5,123,88,0,30,152,47,169,4.40E-08,51.2
Q8NGC6,P32239,30.2,149,101,3,30,177,60,206,1.07E-07,50.1
Q8NGC6,P29275,29.2,161,100,4,17,176,2,149,3.63E-07,48.1
Q8NGC6,P48039,27.1,118,86,0,36,153,39,156,5.04E-06,44.7
Q8NGC6,P28223,25.4,134,96,2,32,164,82,212,7.92E-06,44.3
Q8NGC7,P29275,23.4,303,193,9,50,324,15,306,4.00E-09,54.3
Q8NGC9,O43194,24.1,162,111,4,33,186,29,186,4.75E-06,45.1
Q8NGD1,P29275,25.7,136,91,2,41,176,24,149,6.25E-07,47.4
Q8NGD2,P29275,33,112,73,2,41,152,24,133,1.53E-08,52.4
Q8NGD2,P41968,31.1,135,71,5,30,150,44,170,2.65E-08,51.6
Q8NGD2,P32238,22.8,145,102,2,29,168,46,185,2.45E-06,45.8
Q8NGD4,P29275,29.5,146,79,4,38,176,21,149,4.81E-07,47.8
Q8NGD4,Q96RJ0,23.8,168,104,7,19,174,16,171,4.89E-06,44.7
Q8NGD5,P29275,29.2,137,86,3,41,177,24,149,4.78E-07,47.8
Q8NGE1,P29275,21.1,289,197,6,35,299,20,301,3.56E-07,48.1
Q8NGE8,Q96RJ0,25.5,145,108,0,20,164,19,163,3.66E-09,54.3
Q8NGE8,P35348,25.6,164,108,3,40,189,42,205,8.40E-09,53.5
Q8NGF0,P29275,39.6,106,59,5,54,156,15,118,5.52E-06,44.7
Q8NGF7,P41968,20.9,296,177,9,34,303,50,314,3.54E-08,51.2
Q8NGG4,P21453,25.7,303,194,10,18,304,39,326,1.27E-06,46.6
Q8NGH3,P32238,24.3,222,148,4,50,260,51,263,8.69E-07,47.4
Q8NGH3,P29275,22.6,305,195,9,48,323,15,307,7.16E-06,44.3
Q8NGI0,P29275,34,103,64,2,39,140,20,119,2.88E-07,48.5
Q8NGI1,P29275,35,120,61,5,46,159,20,128,6.77E-09,53.5
Q8NGI4,P08908,31.4,118,81,0,40,157,52,169,1.82E-09,55.5
Q8NGI4,Q96RJ0,27.6,145,105,0,20,164,19,163,3.57E-09,54.3
Q8NGI4,P28335,26.6,139,94,2,33,170,62,193,5.98E-07,47.8
Q8NGI4,P08172,23.5,119,91,0,36,154,35,153,1.42E-06,46.6
Q8NGI6,Q96RJ0,26.2,172,105,7,20,182,19,177,2.59E-10,57.8
Q8NGI6,P41968,22.1,289,177,6,36,301,50,313,2.52E-09,54.7
Q8NGI6,P35348,26.4,121,83,3,40,157,42,159,4.61E-09,54.3
Q8NGI6,P28335,25.9,139,95,2,33,170,62,193,6.09E-09,53.9
Q8NGI6,P16473,22.8,272,169,10,39,289,429,680,1.34E-08,53.1
Q8NGI6,P49683,30.4,135,82,3,34,167,70,193,3.94E-07,48.1
Q8NGI6,P33032,21.6,287,179,10,36,301,48,309,8.41E-07,47
Q8NGI6,P32245,23.9,284,175,10,36,301,56,316,1.52E-06,46.2
Q8NGI6,P08172,23.1,117,90,0,38,154,37,153,5.89E-06,44.7
Q8NGI6,Q9H228,25,292,166,12,40,301,52,320,9.62E-06,43.9
Q8NGJ1,Q9Y5N1,27.8,97,70,0,36,132,46,142,1.44E-07,49.7
Q8NGJ1,Q96RJ0,25.9,116,86,0,34,149,33,148,2.81E-07,48.5
Q8NGJ9,P29275,31.4,102,58,3,43,139,24,118,7.04E-06,44.3
Q8NGK0,P29275,30,140,76,5,42,175,20,143,8.73E-07,47
Q8NGK1,P28335,26.3,114,83,1,23,135,50,163,4.69E-06,45.1
Q8NGK5,P29275,36.5,126,61,6,23,141,7,120,1.56E-08,52.4
Q8NGK5,P32239,28.9,135,86,2,33,162,61,190,3.48E-07,48.5
Q8NGK5,P0DMS8,31.4,121,77,2,38,154,24,142,1.52E-06,46.2
Q8NGL6,P20309,27.1,144,99,2,44,181,54,197,4.91E-08,51.6
Q8NGL6,P28223,27.4,117,84,1,62,177,84,200,1.82E-07,49.7
Q8NGL6,P08173,26.3,118,87,0,64,181,44,161,3.23E-07,48.9
Q8NGL6,P08172,25.9,147,97,3,43,182,12,153,9.90E-07,47.4
Q8NGL6,P11229,26.4,121,89,0,61,181,34,154,1.30E-06,47
Q8NGL6,P08913,23.7,118,90,0,61,178,57,174,5.40E-06,45.1
Q8NGL6,Q96RJ0,26,123,91,0,55,177,26,148,5.89E-06,44.7
Q8NGL6,P32239,27.4,117,85,0,62,178,64,180,7.02E-06,44.7
Q8NGL9,P29275,23,313,169,13,39,305,24,310,2.68E-07,48.5
Q8NGL9,P08172,24.6,138,102,1,13,148,12,149,5.85E-06,44.7
Q8NGM1,O95136,23.9,259,159,8,56,299,66,301,2.95E-07,48.5
Q8NGM1,P29275,22.4,312,179,9,36,306,21,310,8.84E-07,47
Q8NGM1,P13945,25.2,127,94,1,34,160,49,174,1.82E-06,46.2
Q8NGN1,Q96RJ0,31.7,123,79,3,30,149,28,148,2.23E-07,48.9
Q8NGN4,P29275,29.7,128,87,1,22,149,7,131,1.95E-09,55.1
Q8NGN4,P28223,23.7,118,90,0,31,148,83,200,2.57E-07,48.9
Q8NGN4,P35348,27,122,68,4,37,148,41,151,2.51E-06,45.8
Q8NGN4,P21453,24.5,306,168,13,28,301,51,325,3.99E-06,45.1
Q8NGN4,P08912,25.2,119,88,1,31,149,39,156,8.27E-06,44.3
Q8NGN5,P0DMS8,25.7,113,81,1,37,149,27,136,8.24E-07,47
Q8NGN5,P35348,30.4,112,57,5,37,138,41,141,1.89E-06,46.2
Q8NGN6,P28223,22.9,118,91,0,31,148,83,200,6.06E-07,47.8
Q8NGN6,P35348,23.6,127,66,2,37,148,41,151,1.07E-06,47
Q8NGN6,P08173,24.8,117,81,2,36,149,46,158,7.93E-06,44.3
Q8NGN6,Q9GZQ4,22.6,305,191,9,24,297,47,337,9.84E-06,43.9
Q8NGN8,P28223,25.5,98,72,1,34,130,86,183,9.65E-06,43.9
Q8NGQ3,O43614,30.1,143,96,2,35,176,52,191,4.96E-08,51.2
Q8NGQ3,O43613,28,125,90,0,35,159,44,168,8.54E-08,50.4
Q8NGQ4,P25103,27.1,133,92,1,9,141,18,145,1.88E-07,49.3
Q8NGR8,P08172,30.5,118,67,3,26,133,19,131,5.82E-06,44.7
Q8NGR9,O43613,28.8,125,84,1,28,152,38,157,5.05E-10,57.4
Q8NGR9,O43614,28.4,102,73,0,51,152,64,165,1.23E-08,53.1
Q8NGR9,P41968,28.1,128,84,3,47,167,44,170,1.23E-08,52.8
Q8NGR9,P08172,25.6,125,83,3,50,169,32,151,3.88E-07,48.5
Q8NGR9,P32245,20.5,297,184,8,47,321,50,316,7.22E-07,47.4
Q8NGR9,P28223,26.3,118,86,1,53,169,86,203,1.61E-06,46.6
Q8NGR9,P08173,27.2,125,81,3,50,169,41,160,2.16E-06,46.2
Q8NGR9,P20309,25.6,117,87,0,53,169,80,196,4.14E-06,45.4
Q8NGR9,P08913,26.1,119,88,0,51,169,58,176,8.79E-06,44.3
Q8NGS0,P29275,31.2,138,92,3,20,156,4,139,2.00E-08,52
Q8NGS1,P29275,22.5,311,206,9,23,307,6,307,8.48E-09,53.1
Q8NGS1,P32238,29.5,132,93,0,23,154,40,171,1.86E-07,49.3
Q8NGS1,P0DMS8,26.5,117,84,1,36,152,24,138,1.11E-06,46.6
Q8NGS1,P28223,25.6,125,78,2,36,152,86,203,7.97E-06,44.3
Q8NGS3,P29275,22,304,216,6,23,307,6,307,3.79E-09,54.3
Q8NGS5,P25021,23.9,310,186,9,33,318,27,310,2.93E-10,57.8
Q8NGS6,P25021,22.4,294,194,7,63,340,27,302,8.67E-09,53.5
Q8NGS9,P25021,21.6,301,196,7,29,310,23,302,1.27E-08,52.8
Q8NGT5,P29275,32.1,106,53,3,54,149,38,134,6.38E-07,47.4
Q8NGT5,P13945,29.7,111,67,2,53,156,67,173,1.31E-06,46.6
Q8NGT5,Q96RJ0,22.4,134,93,2,52,178,52,181,4.86E-06,44.7
Q8NGT9,P41145,20.2,297,216,7,18,301,54,342,2.23E-06,45.8
Q8NGT9,P30559,28.5,123,70,4,32,141,48,165,9.43E-06,43.9
Q8NGT9,P47901,31.3,96,56,3,40,130,51,141,9.88E-06,43.9
Q8NGU1,P29275,31.9,119,78,1,35,153,19,134,1.55E-06,46.2
Q8NGU1,Q96RJ0,21.5,172,118,2,19,182,19,181,6.64E-06,44.3
Q8NGU2,P41595,31.5,111,76,0,40,150,71,181,2.66E-11,61.2
Q8NGU2,P29275,31.6,114,75,2,40,153,24,134,2.04E-08,52
Q8NGU2,P13945,27.9,140,93,2,40,172,54,192,4.33E-08,51.2
Q8NGU2,P29274,26,127,83,3,38,160,21,140,5.81E-08,50.8
Q8NGU2,Q96RJ0,21.1,133,100,2,19,149,19,148,1.58E-06,46.2
Q8NGU9,P30518,27.6,366,202,14,39,384,34,356,9.32E-18,81.6
Q8NGX1,P21453,28.2,309,179,13,24,310,39,326,9.97E-10,56.2
Q8NGX1,P30559,28.7,122,76,3,38,155,48,162,2.42E-08,52
Q8NGX8,P41968,33.3,141,86,3,34,167,43,182,1.43E-11,61.6
Q8NGX8,P32245,25.3,154,108,2,21,167,34,187,1.66E-06,46.2
Q8NGY5,P29275,30.9,136,84,2,37,172,20,145,1.14E-07,49.7
Q8NGZ3,P41968,34.1,126,66,4,17,134,41,157,8.14E-07,47
Q8NGZ3,O43614,26.5,113,83,0,19,131,52,164,1.01E-06,47
Q8NH00,P30559,30.9,110,66,4,57,163,44,146,2.83E-06,45.8
Q8NH03,P21453,28,304,186,12,24,310,39,326,3.13E-10,57.8
Q8NH03,P30559,28.7,122,76,3,38,155,48,162,5.74E-08,50.8
Q8NH05,P29275,30.9,139,85,3,39,177,22,149,3.43E-10,57.4
Q8NH06,P28223,26.3,118,86,1,50,166,86,203,1.61E-06,46.6
Q8NH08,P13945,41.2,114,61,4,37,149,49,157,1.08E-11,62.4
Q8NH08,P29275,35,137,74,6,39,174,21,143,7.01E-07,47.4
Q8NH40,P41143,23.3,313,209,10,17,310,35,335,6.07E-09,53.9
Q8NH40,Q13304,31.8,154,84,5,31,178,64,202,4.45E-07,48.1
Q8NH40,P30559,31.5,143,90,5,17,156,29,166,4.65E-07,48.1
Q8NH41,P29275,32.5,157,93,4,22,176,4,149,5.13E-09,53.9
Q8NH41,Q96RJ0,22.6,146,113,0,20,165,19,164,3.97E-06,45.1
Q8NH42,P29275,30.4,115,78,1,39,153,22,134,1.93E-07,48.9
Q8NH55,P29275,31.3,99,64,2,43,140,24,119,5.31E-08,50.8
Q8NH57,P29275,30.6,121,75,3,23,141,7,120,6.81E-06,44.3
Q8NH60,P29275,31,100,61,2,43,139,24,118,1.14E-07,49.7
Q8NH60,P30559,30.1,103,66,3,34,133,47,146,9.49E-06,43.9
Q8NH61,P29275,30.1,103,70,1,52,154,21,121,2.43E-06,45.8
Q8NH64,P28335,25.4,205,119,7,26,219,55,236,1.92E-07,49.3
Q8NH64,P28223,25.5,216,141,7,26,235,76,277,6.11E-07,47.8
Q8NH64,P30559,32,103,66,3,31,131,46,146,7.18E-06,44.3
Q8NH70,P20309,29.3,123,81,2,14,130,54,176,1.75E-06,46.6
Q8NH73,P29275,22.7,304,187,10,39,308,24,313,2.02E-07,48.9
Q8NH74,P28223,24.1,187,126,4,33,218,83,254,1.50E-08,52.8
Q8NH74,P32239,32,125,81,2,33,155,63,185,8.14E-08,50.4
Q8NH74,P28335,25.5,137,95,2,16,151,51,181,8.12E-07,47.4
Q8NH76,P32239,28.9,128,91,0,40,167,64,191,1.47E-06,46.6
Q8NH83,P20309,27.6,123,83,2,14,130,54,176,3.76E-06,45.4
Q8NH93,P28223,28.7,101,71,1,33,132,83,183,1.20E-07,50.1
Q8NH93,O43614,26.5,117,86,0,22,138,52,168,3.63E-07,48.5
Q8NH93,O43613,26.8,112,82,0,27,138,49,160,4.71E-07,48.1
Q8NHA8,P29275,31.1,132,89,2,21,152,4,133,9.82E-10,56.2
Q8NHC5,O43614,25.2,127,93,1,29,155,61,185,1.39E-08,52.8
Q8NHC6,O43614,25.2,135,95,3,20,151,32,163,2.07E-07,49.3
Q8NHS2,P17174,40.5,405,231,4,5,399,5,409,2.70E-102,307
Q8TC17,P62993,66.7,99,33,0,1,99,1,99,9.85E-46,144
Q8TC17,P16333,36,125,50,3,5,99,197,321,1.82E-20,82
Q8TC17,P00519,40,100,55,2,4,99,67,165,1.38E-19,80.1
Q8TC17,P42684,39,100,56,2,4,99,113,211,3.52E-19,79
Q8TC17,P06239,41.9,105,52,4,4,101,67,169,6.00E-19,78.2
Q8TC17,P42685,38.5,109,54,3,4,99,48,156,2.08E-18,76.6
Q8TC17,P06241,38.5,104,58,3,4,101,88,191,5.36E-18,75.5
Q8TC17,P07948,41.9,105,52,4,4,101,69,171,1.35E-17,74.3
Q8TC17,P09769,39.4,104,57,3,4,101,83,186,1.86E-17,73.9
Q8TC17,P07947,35.2,105,60,4,4,101,97,200,2.54E-17,73.6
Q8TC17,P08631,38.1,105,56,4,4,101,84,186,1.20E-16,71.6
Q8TC17,P51451,32.4,111,70,2,4,109,64,174,9.74E-13,60.5
Q8TC17,Q06124,34.3,70,46,0,44,113,96,165,2.79E-08,47.8
Q8TD86,P27482,40.3,67,40,0,106,172,7,73,1.97E-10,53.9
Q8TDS7,Q96LB2,42,312,163,10,10,312,7,309,4.64E-57,184
Q8TDS7,Q96LB1,43.2,285,149,9,33,310,36,314,8.92E-56,181
Q8TDS7,Q9Y5Y4,28.2,309,166,10,39,308,44,335,4.21E-12,63.5
Q8TDS7,Q99788,23.7,274,174,7,38,280,51,320,9.48E-12,62.4
Q8TE96,Q7Z478,32.2,208,130,4,24,224,551,754,1.72E-19,90.9
Q8WTU2,Q96JB6,33.5,573,293,16,38,575,12,531,3.47E-75,251
Q8WTU2,Q9Y4K0,32.6,515,282,14,57,554,57,523,5.55E-67,229
Q8WTU2,P58215,31.9,523,270,15,57,554,43,504,7.82E-67,228
Q8WTU2,P21757,47.1,104,55,0,54,157,346,449,9.25E-28,113
Q8WUS8,P26439,34.3,309,179,11,54,349,58,355,6.21E-33,124
Q8WUS8,P14060,31.4,363,215,13,10,349,5,356,5.76E-31,119
Q8WUT9,P12236,27.8,277,173,6,17,275,13,280,3.83E-27,105
Q8WUT9,Q9BQT8,33.3,81,52,1,107,185,208,288,1.63E-07,49.3
Q8WW32,P09429,36.2,152,93,2,1,149,1,151,4.69E-28,102
Q8WXE0,P21709,35.2,88,50,3,466,546,884,971,4.55E-06,48.1
Q8WXT5,Q08050,41.6,101,54,3,89,188,218,314,3.84E-17,80.9
Q92527,Q9UI32,40,75,43,2,10,84,471,543,5.42E-06,44.3
Q92576,Q12830,39,77,41,3,707,782,2856,2927,2.60E-08,56.6
Q96CH1,Q99527,26,338,216,13,8,332,44,360,8.11E-21,89.4
Q96DU9,Q14576,23.5,366,227,9,17,374,38,358,1.66E-21,92
Q96E39,Q15717,34.6,81,53,0,10,90,246,326,7.28E-08,50.8
Q96E39,Q14576,34.2,76,50,0,10,85,286,361,1.10E-07,50.4
Q96GE6,P0DP23,39,118,72,0,44,161,1,118,9.13E-21,81.6
Q96GE6,P27482,29.3,147,104,0,44,190,1,147,1.80E-14,65.1
Q96KN9,P29033,34.3,213,125,3,15,222,14,216,3.32E-35,126
Q96KN9,P17302,30.5,226,137,2,7,216,7,228,2.30E-31,119
Q96KV6,O00481,38.1,496,266,5,16,470,18,513,8.11E-99,307
Q96LB0,Q96LB2,83.2,322,54,0,1,322,1,322,9.19E-182,502
Q96LB0,Q96LB1,61.1,329,119,3,1,320,1,329,1.10E-120,347
Q96LB0,Q9Y5Y4,25.9,305,183,8,36,305,41,337,1.18E-14,71.2
Q96LB0,Q99788,28.2,131,90,2,36,162,49,179,2.41E-08,52
Q96P67,P48145,21.9,315,214,8,15,325,37,323,6.64E-12,62.8
Q96P67,P32745,22,314,204,10,13,318,42,322,9.26E-11,59.7
Q96P67,P32248,21.9,311,209,8,18,324,61,341,2.69E-09,55.1
Q96QZ0,Q96RD7,43.2,354,193,4,1,349,1,351,1.30E-79,248
Q96R05,O15540,38.6,127,76,1,8,134,8,132,2.62E-27,95.9
Q96R30,P29274,23.1,303,193,7,30,304,11,301,1.82E-06,46.2
Q96R45,P37288,29.7,101,67,3,34,132,62,160,7.38E-06,44.3
Q96R69,P29275,25.1,295,177,9,32,294,22,304,2.85E-12,63.5
Q96R69,P41968,27,115,76,2,35,142,56,169,1.07E-06,46.6
Q96R72,P29275,29.7,145,90,3,33,176,16,149,1.94E-10,58.2
Q96R72,P35348,25.9,166,107,3,39,189,41,205,3.51E-07,48.5
Q96R84,P11229,27.7,119,81,3,36,151,37,153,4.54E-07,48.1
Q96RD2,P29275,32,103,62,2,40,139,21,118,2.19E-06,45.8
Q96RP8,P22001,69.3,407,119,3,11,416,101,502,6.76E-184,523
Q96RP8,Q09470,66.2,408,124,3,11,416,35,430,1.82E-179,508
Q96RP8,P22459,68.1,405,120,4,11,409,174,575,8.52E-178,510
Q96RP8,P17658,58.7,491,154,8,13,456,41,529,6.55E-168,480
Q96RP8,P16389,63,416,138,3,11,420,31,436,1.94E-167,478
Q96RP8,P22460,64.1,412,133,5,13,409,120,531,7.52E-164,473
Q96RP8,Q9UK17,37.4,412,210,9,13,409,40,418,3.82E-70,232
Q96RP8,Q14721,40.6,434,191,10,11,410,29,429,1.91E-65,223
Q99463,P25929,56.1,237,101,2,40,276,45,278,5.75E-86,259
Q99463,P50391,43.2,236,132,2,41,276,47,280,3.55E-64,203
Q99463,O43614,30.4,191,128,3,42,232,61,246,9.35E-24,97.4
Q99463,P32239,35,183,103,5,42,221,61,230,8.39E-23,94.7
Q99463,Q9Y271,26.4,242,148,8,42,276,30,248,1.24E-13,67.4
Q99463,P30939,25.6,219,137,4,55,265,42,242,3.97E-11,60.1
Q99463,Q15722,27.5,240,145,9,40,276,23,236,9.22E-11,58.9
Q99463,O14804,22.3,215,142,5,71,276,69,267,7.36E-08,50.1
Q99679,Q9Y2T5,67.8,348,100,4,8,349,20,361,2.02E-164,461
Q99679,P35348,23.8,320,205,10,43,331,41,352,1.99E-12,65.1
Q99679,P34969,24.3,305,190,9,38,308,91,388,8.30E-09,53.9
Q99679,P41595,31.2,125,78,4,43,163,69,189,5.88E-07,48.1
Q9BPW5,P01112,30.7,179,115,4,35,212,5,175,1.92E-21,85.9
Q9BPW5,P01116,31.7,167,106,3,35,201,5,163,5.22E-21,84.7
Q9BPW5,P01111,31.1,167,107,3,35,201,5,163,1.02E-20,84
Q9BXM9,O00481,28.7,122,81,4,372,490,382,500,6.29E-09,55.5
Q9C0H6,Q14145,29.3,372,211,5,159,478,54,425,1.41E-40,155
Q9C0K3,P61158,89.4,188,20,0,1,188,130,317,6.65E-122,349
Q9C0K3,P61160,36.7,188,104,4,1,188,127,299,1.04E-30,113
Q9GIP4,Q01650,91.2,182,16,0,1,182,1,182,9.58E-105,307
Q9GIP4,Q9UPY5,49.6,141,71,0,42,182,36,176,1.34E-44,151
Q9GZK3,P28223,22.5,325,182,8,36,305,86,395,3.45E-07,48.9
Q9GZK7,P18825,28.8,132,71,2,38,157,63,183,1.50E-09,55.8
Q9GZK7,Q92633,23,291,189,8,38,312,61,332,1.27E-07,49.7
Q9H2C5,P29275,33.3,99,64,1,39,137,20,116,1.18E-06,46.6
Q9H2C5,P0DMS8,29.6,108,66,2,38,141,24,125,2.02E-06,45.8
Q9H2C8,P29275,34.6,107,68,1,43,149,17,121,8.77E-10,56.2
Q9H343,P32238,25.9,166,110,3,31,188,46,206,5.97E-09,53.9
Q9H343,P29275,32.5,126,64,4,39,150,20,138,2.04E-08,52
Q9H344,P29275,34.5,110,60,3,33,137,16,118,1.89E-10,58.2
Q9H344,P30559,31.7,104,65,3,31,131,46,146,9.71E-07,47
Q9H3Z7,O95870,57.3,450,154,5,20,469,147,558,1.89E-185,526
Q9H568,P61160,30.6,389,225,9,4,362,7,380,4.78E-53,177
Q9H6Y5,Q5TCQ9,46.1,89,46,1,118,206,1014,1100,7.72E-17,79
Q9H6Y5,Q12923,27,89,61,1,124,208,1500,1588,5.71E-07,48.5
Q9H7L2,Q9HCN6,36,225,129,4,1,225,1,210,2.91E-36,131
Q9H819,P31689,44.2,104,46,3,79,182,3,94,1.41E-17,80.5
Q9H930,Q14839,45.7,46,24,1,402,446,448,493,2.21E-07,51.2
Q9HAE3,P62166,29.2,120,76,2,72,185,68,184,2.73E-14,65.9
Q9HB14,O14649,32.6,270,151,5,13,279,1,242,1.16E-32,124
Q9HB14,P57789,30,267,148,6,26,279,78,318,1.30E-22,97.1
Q9HB14,Q9NYG8,28.4,285,163,8,17,290,3,257,1.54E-21,92.8
Q9HB15,O14649,29.2,253,148,6,49,298,18,242,8.18E-24,99.8
Q9HB15,P57789,27.5,265,169,5,40,299,73,319,5.58E-21,92.4
Q9HB15,Q9NPC2,26.8,254,153,6,49,298,18,242,4.36E-20,88.6
Q9HB15,Q9NYG8,28.7,279,158,7,42,309,9,257,5.14E-20,88.6
Q9HB15,O95279,31.1,257,140,8,41,288,7,235,3.00E-17,80.9
Q9HCJ3,Q14576,28.4,155,97,5,71,211,41,195,6.10E-07,49.3
Q9HCJ6,Q99536,46.6,341,175,4,42,378,48,385,1.65E-106,317
Q9HCS5,P29074,41.2,362,200,6,10,368,28,379,5.37E-79,268
Q9HCS5,P26045,36,303,180,5,10,306,28,322,1.88E-52,192
Q9HCS5,Q15678,28.4,306,195,9,11,304,21,314,1.52E-30,125
Q9NNZ3,P31689,42.2,64,34,1,33,96,5,65,8.02E-10,55.5
Q9NRD0,Q99418,30.8,185,113,5,133,311,63,238,1.42E-22,94.4
Q9NS85,Q9Y2D0,31.9,254,164,5,63,311,61,310,7.28E-38,134
Q9NS85,Q9ULX7,30.3,241,148,9,66,297,45,274,1.22E-30,115
Q9NXN4,Q9BQ69,37.3,177,110,1,49,224,147,323,4.36E-32,122
Q9NXN4,A1Z1Q3,31.9,216,136,3,10,223,34,240,5.86E-31,121
Q9NZP0,P29275,20.3,290,210,4,34,304,20,307,2.00E-08,52
Q9P1P4,Q96RJ0,47.5,299,154,2,46,341,38,336,1.08E-92,277
Q9P1P4,O14804,39.9,296,171,2,46,341,49,337,4.58E-74,229
Q9P1P4,Q13639,31.9,295,184,6,46,324,34,327,7.08E-44,152
Q9P1P4,P07550,26.9,279,189,2,46,309,48,326,2.22E-27,108
Q9P1P4,P28221,24.7,328,189,6,46,324,53,371,1.24E-25,103
Q9P1P4,P50406,27.4,292,186,5,49,319,44,330,2.42E-23,97.4
Q9P1P4,P28223,25.6,309,194,9,48,324,91,395,2.69E-18,82.8
Q9P1P4,P30939,33,115,77,0,49,163,41,155,2.70E-16,76.3
Q9P1Q5,P41968,31,126,81,2,31,150,45,170,5.96E-09,53.5
Q9P1Q5,P18825,23.8,126,96,0,33,158,60,185,1.89E-07,49.3
Q9P1Q5,P32245,27.5,120,72,3,37,143,57,174,6.34E-06,44.3
Q9P227,P52757,33,227,128,2,888,1097,249,468,6.47E-33,131
Q9P227,O60307,26.7,146,83,3,27,171,932,1054,2.10E-06,49.7
Q9UBK7,O14966,35.8,120,71,3,23,136,9,128,3.44E-19,79.7
Q9UDX4,P49638,28,250,146,9,7,243,19,247,2.40E-22,93.2
Q9UF47,P31689,54.7,64,26,1,21,84,8,68,4.29E-16,72.8
Q9UGF5,P32239,25.3,158,116,2,16,172,47,203,1.16E-09,56.2
Q9UGF6,P29275,29.3,116,80,1,38,153,21,134,5.10E-08,50.8
Q9UJT0,P07437,33,466,269,10,1,460,1,429,3.50E-82,258
Q9UJT0,Q13509,32.3,470,267,9,1,460,1,429,4.94E-80,253
Q9UJT0,Q9H4B7,31.5,476,276,9,1,467,1,435,5.05E-76,243
Q9UKQ9,O60259,49,243,116,3,12,248,16,256,3.98E-88,259
Q9UKQ9,P20151,42.3,234,128,1,20,246,22,255,4.42E-67,206
Q9UKQ9,Q92876,43.9,246,129,4,6,249,4,242,1.20E-65,201
Q9UKQ9,P49862,39.4,246,143,2,5,250,12,251,5.80E-63,195
Q9UKQ9,P35030,42.9,240,131,3,7,246,65,298,2.07E-61,192
Q9UKQ9,P07477,41.5,229,122,4,20,245,21,240,8.83E-61,189
Q9UKQ9,P07478,40.9,230,124,4,20,246,21,241,9.09E-58,181
Q9UKQ9,P40313,35,240,132,8,22,248,33,261,7.82E-38,130
Q9UKQ9,Q16651,33.3,246,139,8,20,245,42,282,1.63E-37,132
Q9UKQ9,P17538,36,236,136,7,21,248,32,260,2.48E-35,124
Q9UKQ9,P00747,36.3,245,125,9,22,250,580,809,9.05E-33,123
Q9UKQ9,P00734,30.7,267,149,10,16,250,357,619,4.05E-29,112
Q9UKQ9,P00742,29.8,242,152,8,21,250,233,468,1.89E-24,98.6
Q9UKQ9,P06681,29.6,115,59,5,35,135,479,585,5.42E-07,47.4
Q9ULL1,P15498,28.1,267,175,7,109,364,187,447,5.61E-22,100
Q9ULL1,P11274,21.7,253,166,8,117,352,502,739,4.32E-06,48.5
Q9UQ74,P17948,24.5,371,206,21,106,412,389,749,5.00E-07,49.3
Q9Y4A9,P48039,26.4,110,81,0,40,149,43,152,2.21E-06,45.8
Q9Y536,P62937,86.5,163,22,0,1,163,1,163,2.85E-105,295
Q9Y536,P30405,67.1,161,53,0,3,163,45,205,1.67E-81,237
Q9Y536,P23284,56,159,69,1,6,163,46,204,1.54E-57,176
Q9Y536,Q08752,53.8,169,70,1,3,163,15,183,1.34E-56,179
Q9Y614,P61160,35,377,225,9,50,407,7,382,2.80E-69,221
Q9Y614,P61158,28.5,417,225,15,48,407,4,404,2.64E-43,154
Q9Y6F7,Q9Y6F8,98,541,10,1,1,541,1,540,0,1025
Q9Y6F7,Q9Y232,63.5,539,193,3,6,541,61,598,5.44E-236,659
Q9Y6F7,Q8N8U2,41.2,541,270,8,6,540,7,505,6.98E-125,373
Q9Y6F7,P45973,39.2,51,29,2,4,54,18,66,1.99E-06,45.8
Q9Y6F7,P83916,40.8,49,27,2,6,54,21,67,3.36E-06,45.1
A0A075B759,P62937,85.3,163,24,0,1,163,1,163,4.72E-104,292
A0A075B759,P30405,66.5,161,54,0,3,163,45,205,4.79E-81,236
A0A075B759,P23284,56,159,69,1,6,163,46,204,7.65E-58,177
A0A075B759,Q08752,53.8,169,70,1,3,163,15,183,9.50E-57,179
A0A096LNW5,Q04721,96.9,191,6,0,1,191,1,191,9.11E-99,314
A0A0B4J2A2,P62937,87.1,163,21,0,1,163,1,163,1.72E-106,298
A0A0B4J2A2,P30405,67.7,161,52,0,3,163,45,205,1.02E-82,240
A0A0B4J2A2,P23284,57.2,159,67,1,6,163,46,204,2.88E-60,183
A0A0B4J2A2,Q08752,55,169,68,1,3,163,15,183,3.83E-59,185
A0A1B0GTS1,Q00613,36.4,107,57,4,82,182,17,118,5.90E-09,54.3
A0A1B0GVH4,Q8IU80,45.1,51,27,1,48,98,586,635,4.38E-09,53.1
A0A1W2PQ27,Q9NP77,70.6,194,57,0,1,194,1,194,6.06E-103,292
A0A1W2PQ64,Q9NP77,70.6,194,57,0,1,194,1,194,2.47E-102,290
A0A1W2PQ73,P11308,58.2,98,41,0,35,132,304,401,2.19E-31,120
A0A1W2PQ73,P50549,47.7,107,51,1,42,148,335,436,1.82E-21,92.4
A0A1W2PQC6,Q9NP77,71.1,194,56,0,1,194,1,194,2.12E-103,293
A0A1W2PQJ5,Q9NP77,71.6,194,55,0,1,194,1,194,3.67E-104,295
A0A1W2PR75,Q9NP77,70.1,194,58,0,1,194,1,194,1.74E-102,291
A0A1W2PRP0,O43524,43.3,97,42,6,21,107,141,234,5.04E-13,65.1
A0A1W2PRP0,Q12778,41.6,89,44,4,24,107,152,237,2.24E-12,63.2
A0A2R8Y4L2,P09651,97.8,178,4,0,1,178,46,223,6.24E-115,332
A1L157,P08962,27.9,229,154,5,16,244,10,227,5.34E-25,96.7
A1L157,P60033,30.3,238,137,7,16,243,10,228,2.86E-21,86.7
A4QPB2,O75581,39.1,238,145,0,1,238,370,607,3.05E-49,171
A6NFH5,P05413,51.9,131,63,0,1,131,1,131,1.64E-47,147
A6NFH5,P15090,55.7,131,58,0,1,131,1,131,6.46E-47,145
A6NFH5,Q01469,51.1,131,64,0,2,132,4,134,1.10E-43,137
A6NFH5,O15540,48.9,131,67,0,1,131,1,131,4.69E-42,133
A6NGH8,O75762,21.1,261,171,6,79,317,101,348,3.26E-06,46.6
A6NKP2,Q14376,26.5,155,86,4,34,171,3,146,8.74E-07,47.8
A6NKX4,O15244,26.1,421,286,7,112,525,132,534,6.45E-31,124
A6NKX4,Q96S37,30.2,414,257,10,119,519,135,529,1.37E-27,114
A8MUU1,Q01469,91.1,101,9,0,1,101,35,135,9.44E-65,189
B5MD39,P19440,93.3,225,15,0,1,225,345,569,1.18E-143,410
D6RBM5,Q6R6M4,94.5,183,10,0,1,183,1,183,3.87E-123,355
D6RBM5,O75604,34,103,58,3,80,172,267,369,2.43E-10,55.8
D6RBM5,Q9UK80,32.7,101,59,3,81,172,213,313,1.85E-07,47.4
D6RBM5,Q13107,43.1,51,27,1,69,119,293,341,4.97E-07,46.2
E5RG02,P03952,35.9,145,86,3,37,174,385,529,3.45E-26,101
E5RG02,Q15661,39.7,141,80,3,33,168,21,161,6.83E-25,94.7
E5RG02,P20231,39,141,81,3,33,168,21,161,5.10E-24,92.4
E5RG02,O15393,31.5,149,95,4,33,174,243,391,1.37E-23,93.6
E5RG02,P00747,37.1,143,82,4,34,170,567,707,3.85E-22,89.7
E5RG02,O60235,32.2,174,91,6,16,168,145,312,7.76E-21,85.5
F5H284,P62937,84.7,163,25,0,1,163,1,163,3.88E-103,290
F5H284,P30405,66.5,161,54,0,3,163,45,205,9.64E-81,235
F5H284,P23284,56,159,69,1,6,163,46,204,1.08E-57,177
F5H284,Q08752,53.8,169,70,1,3,163,15,183,2.67E-56,178
O15428,Q13526,90.5,63,6,0,1,63,1,63,2.56E-37,120
P0C7M8,Q07108,39.8,113,65,3,100,210,85,196,5.61E-27,99.8
P0C7M8,P06734,32.6,132,62,6,100,212,163,286,6.24E-14,66.6
P0DSN6,P59538,80.7,306,59,0,4,309,4,309,6.06E-169,468
P0DSN6,Q9NYV8,48.8,303,150,4,8,307,8,308,1.32E-73,226
P0DSN6,Q9NYW1,37.5,307,185,3,8,309,8,312,1.57E-51,169
P0DSN6,P59536,32.6,291,185,7,19,301,19,306,1.68E-25,100
P0DTE0,P59538,73.5,306,81,0,4,309,4,309,1.41E-146,412
P0DTE0,Q9NYV8,47.6,294,149,4,17,307,17,308,7.53E-70,217
P0DTE0,Q9NYW1,37.4,294,181,2,19,309,19,312,7.21E-53,173
P0DTE0,P59536,31.6,291,188,6,19,301,19,306,8.96E-27,104
Q0D2K2,P41182,31,113,78,0,15,127,14,126,3.43E-11,63.2
Q0Z7S8,P15090,64.1,131,47,0,1,131,1,131,1.85E-58,174
Q0Z7S8,P05413,55.7,131,58,0,1,131,1,131,2.22E-50,154
Q0Z7S8,O15540,53.4,131,61,0,1,131,1,131,1.58E-45,142
Q0Z7S8,Q01469,51.1,131,64,0,2,132,4,134,6.62E-43,135
Q15195,P00747,95.8,96,4,0,1,96,1,96,1.78E-56,183
Q3C1V9,Q04609,70.5,44,13,0,458,501,264,307,1.57E-12,68.2
Q3C1V9,Q9Y3Q0,31.4,86,48,1,417,502,224,298,1.57E-07,52
Q5H9B9,Q9NSY1,88.1,413,44,1,4,411,749,1161,1.14E-238,681
Q5JXB2,Q9NPD8,42.2,147,80,2,7,149,6,151,2.38E-36,121
Q5JXB2,P63146,38.5,130,79,1,7,136,8,136,2.09E-30,105
Q5NE16,P07711,68.8,109,24,3,1,99,56,164,3.10E-40,137
Q5NE16,O60911,63.3,109,30,3,1,99,56,164,1.69E-34,122
Q5NE16,P43235,36.6,123,43,4,1,99,54,165,4.07E-09,52.8
Q5SQS7,P29353,36.3,102,54,6,324,420,487,582,9.47E-07,48.1
Q5SQS7,P41240,35.2,88,52,3,288,373,47,131,4.47E-06,45.8
Q5TGI4,P29323,35.5,62,40,0,4,65,916,977,2.00E-08,50.1
Q5TGI4,P54760,38.3,60,37,0,6,65,912,971,2.69E-08,49.7
Q5TGI4,P54762,33.3,60,40,0,6,65,916,975,2.23E-07,47
Q5TGI4,P54753,35,60,39,0,6,65,930,989,1.01E-06,45.1
Q5U4P2,Q12797,36.1,133,80,3,251,382,627,755,2.14E-19,87.4
Q5VUY2,Q6PIU2,32.2,398,247,10,23,405,13,402,1.18E-55,186
Q5VV16,Q08050,41.6,101,54,3,89,188,218,314,3.84E-17,80.9
Q5VVH2,P62942,95.4,108,5,0,1,108,1,108,1.11E-75,216
Q5VVH2,P68106,79.6,108,22,0,1,108,1,108,5.30E-65,189
Q5VVH2,P26885,50.5,91,45,0,18,108,47,137,3.35E-28,97.4
Q5VVH2,Q13451,45.9,98,53,0,11,108,41,138,1.75E-24,93.2
Q5VVH2,Q00688,40.4,109,57,2,8,108,116,224,1.30E-23,87.8
Q5VVH2,Q9NWM8,40.9,93,51,3,18,107,43,134,1.61E-17,71.6
Q5VXM1,Q9Y6L7,33.8,269,133,3,30,254,464,731,1.37E-45,167
Q5VXM1,O43897,32.2,276,140,4,30,259,462,736,6.28E-42,156
Q5VXM1,P13497,32.6,276,139,4,30,259,435,709,5.04E-41,153
Q5VXM1,O14786,33.3,261,151,10,8,252,9,262,1.70E-32,128
Q5VZ18,P29353,30.4,112,60,4,390,494,483,583,1.19E-06,48.1
Q5W064,P38571,54,363,166,1,1,363,35,396,1.12E-143,410
Q6IE37,P01023,30.7,762,421,11,88,753,111,861,3.90E-109,372
Q6NSI1,Q9UI32,39.7,63,37,1,42,104,479,540,9.19E-06,44.3
Q6P575,P08236,69.2,198,35,2,73,269,70,242,1.87E-84,263
Q6PK57,Q05193,76.8,95,18,1,7,101,634,724,6.03E-38,131
Q6PK57,P50570,58.3,96,36,1,6,101,627,718,8.51E-26,97.1
Q6T311,P84077,35.6,132,82,2,16,145,15,145,1.51E-20,81.6
Q6UXR4,P08185,37.2,269,149,1,49,297,39,307,1.05E-49,167
Q6ZMU1,P01024,31.5,438,169,10,4,314,764,1197,1.52E-50,179
Q6ZMU1,P01031,33.3,114,69,2,3,116,765,871,1.99E-18,84.3
Q6ZQN5,Q12778,37.9,124,59,3,106,213,164,285,1.21E-15,74.7
Q6ZQN5,O43524,45,80,37,2,106,180,161,238,1.28E-14,71.6
Q6ZS02,Q05193,75.8,62,11,1,30,91,635,692,1.70E-20,86.7
Q6ZS02,P50570,48.9,90,42,1,30,119,629,714,1.17E-16,75.5
Q6ZSU1,P33261,54.2,144,66,0,1,144,345,488,9.91E-55,176
Q6ZSU1,P11509,54.8,146,66,0,1,146,349,494,2.10E-54,175
Q6ZSU1,P11712,54.9,144,65,0,1,144,345,488,7.56E-54,174
Q6ZSU1,P10632,54.2,144,66,0,1,144,345,488,1.59E-52,170
Q6ZSU1,P10635,51.7,151,62,4,1,146,353,497,3.89E-42,143
Q6ZSU1,P51589,54,113,51,1,1,113,359,470,8.29E-37,129
Q6ZSU1,P08686,35.3,139,79,3,1,132,342,476,6.75E-20,82
Q6ZSU1,P04798,36.9,130,77,3,1,127,365,492,6.88E-20,82
Q6ZSU1,P05177,33.8,130,82,2,1,127,365,493,3.90E-18,77
Q6ZSU1,P05093,33.1,130,81,2,8,135,357,482,1.83E-17,75.1
Q75LS8,Q9NWM8,40.9,88,40,2,2,89,89,164,3.73E-15,66.6
Q75LS8,P26885,55.3,47,21,0,2,48,90,136,6.25E-14,62
Q86U17,P08185,41.1,377,213,5,47,420,35,405,6.28E-93,283
Q86U17,P20848,39.7,375,220,3,46,419,49,418,1.43E-79,249
Q86U17,P50454,22.8,368,269,8,58,419,51,409,1.12E-24,102
Q86VZ2,P61964,87.7,333,37,1,1,329,1,333,1.25E-59,192
Q86YG4,P49902,65.3,389,131,2,5,389,35,423,1.59E-181,515
Q8IWF7,P61077,69.3,75,21,1,1,73,1,75,1.05E-33,110
Q8MH63,Q01650,93.9,179,11,0,1,179,1,179,1.19E-110,322
Q8MH63,Q9UPY5,55.1,138,61,1,37,174,32,168,2.21E-48,161
Q8N239,Q14145,22.1,420,259,9,22,432,70,430,1.09E-16,80.9
Q8N4S7,Q96A54,27.5,284,152,10,8,258,93,355,3.22E-17,77.8
Q8N4S7,Q86V24,28,275,141,12,16,255,112,364,6.29E-17,77
Q8NBP5,Q96NT5,36.6,112,54,4,90,189,95,201,4.24E-07,49.3
Q8NH21,P29275,24.7,295,178,9,32,294,22,304,2.27E-11,60.8
Q8NH21,P41968,27,115,76,2,35,142,56,169,1.07E-06,46.6
Q8WTZ4,Q9Y2D0,86.1,36,5,0,27,62,153,188,3.30E-15,69.7
Q8WTZ4,P35218,34,162,79,9,27,181,153,293,4.89E-11,57.8
Q8WTZ4,P07451,51.3,39,18,1,27,65,117,154,2.92E-07,46.6
Q8WTZ4,P00915,44.7,38,21,0,27,64,118,155,7.25E-07,45.4
Q8WWF6,P31689,44.4,144,55,4,4,138,7,134,9.47E-28,103
Q96IW2,P16333,35.7,84,50,3,239,321,281,361,1.15E-07,50.1
Q96IW2,P42685,35.3,85,52,2,235,317,111,194,2.35E-06,46.2
Q96MD7,P51957,78.3,46,10,0,110,155,457,502,5.37E-15,69.3
Q96MD7,Q92918,77.1,35,8,0,115,149,798,832,2.66E-09,52.8
Q9BTX7,P49638,39.9,223,130,3,76,295,47,268,2.71E-49,164
Q9BX51,P19440,96,225,9,0,1,225,345,569,2.40E-148,422
Q9BYD9,P61160,36.9,382,219,6,8,369,9,388,4.47E-88,268
Q9H6N6,Q9UKX2,41.5,282,165,0,720,1001,1563,1844,5.59E-36,145
Q9H6N6,P35580,49.4,87,44,0,2,88,815,901,4.15E-15,77.8
Q9H6N6,P35579,50.6,87,43,0,2,88,808,894,8.13E-14,73.6
Q9H6N6,Q7Z406,43.7,87,49,0,2,88,832,918,2.74E-12,68.6
Q9NRX3,O00483,66.7,75,24,1,13,87,8,81,2.57E-34,110
Q9NXS3,Q14145,36.3,386,229,6,17,396,59,433,1.10E-65,223
A0A087WV53,Q15746,27.2,92,67,0,54,145,1809,1900,1.31E-11,61.2
A0A096LPI5,Q92918,77.8,36,8,0,59,94,797,832,8.78E-12,57.4
A6NIU2,Q9UHC9,46.2,52,20,1,5,48,1023,1074,7.65E-08,44.7
Q6P435,Q96Q15,95.1,163,4,1,1,159,1,163,5.41E-92,289
Q8N8J0,P42356,47,538,9,1,1,262,1258,1795,5.25E-129,400
